"scenario","model","draw","value"
"all_positive","tri_sign",1,0.36321607
"all_positive","tri_sign",5,0.33706722
"all_positive","tri_sign",9,0.32911298
"all_positive","tri_sign",13,0.093580789
"all_positive","tri_sign",17,0.36124606
"all_positive","tri_sign",21,0.05936186
"all_positive","tri_sign",25,0.38075934
"all_positive","tri_sign",29,0.19027857
"all_positive","tri_sign",33,0.51354619
"all_positive","tri_sign",37,0.22628347
"all_positive","tri_sign",41,0.12286263
"all_positive","tri_sign",45,0.22796378
"all_positive","tri_sign",49,0.3728803
"all_positive","tri_sign",53,0.46603972
"all_positive","tri_sign",57,0.60115831
"all_positive","tri_sign",61,0.18444545
"all_positive","tri_sign",65,0.34674624
"all_positive","tri_sign",69,0.081381788
"all_positive","tri_sign",73,0.5234432
"all_positive","tri_sign",77,0.65116068
"all_positive","tri_sign",81,0.42210182
"all_positive","tri_sign",85,0.031363518
"all_positive","tri_sign",89,0.24621373
"all_positive","tri_sign",93,0.30983339
"all_positive","tri_sign",97,0.79117799
"all_positive","tri_sign",101,0.81549584
"all_positive","tri_sign",105,0.71862647
"all_positive","tri_sign",109,0.58394996
"all_positive","tri_sign",113,0.55647618
"all_positive","tri_sign",117,0.59101345
"all_positive","tri_sign",121,0.32537628
"all_positive","tri_sign",125,0.50739876
"all_positive","tri_sign",129,0.052290628
"all_positive","tri_sign",133,0.41832562
"all_positive","tri_sign",137,0.096281119
"all_positive","tri_sign",141,0.34265988
"all_positive","tri_sign",145,0.071933393
"all_positive","tri_sign",149,0.033449023
"all_positive","tri_sign",153,0.57557472
"all_positive","tri_sign",157,0.26135754
"all_positive","tri_sign",161,0.26342861
"all_positive","tri_sign",165,0.42796368
"all_positive","tri_sign",169,0.29968276
"all_positive","tri_sign",173,0.5973979
"all_positive","tri_sign",177,0.45145051
"all_positive","tri_sign",181,0.085974189
"all_positive","tri_sign",185,0.39372896
"all_positive","tri_sign",189,0.49863967
"all_positive","tri_sign",193,0.14374367
"all_positive","tri_sign",197,0.22522494
"all_positive","tri_sign",201,0.16101085
"all_positive","tri_sign",205,0.14684165
"all_positive","tri_sign",209,0.27449194
"all_positive","tri_sign",213,0.78889837
"all_positive","tri_sign",217,0.60237281
"all_positive","tri_sign",221,0.47778434
"all_positive","tri_sign",225,0.20267364
"all_positive","tri_sign",229,0.52076568
"all_positive","tri_sign",233,0.52879204
"all_positive","tri_sign",237,0.22023457
"all_positive","tri_sign",241,0.5716426
"all_positive","tri_sign",245,0.18916348
"all_positive","tri_sign",249,0.15616722
"all_positive","tri_sign",253,0.74716515
"all_positive","tri_sign",257,0.66328235
"all_positive","tri_sign",261,0.10075141
"all_positive","tri_sign",265,0.56508786
"all_positive","tri_sign",269,0.34142787
"all_positive","tri_sign",273,0.64110837
"all_positive","tri_sign",277,0.34863441
"all_positive","tri_sign",281,0.081472341
"all_positive","tri_sign",285,0.28032816
"all_positive","tri_sign",289,0.045387645
"all_positive","tri_sign",293,0.29547154
"all_positive","tri_sign",297,0.48725079
"all_positive","tri_sign",301,0.15870715
"all_positive","tri_sign",305,0.20403668
"all_positive","tri_sign",309,0.24359877
"all_positive","tri_sign",313,0.35414506
"all_positive","tri_sign",317,0.14809401
"all_positive","tri_sign",321,0.42082909
"all_positive","tri_sign",325,0.53982866
"all_positive","tri_sign",329,0.08759596
"all_positive","tri_sign",333,0.4625527
"all_positive","tri_sign",337,0.74246557
"all_positive","tri_sign",341,0.81361103
"all_positive","tri_sign",345,0.59980614
"all_positive","tri_sign",349,0.1761641
"all_positive","tri_sign",353,0.31268578
"all_positive","tri_sign",357,0.61423442
"all_positive","tri_sign",361,0.18166579
"all_positive","tri_sign",365,0.24489099
"all_positive","tri_sign",369,0.21081946
"all_positive","tri_sign",373,0.12374233
"all_positive","tri_sign",377,0.068441129
"all_positive","tri_sign",381,0.65332332
"all_positive","tri_sign",385,0.50933752
"all_positive","tri_sign",389,0.56823099
"all_positive","tri_sign",393,0.58308183
"all_positive","tri_sign",397,0.24063765
"all_positive","tri_sign",401,0.32201139
"all_positive","tri_sign",405,0.14965422
"all_positive","tri_sign",409,0.25596161
"all_positive","tri_sign",413,0.37148074
"all_positive","tri_sign",417,0.26347014
"all_positive","tri_sign",421,0.096195824
"all_positive","tri_sign",425,0.1362008
"all_positive","tri_sign",429,0.48893981
"all_positive","tri_sign",433,0.21764249
"all_positive","tri_sign",437,0.10631746
"all_positive","tri_sign",441,0.11931383
"all_positive","tri_sign",445,0.2636405
"all_positive","tri_sign",449,0.28615341
"all_positive","tri_sign",453,0.1814715
"all_positive","tri_sign",457,0.44359148
"all_positive","tri_sign",461,0.27444728
"all_positive","tri_sign",465,0.3874476
"all_positive","tri_sign",469,0.35093037
"all_positive","tri_sign",473,0.44188973
"all_positive","tri_sign",477,0.31430047
"all_positive","tri_sign",481,0.49468854
"all_positive","tri_sign",485,0.51362765
"all_positive","tri_sign",489,0.13749567
"all_positive","tri_sign",493,0.18043342
"all_positive","tri_sign",497,0.50467289
"all_positive","tri_sign",501,0.51575856
"all_positive","tri_sign",505,0.0049581881
"all_positive","tri_sign",509,0.27537228
"all_positive","tri_sign",513,0.3415679
"all_positive","tri_sign",517,0.23691507
"all_positive","tri_sign",521,0.45469826
"all_positive","tri_sign",525,0.15599591
"all_positive","tri_sign",529,0.54287659
"all_positive","tri_sign",533,0.18427267
"all_positive","tri_sign",537,0.18927071
"all_positive","tri_sign",541,0.068339692
"all_positive","tri_sign",545,0.49404697
"all_positive","tri_sign",549,0.49778396
"all_positive","tri_sign",553,0.59320187
"all_positive","tri_sign",557,0.24720482
"all_positive","tri_sign",561,0.15198669
"all_positive","tri_sign",565,0.59333462
"all_positive","tri_sign",569,0.6774984
"all_positive","tri_sign",573,0.35836983
"all_positive","tri_sign",577,0.15137133
"all_positive","tri_sign",581,0.20547554
"all_positive","tri_sign",585,0.14827787
"all_positive","tri_sign",589,0.10159049
"all_positive","tri_sign",593,0.054902522
"all_positive","tri_sign",597,0.69526414
"all_positive","tri_sign",601,0.62751235
"all_positive","tri_sign",605,0.13596709
"all_positive","tri_sign",609,0.5751528
"all_positive","tri_sign",613,0.3124236
"all_positive","tri_sign",617,0.0087759186
"all_positive","tri_sign",621,0.461399
"all_positive","tri_sign",625,0.36463532
"all_positive","tri_sign",629,0.38791059
"all_positive","tri_sign",633,0.48473521
"all_positive","tri_sign",637,0.32455872
"all_positive","tri_sign",641,0.23213912
"all_positive","tri_sign",645,0.51928624
"all_positive","tri_sign",649,0.11475304
"all_positive","tri_sign",653,0.043913759
"all_positive","tri_sign",657,0.52658727
"all_positive","tri_sign",661,0.40985449
"all_positive","tri_sign",665,0.026309826
"all_positive","tri_sign",669,0.074888127
"all_positive","tri_sign",673,0.84828415
"all_positive","tri_sign",677,0.27999225
"all_positive","tri_sign",681,0.2380713
"all_positive","tri_sign",685,0.16708403
"all_positive","tri_sign",689,0.26401947
"all_positive","tri_sign",693,0.54368493
"all_positive","tri_sign",697,0.77523636
"all_positive","tri_sign",701,0.046227292
"all_positive","tri_sign",705,0.62920433
"all_positive","tri_sign",709,0.60560035
"all_positive","tri_sign",713,0.15272989
"all_positive","tri_sign",717,0.28050711
"all_positive","tri_sign",721,0.16075398
"all_positive","tri_sign",725,0.47175724
"all_positive","tri_sign",729,0.1649774
"all_positive","tri_sign",733,0.25694716
"all_positive","tri_sign",737,0.53113079
"all_positive","tri_sign",741,0.66164532
"all_positive","tri_sign",745,0.46189937
"all_positive","tri_sign",749,0.51973268
"all_positive","tri_sign",753,0.23826645
"all_positive","tri_sign",757,0.19258068
"all_positive","tri_sign",761,0.25470661
"all_positive","tri_sign",765,0.42004593
"all_positive","tri_sign",769,0.22318614
"all_positive","tri_sign",773,0.065858604
"all_positive","tri_sign",777,0.31057058
"all_positive","tri_sign",781,0.18712147
"all_positive","tri_sign",785,0.080186794
"all_positive","tri_sign",789,0.37058675
"all_positive","tri_sign",793,0.54909915
"all_positive","tri_sign",797,0.020736052
"all_positive","tri_sign",801,0.53672987
"all_positive","tri_sign",805,0.1049598
"all_positive","tri_sign",809,0.37257188
"all_positive","tri_sign",813,0.42672438
"all_positive","tri_sign",817,0.016429536
"all_positive","tri_sign",821,0.3657779
"all_positive","tri_sign",825,0.32959907
"all_positive","tri_sign",829,0.018285716
"all_positive","tri_sign",833,0.30756023
"all_positive","tri_sign",837,0.62075722
"all_positive","tri_sign",841,0.305095
"all_positive","tri_sign",845,0.59224031
"all_positive","tri_sign",849,0.13107315
"all_positive","tri_sign",853,0.042080109
"all_positive","tri_sign",857,0.33368427
"all_positive","tri_sign",861,0.020459139
"all_positive","tri_sign",865,0.23940644
"all_positive","tri_sign",869,0.15181764
"all_positive","tri_sign",873,0.2118435
"all_positive","tri_sign",877,0.7641747
"all_positive","tri_sign",881,0.8186283
"all_positive","tri_sign",885,0.49304574
"all_positive","tri_sign",889,0.06738329
"all_positive","tri_sign",893,0.15220071
"all_positive","tri_sign",897,0.20437573
"all_positive","tri_sign",901,0.53566113
"all_positive","tri_sign",905,0.51326735
"all_positive","tri_sign",909,0.083311752
"all_positive","tri_sign",913,0.59559618
"all_positive","tri_sign",917,0.84398892
"all_positive","tri_sign",921,0.15614039
"all_positive","tri_sign",925,0.68704435
"all_positive","tri_sign",929,0.78534095
"all_positive","tri_sign",933,0.50915889
"all_positive","tri_sign",937,0.3579231
"all_positive","tri_sign",941,0.63714263
"all_positive","tri_sign",945,0.40948534
"all_positive","tri_sign",949,0.31130051
"all_positive","tri_sign",953,0.53995791
"all_positive","tri_sign",957,0.73172108
"all_positive","tri_sign",961,0.32750125
"all_positive","tri_sign",965,0.19244614
"all_positive","tri_sign",969,0.5405011
"all_positive","tri_sign",973,0.4011917
"all_positive","tri_sign",977,0.70937918
"all_positive","tri_sign",981,0.3280237
"all_positive","tri_sign",985,0.21067567
"all_positive","tri_sign",989,0.50055962
"all_positive","tri_sign",993,0.6531644
"all_positive","tri_sign",997,0.47020348
"all_positive","tri_sign",1002,0.34664254
"all_positive","tri_sign",1006,0.43336954
"all_positive","tri_sign",1010,0.15559163
"all_positive","tri_sign",1014,0.25071046
"all_positive","tri_sign",1018,0.025463656
"all_positive","tri_sign",1022,0.11424182
"all_positive","tri_sign",1026,0.13629644
"all_positive","tri_sign",1030,0.67124534
"all_positive","tri_sign",1034,0.50742103
"all_positive","tri_sign",1038,0.2827152
"all_positive","tri_sign",1042,0.3121852
"all_positive","tri_sign",1046,0.50159801
"all_positive","tri_sign",1050,0.26086454
"all_positive","tri_sign",1054,0.54338274
"all_positive","tri_sign",1058,0.51588727
"all_positive","tri_sign",1062,0.35506343
"all_positive","tri_sign",1066,0.032634589
"all_positive","tri_sign",1070,0.014287816
"all_positive","tri_sign",1074,0.38431459
"all_positive","tri_sign",1078,0.090534397
"all_positive","tri_sign",1082,0.26245142
"all_positive","tri_sign",1086,0.078527485
"all_positive","tri_sign",1090,0.63300059
"all_positive","tri_sign",1094,0.53553799
"all_positive","tri_sign",1098,0.16628938
"all_positive","tri_sign",1102,0.056213482
"all_positive","tri_sign",1106,0.37001688
"all_positive","tri_sign",1110,0.34882446
"all_positive","tri_sign",1114,0.33609899
"all_positive","tri_sign",1118,0.20433717
"all_positive","tri_sign",1122,0.26865291
"all_positive","tri_sign",1126,0.54640341
"all_positive","tri_sign",1130,0.18146424
"all_positive","tri_sign",1134,0.37358096
"all_positive","tri_sign",1138,0.46727645
"all_positive","tri_sign",1142,0.40815179
"all_positive","tri_sign",1146,0.56203755
"all_positive","tri_sign",1150,0.16166956
"all_positive","tri_sign",1154,0.17246756
"all_positive","tri_sign",1158,0.039504026
"all_positive","tri_sign",1162,0.031686524
"all_positive","tri_sign",1166,0.61338637
"all_positive","tri_sign",1170,0.19313658
"all_positive","tri_sign",1174,0.54796786
"all_positive","tri_sign",1178,0.30443578
"all_positive","tri_sign",1182,0.21246257
"all_positive","tri_sign",1186,0.45249395
"all_positive","tri_sign",1190,0.082970534
"all_positive","tri_sign",1194,0.34033069
"all_positive","tri_sign",1198,0.092920512
"all_positive","tri_sign",1202,0.50872393
"all_positive","tri_sign",1206,0.29040177
"all_positive","tri_sign",1210,0.062429111
"all_positive","tri_sign",1214,0.14191749
"all_positive","tri_sign",1218,0.12610731
"all_positive","tri_sign",1222,0.63361901
"all_positive","tri_sign",1226,0.58445135
"all_positive","tri_sign",1230,0.30769911
"all_positive","tri_sign",1234,0.14543837
"all_positive","tri_sign",1238,0.3105208
"all_positive","tri_sign",1242,0.18185407
"all_positive","tri_sign",1246,0.23535651
"all_positive","tri_sign",1250,0.33524931
"all_positive","tri_sign",1254,0.35300084
"all_positive","tri_sign",1258,0.31596805
"all_positive","tri_sign",1262,0.33422562
"all_positive","tri_sign",1266,0.16610004
"all_positive","tri_sign",1270,0.0070685826
"all_positive","tri_sign",1274,0.51157875
"all_positive","tri_sign",1278,0.12796069
"all_positive","tri_sign",1282,0.021283761
"all_positive","tri_sign",1286,0.70710037
"all_positive","tri_sign",1290,0.42922294
"all_positive","tri_sign",1294,0.063324421
"all_positive","tri_sign",1298,0.26843935
"all_positive","tri_sign",1302,0.46194482
"all_positive","tri_sign",1306,0.068913845
"all_positive","tri_sign",1310,0.23045754
"all_positive","tri_sign",1314,0.65778513
"all_positive","tri_sign",1318,0.19289064
"all_positive","tri_sign",1322,0.22045287
"all_positive","tri_sign",1326,0.23427474
"all_positive","tri_sign",1330,0.10746654
"all_positive","tri_sign",1334,0.42528402
"all_positive","tri_sign",1338,0.41853981
"all_positive","tri_sign",1342,0.32846079
"all_positive","tri_sign",1346,0.56151353
"all_positive","tri_sign",1350,0.17511742
"all_positive","tri_sign",1354,0.41627119
"all_positive","tri_sign",1358,0.49735445
"all_positive","tri_sign",1362,0.14243286
"all_positive","tri_sign",1366,0.27784926
"all_positive","tri_sign",1370,0.092329569
"all_positive","tri_sign",1374,0.48360092
"all_positive","tri_sign",1378,0.5141957
"all_positive","tri_sign",1382,0.16576119
"all_positive","tri_sign",1386,0.1853704
"all_positive","tri_sign",1390,0.61839484
"all_positive","tri_sign",1394,0.52415028
"all_positive","tri_sign",1398,0.15553548
"all_positive","tri_sign",1402,0.12869364
"all_positive","tri_sign",1406,0.3194992
"all_positive","tri_sign",1410,0.30004541
"all_positive","tri_sign",1414,0.013011112
"all_positive","tri_sign",1418,0.15110782
"all_positive","tri_sign",1422,0.52004744
"all_positive","tri_sign",1426,0.45347565
"all_positive","tri_sign",1430,0.67428241
"all_positive","tri_sign",1434,0.35295765
"all_positive","tri_sign",1438,0.27626163
"all_positive","tri_sign",1442,0.033810068
"all_positive","tri_sign",1446,0.53246618
"all_positive","tri_sign",1450,0.1117788
"all_positive","tri_sign",1454,0.10636761
"all_positive","tri_sign",1458,0.32914254
"all_positive","tri_sign",1462,0.31123698
"all_positive","tri_sign",1466,0.099582788
"all_positive","tri_sign",1470,0.26706414
"all_positive","tri_sign",1474,0.55916756
"all_positive","tri_sign",1478,0.91317561
"all_positive","tri_sign",1482,0.52648608
"all_positive","tri_sign",1486,0.7461692
"all_positive","tri_sign",1490,0.55911441
"all_positive","tri_sign",1494,0.39819528
"all_positive","tri_sign",1498,0.34795536
"all_positive","tri_sign",1502,0.57546306
"all_positive","tri_sign",1506,0.038546923
"all_positive","tri_sign",1510,0.23713556
"all_positive","tri_sign",1514,0.016248001
"all_positive","tri_sign",1518,0.070700521
"all_positive","tri_sign",1522,0.33793195
"all_positive","tri_sign",1526,0.00026644376
"all_positive","tri_sign",1530,0.72060239
"all_positive","tri_sign",1534,0.12404013
"all_positive","tri_sign",1538,0.31014209
"all_positive","tri_sign",1542,0.01674278
"all_positive","tri_sign",1546,0.063127944
"all_positive","tri_sign",1550,0.30599662
"all_positive","tri_sign",1554,0.15049467
"all_positive","tri_sign",1558,0.5392604
"all_positive","tri_sign",1562,0.31973877
"all_positive","tri_sign",1566,0.59639785
"all_positive","tri_sign",1570,0.20116569
"all_positive","tri_sign",1574,0.36764223
"all_positive","tri_sign",1578,0.30003768
"all_positive","tri_sign",1582,0.6186382
"all_positive","tri_sign",1586,0.30009829
"all_positive","tri_sign",1590,0.34329272
"all_positive","tri_sign",1594,0.26563968
"all_positive","tri_sign",1598,0.66822735
"all_positive","tri_sign",1602,0.23722251
"all_positive","tri_sign",1606,0.28234886
"all_positive","tri_sign",1610,0.47193991
"all_positive","tri_sign",1614,0.075699894
"all_positive","tri_sign",1618,0.82174173
"all_positive","tri_sign",1622,0.056446362
"all_positive","tri_sign",1626,0.36279871
"all_positive","tri_sign",1630,0.17474303
"all_positive","tri_sign",1634,0.15782903
"all_positive","tri_sign",1638,0.072870589
"all_positive","tri_sign",1642,0.47691622
"all_positive","tri_sign",1646,0.067854832
"all_positive","tri_sign",1650,0.35296557
"all_positive","tri_sign",1654,0.038746073
"all_positive","tri_sign",1658,0.51384407
"all_positive","tri_sign",1662,0.2999832
"all_positive","tri_sign",1666,0.66684016
"all_positive","tri_sign",1670,0.31358889
"all_positive","tri_sign",1674,0.10463737
"all_positive","tri_sign",1678,0.21261778
"all_positive","tri_sign",1682,0.37207606
"all_positive","tri_sign",1686,0.80184363
"all_positive","tri_sign",1690,0.32461503
"all_positive","tri_sign",1694,0.83270624
"all_positive","tri_sign",1698,0.18318025
"all_positive","tri_sign",1702,0.56025705
"all_positive","tri_sign",1706,0.75815125
"all_positive","tri_sign",1710,0.41880903
"all_positive","tri_sign",1714,0.031329339
"all_positive","tri_sign",1718,0.62443351
"all_positive","tri_sign",1722,0.14283873
"all_positive","tri_sign",1726,0.39092439
"all_positive","tri_sign",1730,0.13774226
"all_positive","tri_sign",1734,0.10129945
"all_positive","tri_sign",1738,0.54243064
"all_positive","tri_sign",1742,0.3226667
"all_positive","tri_sign",1746,0.61042039
"all_positive","tri_sign",1750,0.13605623
"all_positive","tri_sign",1754,0.44134067
"all_positive","tri_sign",1758,0.055999344
"all_positive","tri_sign",1762,0.35260557
"all_positive","tri_sign",1766,0.24410765
"all_positive","tri_sign",1770,0.15159967
"all_positive","tri_sign",1774,0.50300272
"all_positive","tri_sign",1778,0.47210752
"all_positive","tri_sign",1782,0.64309881
"all_positive","tri_sign",1786,0.13539758
"all_positive","tri_sign",1790,0.086382171
"all_positive","tri_sign",1794,0.077504786
"all_positive","tri_sign",1798,0.55999541
"all_positive","tri_sign",1802,0.032952781
"all_positive","tri_sign",1806,0.42515705
"all_positive","tri_sign",1810,0.38121624
"all_positive","tri_sign",1814,0.028241145
"all_positive","tri_sign",1818,0.035774919
"all_positive","tri_sign",1822,0.46193013
"all_positive","tri_sign",1826,0.22399538
"all_positive","tri_sign",1830,0.48701953
"all_positive","tri_sign",1834,0.33873691
"all_positive","tri_sign",1838,0.33628309
"all_positive","tri_sign",1842,0.4238164
"all_positive","tri_sign",1846,0.051034561
"all_positive","tri_sign",1850,0.38612494
"all_positive","tri_sign",1854,0.1922732
"all_positive","tri_sign",1858,0.0029250933
"all_positive","tri_sign",1862,0.28879185
"all_positive","tri_sign",1866,0.42170659
"all_positive","tri_sign",1870,0.27571693
"all_positive","tri_sign",1874,0.21404265
"all_positive","tri_sign",1878,0.42730063
"all_positive","tri_sign",1882,0.50540844
"all_positive","tri_sign",1886,0.142992
"all_positive","tri_sign",1890,0.11572035
"all_positive","tri_sign",1894,0.58140749
"all_positive","tri_sign",1898,0.53390489
"all_positive","tri_sign",1902,0.70575453
"all_positive","tri_sign",1906,0.54723986
"all_positive","tri_sign",1910,0.51320019
"all_positive","tri_sign",1914,0.70847612
"all_positive","tri_sign",1918,0.31611422
"all_positive","tri_sign",1922,0.2440649
"all_positive","tri_sign",1926,0.56889584
"all_positive","tri_sign",1930,0.038579771
"all_positive","tri_sign",1934,0.27952678
"all_positive","tri_sign",1938,0.37722274
"all_positive","tri_sign",1942,0.5641795
"all_positive","tri_sign",1946,0.63769405
"all_positive","tri_sign",1950,0.26122548
"all_positive","tri_sign",1954,0.20875128
"all_positive","tri_sign",1958,0.098447857
"all_positive","tri_sign",1962,0.35870662
"all_positive","tri_sign",1966,0.58923512
"all_positive","tri_sign",1970,0.20207025
"all_positive","tri_sign",1974,0.7199489
"all_positive","tri_sign",1978,0.41923841
"all_positive","tri_sign",1982,0.14881565
"all_positive","tri_sign",1986,0.22126548
"all_positive","tri_sign",1990,0.08792667
"all_positive","tri_sign",1994,0.22281012
"all_positive","tri_sign",1998,0.47154924
"all_positive","tri_sign",2002,0.11106858
"all_positive","tri_sign",2006,0.80631518
"all_positive","tri_sign",2010,0.66540755
"all_positive","tri_sign",2014,0.049297994
"all_positive","tri_sign",2018,0.23052316
"all_positive","tri_sign",2022,0.027912756
"all_positive","tri_sign",2026,0.086141674
"all_positive","tri_sign",2030,0.55044693
"all_positive","tri_sign",2034,0.0048775944
"all_positive","tri_sign",2038,0.15986829
"all_positive","tri_sign",2042,0.70488467
"all_positive","tri_sign",2046,0.46101556
"all_positive","tri_sign",2050,0.59791689
"all_positive","tri_sign",2054,0.30382378
"all_positive","tri_sign",2058,0.20087764
"all_positive","tri_sign",2062,0.54562043
"all_positive","tri_sign",2066,0.51728571
"all_positive","tri_sign",2070,0.40204487
"all_positive","tri_sign",2074,0.24925733
"all_positive","tri_sign",2078,0.58870206
"all_positive","tri_sign",2082,0.68933618
"all_positive","tri_sign",2086,0.44704516
"all_positive","tri_sign",2090,0.59752885
"all_positive","tri_sign",2094,0.65830931
"all_positive","tri_sign",2098,0.25060148
"all_positive","tri_sign",2102,0.56829153
"all_positive","tri_sign",2106,0.25352921
"all_positive","tri_sign",2110,0.58185639
"all_positive","tri_sign",2114,0.57315325
"all_positive","tri_sign",2118,0.20507642
"all_positive","tri_sign",2122,0.63533729
"all_positive","tri_sign",2126,0.071515596
"all_positive","tri_sign",2130,0.70436834
"all_positive","tri_sign",2134,0.13637531
"all_positive","tri_sign",2138,0.052490818
"all_positive","tri_sign",2142,0.18072896
"all_positive","tri_sign",2146,0.095564734
"all_positive","tri_sign",2150,0.57136601
"all_positive","tri_sign",2154,0.46985397
"all_positive","tri_sign",2158,0.5812728
"all_positive","tri_sign",2162,0.47667498
"all_positive","tri_sign",2166,0.10807557
"all_positive","tri_sign",2170,0.45996792
"all_positive","tri_sign",2174,0.80695326
"all_positive","tri_sign",2178,0.54495363
"all_positive","tri_sign",2182,0.081558602
"all_positive","tri_sign",2186,0.29064143
"all_positive","tri_sign",2190,0.36180128
"all_positive","tri_sign",2194,0.4098335
"all_positive","tri_sign",2198,0.33345128
"all_positive","tri_sign",2202,0.59756734
"all_positive","tri_sign",2206,0.489356
"all_positive","tri_sign",2210,0.22680207
"all_positive","tri_sign",2214,0.84823632
"all_positive","tri_sign",2218,0.7751485
"all_positive","tri_sign",2222,0.21725017
"all_positive","tri_sign",2226,0.36909811
"all_positive","tri_sign",2230,0.42537844
"all_positive","tri_sign",2234,0.19690279
"all_positive","tri_sign",2238,0.24953375
"all_positive","tri_sign",2242,0.37741422
"all_positive","tri_sign",2246,0.44987119
"all_positive","tri_sign",2250,0.5606745
"all_positive","tri_sign",2254,0.0044625238
"all_positive","tri_sign",2258,0.059901966
"all_positive","tri_sign",2262,0.17201352
"all_positive","tri_sign",2266,0.17171332
"all_positive","tri_sign",2270,0.16252715
"all_positive","tri_sign",2274,0.11113452
"all_positive","tri_sign",2278,0.18810806
"all_positive","tri_sign",2282,0.16789881
"all_positive","tri_sign",2286,0.31421298
"all_positive","tri_sign",2290,0.2324104
"all_positive","tri_sign",2294,0.27057267
"all_positive","tri_sign",2298,0.026962899
"all_positive","tri_sign",2302,0.019520527
"all_positive","tri_sign",2306,0.71927143
"all_positive","tri_sign",2310,0.25996898
"all_positive","tri_sign",2314,0.42076579
"all_positive","tri_sign",2318,0.2471296
"all_positive","tri_sign",2322,0.25634791
"all_positive","tri_sign",2326,0.23740439
"all_positive","tri_sign",2330,0.3164108
"all_positive","tri_sign",2334,0.44517251
"all_positive","tri_sign",2338,0.40528902
"all_positive","tri_sign",2342,0.28430429
"all_positive","tri_sign",2346,0.19272518
"all_positive","tri_sign",2350,0.54053234
"all_positive","tri_sign",2354,0.27225854
"all_positive","tri_sign",2358,0.16707767
"all_positive","tri_sign",2362,0.0051384181
"all_positive","tri_sign",2366,0.24774386
"all_positive","tri_sign",2370,0.2944355
"all_positive","tri_sign",2374,0.15092572
"all_positive","tri_sign",2378,0.77252548
"all_positive","tri_sign",2382,0.34857147
"all_positive","tri_sign",2386,0.38585453
"all_positive","tri_sign",2390,0.28260535
"all_positive","tri_sign",2394,0.68240646
"all_positive","tri_sign",2398,0.61728795
"all_positive","tri_sign",2402,0.4316263
"all_positive","tri_sign",2406,0.5043307
"all_positive","tri_sign",2410,0.69610041
"all_positive","tri_sign",2414,0.43653314
"all_positive","tri_sign",2418,0.65556158
"all_positive","tri_sign",2422,0.27453367
"all_positive","tri_sign",2426,0.12881491
"all_positive","tri_sign",2430,0.59061042
"all_positive","tri_sign",2434,0.32891297
"all_positive","tri_sign",2438,0.68613488
"all_positive","tri_sign",2442,0.24110935
"all_positive","tri_sign",2446,0.15967944
"all_positive","tri_sign",2450,0.47751348
"all_positive","tri_sign",2454,0.12187422
"all_positive","tri_sign",2458,0.16830793
"all_positive","tri_sign",2462,0.67797302
"all_positive","tri_sign",2466,0.32193851
"all_positive","tri_sign",2470,0.46885191
"all_positive","tri_sign",2474,0.085664131
"all_positive","tri_sign",2478,0.62131037
"all_positive","tri_sign",2482,0.25363518
"all_positive","tri_sign",2486,0.3279009
"all_positive","tri_sign",2490,0.5780373
"all_positive","tri_sign",2494,0.39416279
"all_positive","tri_sign",2498,0.33823069
"all_positive","tri_sign",2502,0.53774679
"all_positive","tri_sign",2506,0.23991711
"all_positive","tri_sign",2510,0.26699664
"all_positive","tri_sign",2514,0.35018586
"all_positive","tri_sign",2518,0.06250031
"all_positive","tri_sign",2522,0.43616765
"all_positive","tri_sign",2526,0.17053733
"all_positive","tri_sign",2530,0.04124322
"all_positive","tri_sign",2534,0.43872569
"all_positive","tri_sign",2538,0.48675775
"all_positive","tri_sign",2542,0.52083578
"all_positive","tri_sign",2546,0.61563745
"all_positive","tri_sign",2550,0.87595865
"all_positive","tri_sign",2554,0.019575682
"all_positive","tri_sign",2558,0.60224397
"all_positive","tri_sign",2562,0.22054178
"all_positive","tri_sign",2566,0.20602535
"all_positive","tri_sign",2570,0.62586023
"all_positive","tri_sign",2574,0.23472165
"all_positive","tri_sign",2578,0.7274331
"all_positive","tri_sign",2582,0.12650418
"all_positive","tri_sign",2586,0.31745319
"all_positive","tri_sign",2590,0.25517329
"all_positive","tri_sign",2594,0.24647023
"all_positive","tri_sign",2598,0.055284745
"all_positive","tri_sign",2602,0.23419622
"all_positive","tri_sign",2606,0.127024
"all_positive","tri_sign",2610,0.5463549
"all_positive","tri_sign",2614,0.49677537
"all_positive","tri_sign",2618,0.16259515
"all_positive","tri_sign",2622,0.35629267
"all_positive","tri_sign",2626,0.16583035
"all_positive","tri_sign",2630,0.058471158
"all_positive","tri_sign",2634,0.38352357
"all_positive","tri_sign",2638,0.38091473
"all_positive","tri_sign",2642,0.32845254
"all_positive","tri_sign",2646,0.036112968
"all_positive","tri_sign",2650,0.060453932
"all_positive","tri_sign",2654,0.51545736
"all_positive","tri_sign",2658,0.15778734
"all_positive","tri_sign",2662,0.8326444
"all_positive","tri_sign",2666,0.52817371
"all_positive","tri_sign",2670,0.24793954
"all_positive","tri_sign",2674,0.19754877
"all_positive","tri_sign",2678,0.15394094
"all_positive","tri_sign",2682,0.38475903
"all_positive","tri_sign",2686,0.48198607
"all_positive","tri_sign",2690,0.28017069
"all_positive","tri_sign",2694,0.20859419
"all_positive","tri_sign",2698,0.69226254
"all_positive","tri_sign",2702,0.024727606
"all_positive","tri_sign",2706,0.49062556
"all_positive","tri_sign",2710,0.0028085016
"all_positive","tri_sign",2714,0.31093007
"all_positive","tri_sign",2718,0.29514579
"all_positive","tri_sign",2722,0.40772241
"all_positive","tri_sign",2726,0.16137922
"all_positive","tri_sign",2730,0.36508988
"all_positive","tri_sign",2734,0.37268236
"all_positive","tri_sign",2738,0.27928665
"all_positive","tri_sign",2742,0.38164289
"all_positive","tri_sign",2746,0.21657849
"all_positive","tri_sign",2750,0.11060609
"all_positive","tri_sign",2754,0.18634117
"all_positive","tri_sign",2758,0.14197009
"all_positive","tri_sign",2762,0.44441869
"all_positive","tri_sign",2766,0.021656678
"all_positive","tri_sign",2770,0.085718863
"all_positive","tri_sign",2774,0.2154428
"all_positive","tri_sign",2778,0.38276852
"all_positive","tri_sign",2782,0.56802512
"all_positive","tri_sign",2786,0.85618285
"all_positive","tri_sign",2790,0.62810772
"all_positive","tri_sign",2794,0.10055022
"all_positive","tri_sign",2798,0.0599971
"all_positive","tri_sign",2802,0.057312117
"all_positive","tri_sign",2806,0.32101569
"all_positive","tri_sign",2810,0.23084027
"all_positive","tri_sign",2814,0.18366807
"all_positive","tri_sign",2818,0.62614506
"all_positive","tri_sign",2822,0.63849838
"all_positive","tri_sign",2826,0.75881802
"all_positive","tri_sign",2830,0.30895479
"all_positive","tri_sign",2834,0.59138767
"all_positive","tri_sign",2838,0.29929293
"all_positive","tri_sign",2842,0.071239254
"all_positive","tri_sign",2846,0.50259955
"all_positive","tri_sign",2850,0.36609561
"all_positive","tri_sign",2854,0.53776033
"all_positive","tri_sign",2858,0.68260485
"all_positive","tri_sign",2862,0.14251856
"all_positive","tri_sign",2866,0.5289013
"all_positive","tri_sign",2870,0.027502705
"all_positive","tri_sign",2874,0.37997911
"all_positive","tri_sign",2878,0.82387441
"all_positive","tri_sign",2882,0.34501304
"all_positive","tri_sign",2886,0.15135179
"all_positive","tri_sign",2890,0.60983235
"all_positive","tri_sign",2894,0.54870491
"all_positive","tri_sign",2898,0.37425861
"all_positive","tri_sign",2902,0.033171446
"all_positive","tri_sign",2906,0.71859302
"all_positive","tri_sign",2910,0.48059272
"all_positive","tri_sign",2914,0.53285451
"all_positive","tri_sign",2918,0.80011269
"all_positive","tri_sign",2922,0.085723176
"all_positive","tri_sign",2926,0.11149037
"all_positive","tri_sign",2930,0.72885689
"all_positive","tri_sign",2934,0.54947513
"all_positive","tri_sign",2938,0.43487557
"all_positive","tri_sign",2942,0.11789592
"all_positive","tri_sign",2946,0.046699507
"all_positive","tri_sign",2950,0.48501704
"all_positive","tri_sign",2954,0.57848014
"all_positive","tri_sign",2958,0.46974813
"all_positive","tri_sign",2962,0.31380277
"all_positive","tri_sign",2966,0.043327486
"all_positive","tri_sign",2970,0.26483796
"all_positive","tri_sign",2974,0.22050482
"all_positive","tri_sign",2978,0.44037976
"all_positive","tri_sign",2982,0.50860608
"all_positive","tri_sign",2986,0.35325657
"all_positive","tri_sign",2990,0.0039129351
"all_positive","tri_sign",2994,0.29452923
"all_positive","tri_sign",2998,0.33558683
"all_positive","tri_sign",3003,0.47738203
"all_positive","tri_sign",3007,0.18155122
"all_positive","tri_sign",3011,0.10480715
"all_positive","tri_sign",3015,0.172883
"all_positive","tri_sign",3019,0.00019773675
"all_positive","tri_sign",3023,0.19477793
"all_positive","tri_sign",3027,0.36855245
"all_positive","tri_sign",3031,0.52342349
"all_positive","tri_sign",3035,0.36224503
"all_positive","tri_sign",3039,0.72629844
"all_positive","tri_sign",3043,0.56251961
"all_positive","tri_sign",3047,0.78910791
"all_positive","tri_sign",3051,0.22790193
"all_positive","tri_sign",3055,0.61416244
"all_positive","tri_sign",3059,0.40957277
"all_positive","tri_sign",3063,0.16580662
"all_positive","tri_sign",3067,0.60969343
"all_positive","tri_sign",3071,0.32676301
"all_positive","tri_sign",3075,0.62171808
"all_positive","tri_sign",3079,0.60098127
"all_positive","tri_sign",3083,0.12884048
"all_positive","tri_sign",3087,0.37836494
"all_positive","tri_sign",3091,0.28449121
"all_positive","tri_sign",3095,0.73111703
"all_positive","tri_sign",3099,0.080113743
"all_positive","tri_sign",3103,0.5535455
"all_positive","tri_sign",3107,0.42648267
"all_positive","tri_sign",3111,0.57078164
"all_positive","tri_sign",3115,0.62755453
"all_positive","tri_sign",3119,0.42315281
"all_positive","tri_sign",3123,0.37295693
"all_positive","tri_sign",3127,0.37754976
"all_positive","tri_sign",3131,0.13936526
"all_positive","tri_sign",3135,0.38740399
"all_positive","tri_sign",3139,0.0097284748
"all_positive","tri_sign",3143,0.026018162
"all_positive","tri_sign",3147,0.25153301
"all_positive","tri_sign",3151,0.12552745
"all_positive","tri_sign",3155,0.36058192
"all_positive","tri_sign",3159,0.013757347
"all_positive","tri_sign",3163,0.16180096
"all_positive","tri_sign",3167,0.26866397
"all_positive","tri_sign",3171,0.61708159
"all_positive","tri_sign",3175,0.043192087
"all_positive","tri_sign",3179,0.31767231
"all_positive","tri_sign",3183,0.5544786
"all_positive","tri_sign",3187,0.78439456
"all_positive","tri_sign",3191,0.27583149
"all_positive","tri_sign",3195,0.53360146
"all_positive","tri_sign",3199,0.18060842
"all_positive","tri_sign",3203,0.51006324
"all_positive","tri_sign",3207,0.071299796
"all_positive","tri_sign",3211,0.33469272
"all_positive","tri_sign",3215,0.0081897362
"all_positive","tri_sign",3219,0.40106049
"all_positive","tri_sign",3223,0.70795867
"all_positive","tri_sign",3227,0.15529175
"all_positive","tri_sign",3231,0.20647667
"all_positive","tri_sign",3235,0.58636378
"all_positive","tri_sign",3239,0.86296576
"all_positive","tri_sign",3243,0.20088921
"all_positive","tri_sign",3247,0.043733657
"all_positive","tri_sign",3251,0.40947935
"all_positive","tri_sign",3255,0.33937453
"all_positive","tri_sign",3259,0.60566045
"all_positive","tri_sign",3263,0.23028719
"all_positive","tri_sign",3267,0.63110064
"all_positive","tri_sign",3271,0.37172887
"all_positive","tri_sign",3275,0.81249354
"all_positive","tri_sign",3279,0.30631178
"all_positive","tri_sign",3283,0.12151727
"all_positive","tri_sign",3287,0.72308827
"all_positive","tri_sign",3291,0.37139407
"all_positive","tri_sign",3295,0.10513133
"all_positive","tri_sign",3299,0.00045668012
"all_positive","tri_sign",3303,0.23527636
"all_positive","tri_sign",3307,0.21972429
"all_positive","tri_sign",3311,0.26597614
"all_positive","tri_sign",3315,0.53576999
"all_positive","tri_sign",3319,0.51098626
"all_positive","tri_sign",3323,0.46785893
"all_positive","tri_sign",3327,0.080342441
"all_positive","tri_sign",3331,0.56777539
"all_positive","tri_sign",3335,0.194729
"all_positive","tri_sign",3339,0.5102736
"all_positive","tri_sign",3343,0.54969287
"all_positive","tri_sign",3347,0.17032408
"all_positive","tri_sign",3351,0.2488353
"all_positive","tri_sign",3355,0.45015281
"all_positive","tri_sign",3359,0.25187345
"all_positive","tri_sign",3363,0.10404703
"all_positive","tri_sign",3367,0.4889453
"all_positive","tri_sign",3371,0.2495604
"all_positive","tri_sign",3375,0.21184889
"all_positive","tri_sign",3379,0.54038128
"all_positive","tri_sign",3383,0.20858319
"all_positive","tri_sign",3387,0.17090375
"all_positive","tri_sign",3391,0.128962
"all_positive","tri_sign",3395,0.15140137
"all_positive","tri_sign",3399,0.79966942
"all_positive","tri_sign",3403,0.40543116
"all_positive","tri_sign",3407,0.45205358
"all_positive","tri_sign",3411,0.58731897
"all_positive","tri_sign",3415,0.22384937
"all_positive","tri_sign",3419,0.34779782
"all_positive","tri_sign",3423,0.093392402
"all_positive","tri_sign",3427,0.2100354
"all_positive","tri_sign",3431,0.60401693
"all_positive","tri_sign",3435,0.29041784
"all_positive","tri_sign",3439,0.059817042
"all_positive","tri_sign",3443,0.83684531
"all_positive","tri_sign",3447,0.75165823
"all_positive","tri_sign",3451,0.25233277
"all_positive","tri_sign",3455,0.073860732
"all_positive","tri_sign",3459,0.064784947
"all_positive","tri_sign",3463,0.27191043
"all_positive","tri_sign",3467,0.29992488
"all_positive","tri_sign",3471,0.30872805
"all_positive","tri_sign",3475,0.58117865
"all_positive","tri_sign",3479,0.23609148
"all_positive","tri_sign",3483,0.16565584
"all_positive","tri_sign",3487,0.14489505
"all_positive","tri_sign",3491,0.44528508
"all_positive","tri_sign",3495,0.20920406
"all_positive","tri_sign",3499,0.24711865
"all_positive","tri_sign",3503,0.38608399
"all_positive","tri_sign",3507,0.46350024
"all_positive","tri_sign",3511,0.51828715
"all_positive","tri_sign",3515,0.027428528
"all_positive","tri_sign",3519,0.59109362
"all_positive","tri_sign",3523,0.13400035
"all_positive","tri_sign",3527,0.50652895
"all_positive","tri_sign",3531,0.12901437
"all_positive","tri_sign",3535,0.0054213837
"all_positive","tri_sign",3539,0.39874576
"all_positive","tri_sign",3543,0.53151927
"all_positive","tri_sign",3547,0.72222763
"all_positive","tri_sign",3551,0.098335134
"all_positive","tri_sign",3555,0.6586533
"all_positive","tri_sign",3559,0.15758804
"all_positive","tri_sign",3563,0.44519559
"all_positive","tri_sign",3567,0.9461222
"all_positive","tri_sign",3571,0.23258191
"all_positive","tri_sign",3575,0.050476718
"all_positive","tri_sign",3579,0.32961415
"all_positive","tri_sign",3583,0.17018517
"all_positive","tri_sign",3587,0.11245683
"all_positive","tri_sign",3591,0.16897477
"all_positive","tri_sign",3595,0.068971728
"all_positive","tri_sign",3599,0.13957468
"all_positive","tri_sign",3603,0.60036137
"all_positive","tri_sign",3607,0.092986242
"all_positive","tri_sign",3611,0.33521775
"all_positive","tri_sign",3615,0.22190012
"all_positive","tri_sign",3619,0.11446845
"all_positive","tri_sign",3623,0.41033338
"all_positive","tri_sign",3627,0.41595482
"all_positive","tri_sign",3631,0.21177599
"all_positive","tri_sign",3635,0.15401941
"all_positive","tri_sign",3639,0.27637886
"all_positive","tri_sign",3643,0.55966673
"all_positive","tri_sign",3647,0.394931
"all_positive","tri_sign",3651,0.2467467
"all_positive","tri_sign",3655,0.22084395
"all_positive","tri_sign",3659,0.12822867
"all_positive","tri_sign",3663,0.63299727
"all_positive","tri_sign",3667,0.25400794
"all_positive","tri_sign",3671,0.5713784
"all_positive","tri_sign",3675,0.44791026
"all_positive","tri_sign",3679,0.25717882
"all_positive","tri_sign",3683,0.30470487
"all_positive","tri_sign",3687,0.17595134
"all_positive","tri_sign",3691,0.7683393
"all_positive","tri_sign",3695,0.21841126
"all_positive","tri_sign",3699,0.37824499
"all_positive","tri_sign",3703,0.80501163
"all_positive","tri_sign",3707,0.50346856
"all_positive","tri_sign",3711,0.14013755
"all_positive","tri_sign",3715,0.24840972
"all_positive","tri_sign",3719,0.33080419
"all_positive","tri_sign",3723,0.17239039
"all_positive","tri_sign",3727,0.46078715
"all_positive","tri_sign",3731,0.40672349
"all_positive","tri_sign",3735,0.6799214
"all_positive","tri_sign",3739,0.49192596
"all_positive","tri_sign",3743,0.57260417
"all_positive","tri_sign",3747,0.087009854
"all_positive","tri_sign",3751,0.11169813
"all_positive","tri_sign",3755,0.3566884
"all_positive","tri_sign",3759,0.80623525
"all_positive","tri_sign",3763,0.61602647
"all_positive","tri_sign",3767,0.0042071026
"all_positive","tri_sign",3771,0.15709297
"all_positive","tri_sign",3775,0.40345988
"all_positive","tri_sign",3779,0.075811021
"all_positive","tri_sign",3783,0.037322976
"all_positive","tri_sign",3787,0.057367831
"all_positive","tri_sign",3791,0.008925296
"all_positive","tri_sign",3795,0.48151842
"all_positive","tri_sign",3799,0.24325608
"all_positive","tri_sign",3803,0.14221733
"all_positive","tri_sign",3807,0.43938687
"all_positive","tri_sign",3811,0.27932907
"all_positive","tri_sign",3815,0.21515684
"all_positive","tri_sign",3819,0.54387705
"all_positive","tri_sign",3823,0.23132227
"all_positive","tri_sign",3827,0.56676973
"all_positive","tri_sign",3831,0.28056041
"all_positive","tri_sign",3835,0.58530308
"all_positive","tri_sign",3839,0.52774083
"all_positive","tri_sign",3843,0.0095969004
"all_positive","tri_sign",3847,0.16430337
"all_positive","tri_sign",3851,0.27965625
"all_positive","tri_sign",3855,0.40690492
"all_positive","tri_sign",3859,0.077966393
"all_positive","tri_sign",3863,0.35298055
"all_positive","tri_sign",3867,0.63115565
"all_positive","tri_sign",3871,0.023022015
"all_positive","tri_sign",3875,0.3963401
"all_positive","tri_sign",3879,0.39333347
"all_positive","tri_sign",3883,0.44180958
"all_positive","tri_sign",3887,0.15495933
"all_positive","tri_sign",3891,0.25735978
"all_positive","tri_sign",3895,0.36692426
"all_positive","tri_sign",3899,0.26266248
"all_positive","tri_sign",3903,0.33345199
"all_positive","tri_sign",3907,0.20559709
"all_positive","tri_sign",3911,0.49911358
"all_positive","tri_sign",3915,0.37221302
"all_positive","tri_sign",3919,0.1492537
"all_positive","tri_sign",3923,0.52096042
"all_positive","tri_sign",3927,0.77068061
"all_positive","tri_sign",3931,0.25142209
"all_positive","tri_sign",3935,0.34697748
"all_positive","tri_sign",3939,0.36149742
"all_positive","tri_sign",3943,0.47893016
"all_positive","tri_sign",3947,0.30301345
"all_positive","tri_sign",3951,0.12407942
"all_positive","tri_sign",3955,0.39967442
"all_positive","tri_sign",3959,0.092754726
"all_positive","tri_sign",3963,0.21344596
"all_positive","tri_sign",3967,0.43328675
"all_positive","tri_sign",3971,0.31273375
"all_positive","tri_sign",3975,0.69036044
"all_positive","tri_sign",3979,0.41955631
"all_positive","tri_sign",3983,0.67275331
"all_positive","tri_sign",3987,0.048379266
"all_positive","tri_sign",3991,0.0067548229
"all_positive","tri_sign",3995,0.15536914
"all_positive","tri_sign",3999,0.22391793
"all_positive","tri_sign",4003,0.034306344
"all_positive","tri_sign",4007,0.085152964
"all_positive","tri_sign",4011,0.33780028
"all_positive","tri_sign",4015,0.43742619
"all_positive","tri_sign",4019,0.12865777
"all_positive","tri_sign",4023,0.65350496
"all_positive","tri_sign",4027,0.30581861
"all_positive","tri_sign",4031,0.69228267
"all_positive","tri_sign",4035,0.43158682
"all_positive","tri_sign",4039,0.27098365
"all_positive","tri_sign",4043,0.42672277
"all_positive","tri_sign",4047,0.39313186
"all_positive","tri_sign",4051,0.18365809
"all_positive","tri_sign",4055,0.19938083
"all_positive","tri_sign",4059,0.48158305
"all_positive","tri_sign",4063,0.30727424
"all_positive","tri_sign",4067,0.39779965
"all_positive","tri_sign",4071,0.20952564
"all_positive","tri_sign",4075,0.45629505
"all_positive","tri_sign",4079,0.23203022
"all_positive","tri_sign",4083,0.055131068
"all_positive","tri_sign",4087,0.18058954
"all_positive","tri_sign",4091,0.34692965
"all_positive","tri_sign",4095,0.22258191
"all_positive","tri_sign",4099,0.56759861
"all_positive","tri_sign",4103,0.10943339
"all_positive","tri_sign",4107,0.24575849
"all_positive","tri_sign",4111,0.29906191
"all_positive","tri_sign",4115,0.62556316
"all_positive","tri_sign",4119,0.32644947
"all_positive","tri_sign",4123,0.12679884
"all_positive","tri_sign",4127,0.76807839
"all_positive","tri_sign",4131,0.12038314
"all_positive","tri_sign",4135,0.49519699
"all_positive","tri_sign",4139,0.18311231
"all_positive","tri_sign",4143,0.49662858
"all_positive","tri_sign",4147,0.3156444
"all_positive","tri_sign",4151,0.24434171
"all_positive","tri_sign",4155,0.49512635
"all_positive","tri_sign",4159,0.4995482
"all_positive","tri_sign",4163,0.12824983
"all_positive","tri_sign",4167,0.39916376
"all_positive","tri_sign",4171,0.44109555
"all_positive","tri_sign",4175,0.62343384
"all_positive","tri_sign",4179,0.75021194
"all_positive","tri_sign",4183,0.48418152
"all_positive","tri_sign",4187,0.41574947
"all_positive","tri_sign",4191,0.2616701
"all_positive","tri_sign",4195,0.20475429
"all_positive","tri_sign",4199,0.024642713
"all_positive","tri_sign",4203,0.21792901
"all_positive","tri_sign",4207,0.18057724
"all_positive","tri_sign",4211,0.62824306
"all_positive","tri_sign",4215,0.5224133
"all_positive","tri_sign",4219,0.30875243
"all_positive","tri_sign",4223,0.084844515
"all_positive","tri_sign",4227,0.14832039
"all_positive","tri_sign",4231,0.39613144
"all_positive","tri_sign",4235,0.70538482
"all_positive","tri_sign",4239,0.079237585
"all_positive","tri_sign",4243,0.65850634
"all_positive","tri_sign",4247,0.10186521
"all_positive","tri_sign",4251,0.72660578
"all_positive","tri_sign",4255,0.31763251
"all_positive","tri_sign",4259,0.40820475
"all_positive","tri_sign",4263,0.47383846
"all_positive","tri_sign",4267,0.26606955
"all_positive","tri_sign",4271,0.65151565
"all_positive","tri_sign",4275,0.4984996
"all_positive","tri_sign",4279,0.11487219
"all_positive","tri_sign",4283,0.22912848
"all_positive","tri_sign",4287,0.53665199
"all_positive","tri_sign",4291,0.049687008
"all_positive","tri_sign",4295,0.50584791
"all_positive","tri_sign",4299,0.39664985
"all_positive","tri_sign",4303,0.36191735
"all_positive","tri_sign",4307,0.27354589
"all_positive","tri_sign",4311,0.17041604
"all_positive","tri_sign",4315,0.75489304
"all_positive","tri_sign",4319,0.13227155
"all_positive","tri_sign",4323,0.57388861
"all_positive","tri_sign",4327,0.36693178
"all_positive","tri_sign",4331,0.29356523
"all_positive","tri_sign",4335,0.58195942
"all_positive","tri_sign",4339,0.44517157
"all_positive","tri_sign",4343,0.19485495
"all_positive","tri_sign",4347,0.18113545
"all_positive","tri_sign",4351,0.64574515
"all_positive","tri_sign",4355,0.229722
"all_positive","tri_sign",4359,0.58465141
"all_positive","tri_sign",4363,0.65467871
"all_positive","tri_sign",4367,0.043032203
"all_positive","tri_sign",4371,0.35734363
"all_positive","tri_sign",4375,0.028335428
"all_positive","tri_sign",4379,0.2657639
"all_positive","tri_sign",4383,0.10975923
"all_positive","tri_sign",4387,0.19228993
"all_positive","tri_sign",4391,0.49542274
"all_positive","tri_sign",4395,0.063043281
"all_positive","tri_sign",4399,0.25730064
"all_positive","tri_sign",4403,0.30559279
"all_positive","tri_sign",4407,0.40593742
"all_positive","tri_sign",4411,0.15855457
"all_positive","tri_sign",4415,0.29134154
"all_positive","tri_sign",4419,0.15443968
"all_positive","tri_sign",4423,0.45565882
"all_positive","tri_sign",4427,0.41937325
"all_positive","tri_sign",4431,0.11407328
"all_positive","tri_sign",4435,0.62461201
"all_positive","tri_sign",4439,0.23922439
"all_positive","tri_sign",4443,0.28927604
"all_positive","tri_sign",4447,0.48962265
"all_positive","tri_sign",4451,0.69697092
"all_positive","tri_sign",4455,0.65241173
"all_positive","tri_sign",4459,0.63261153
"all_positive","tri_sign",4463,0.11764828
"all_positive","tri_sign",4467,0.25180275
"all_positive","tri_sign",4471,0.56168026
"all_positive","tri_sign",4475,0.55731474
"all_positive","tri_sign",4479,0.64254158
"all_positive","tri_sign",4483,0.35160251
"all_positive","tri_sign",4487,0.56374056
"all_positive","tri_sign",4491,0.36214948
"all_positive","tri_sign",4495,0.15181406
"all_positive","tri_sign",4499,0.14344218
"all_positive","tri_sign",4503,0.34623561
"all_positive","tri_sign",4507,0.12098914
"all_positive","tri_sign",4511,0.34749755
"all_positive","tri_sign",4515,0.38852894
"all_positive","tri_sign",4519,0.29988359
"all_positive","tri_sign",4523,0.37794431
"all_positive","tri_sign",4527,0.28144718
"all_positive","tri_sign",4531,0.25565811
"all_positive","tri_sign",4535,0.3945176
"all_positive","tri_sign",4539,0.1784589
"all_positive","tri_sign",4543,0.59956314
"all_positive","tri_sign",4547,0.0023441614
"all_positive","tri_sign",4551,0.35599197
"all_positive","tri_sign",4555,0.78048683
"all_positive","tri_sign",4559,0.13992602
"all_positive","tri_sign",4563,0.19449171
"all_positive","tri_sign",4567,0.73325436
"all_positive","tri_sign",4571,0.23383582
"all_positive","tri_sign",4575,0.13487116
"all_positive","tri_sign",4579,0.39050707
"all_positive","tri_sign",4583,0.24380107
"all_positive","tri_sign",4587,0.345934
"all_positive","tri_sign",4591,0.25761844
"all_positive","tri_sign",4595,0.44143728
"all_positive","tri_sign",4599,0.73321283
"all_positive","tri_sign",4603,0.23291433
"all_positive","tri_sign",4607,0.26935791
"all_positive","tri_sign",4611,0.13067737
"all_positive","tri_sign",4615,0.18163497
"all_positive","tri_sign",4619,0.52535336
"all_positive","tri_sign",4623,0.32962213
"all_positive","tri_sign",4627,0.12577562
"all_positive","tri_sign",4631,0.55252245
"all_positive","tri_sign",4635,0.78301798
"all_positive","tri_sign",4639,0.58641034
"all_positive","tri_sign",4643,0.31648167
"all_positive","tri_sign",4647,0.088327363
"all_positive","tri_sign",4651,0.39109847
"all_positive","tri_sign",4655,0.43811094
"all_positive","tri_sign",4659,0.15298937
"all_positive","tri_sign",4663,0.013538366
"all_positive","tri_sign",4667,0.1935666
"all_positive","tri_sign",4671,0.27493538
"all_positive","tri_sign",4675,0.78625928
"all_positive","tri_sign",4679,0.44813208
"all_positive","tri_sign",4683,0.23639336
"all_positive","tri_sign",4687,0.18577379
"all_positive","tri_sign",4691,0.64340773
"all_positive","tri_sign",4695,0.29901915
"all_positive","tri_sign",4699,0.65354563
"all_positive","tri_sign",4703,0.17486956
"all_positive","tri_sign",4707,0.39359292
"all_positive","tri_sign",4711,0.31946354
"all_positive","tri_sign",4715,0.5652674
"all_positive","tri_sign",4719,0.38337416
"all_positive","tri_sign",4723,0.3966318
"all_positive","tri_sign",4727,0.35550551
"all_positive","tri_sign",4731,0.43037018
"all_positive","tri_sign",4735,0.53222661
"all_positive","tri_sign",4739,0.26028681
"all_positive","tri_sign",4743,0.3517215
"all_positive","tri_sign",4747,0.35638588
"all_positive","tri_sign",4751,0.3514349
"all_positive","tri_sign",4755,0.50849363
"all_positive","tri_sign",4759,0.55837338
"all_positive","tri_sign",4763,0.61377441
"all_positive","tri_sign",4767,0.30656577
"all_positive","tri_sign",4771,0.7006318
"all_positive","tri_sign",4775,0.016537803
"all_positive","tri_sign",4779,0.021744713
"all_positive","tri_sign",4783,0.13074954
"all_positive","tri_sign",4787,0.059367597
"all_positive","tri_sign",4791,0.22069269
"all_positive","tri_sign",4795,0.036604041
"all_positive","tri_sign",4799,0.3810632
"all_positive","tri_sign",4803,0.75116746
"all_positive","tri_sign",4807,0.44671303
"all_positive","tri_sign",4811,0.23374328
"all_positive","tri_sign",4815,0.22392489
"all_positive","tri_sign",4819,0.72746226
"all_positive","tri_sign",4823,0.57108782
"all_positive","tri_sign",4827,0.18988802
"all_positive","tri_sign",4831,0.57775
"all_positive","tri_sign",4835,0.066023034
"all_positive","tri_sign",4839,0.14877134
"all_positive","tri_sign",4843,0.28399997
"all_positive","tri_sign",4847,0.19259153
"all_positive","tri_sign",4851,0.1028419
"all_positive","tri_sign",4855,0.27892581
"all_positive","tri_sign",4859,0.506683
"all_positive","tri_sign",4863,0.14358061
"all_positive","tri_sign",4867,0.9084065
"all_positive","tri_sign",4871,0.3589477
"all_positive","tri_sign",4875,0.39512115
"all_positive","tri_sign",4879,0.11046511
"all_positive","tri_sign",4883,0.012411361
"all_positive","tri_sign",4887,0.24315185
"all_positive","tri_sign",4891,0.62848078
"all_positive","tri_sign",4895,0.25872597
"all_positive","tri_sign",4899,0.47331127
"all_positive","tri_sign",4903,0.4021057
"all_positive","tri_sign",4907,0.36175545
"all_positive","tri_sign",4911,0.5011899
"all_positive","tri_sign",4915,0.15376988
"all_positive","tri_sign",4919,0.16812678
"all_positive","tri_sign",4923,0.052389341
"all_positive","tri_sign",4927,0.58370956
"all_positive","tri_sign",4931,0.17326791
"all_positive","tri_sign",4935,0.60159869
"all_positive","tri_sign",4939,0.23457344
"all_positive","tri_sign",4943,0.16105863
"all_positive","tri_sign",4947,0.53710772
"all_positive","tri_sign",4951,0.43820529
"all_positive","tri_sign",4955,0.3247171
"all_positive","tri_sign",4959,0.47601918
"all_positive","tri_sign",4963,0.038560408
"all_positive","tri_sign",4967,0.50807493
"all_positive","tri_sign",4971,0.32832509
"all_positive","tri_sign",4975,0.74564461
"all_positive","tri_sign",4979,0.10027068
"all_positive","tri_sign",4983,0.49202907
"all_positive","tri_sign",4987,0.49334802
"all_positive","tri_sign",4991,0.61231511
"all_positive","tri_sign",4995,0.72777533
"all_positive","tri_sign",4999,0.38870816
"all_positive","tri_sign",5004,0.50162947
"all_positive","tri_sign",5008,0.88116706
"all_positive","tri_sign",5012,0.061739177
"all_positive","tri_sign",5016,0.27918576
"all_positive","tri_sign",5020,0.56907619
"all_positive","tri_sign",5024,0.22708178
"all_positive","tri_sign",5028,0.3536868
"all_positive","tri_sign",5032,0.11572933
"all_positive","tri_sign",5036,0.51537515
"all_positive","tri_sign",5040,0.31448825
"all_positive","tri_sign",5044,0.22724768
"all_positive","tri_sign",5048,0.46657795
"all_positive","tri_sign",5052,0.16831673
"all_positive","tri_sign",5056,0.67342763
"all_positive","tri_sign",5060,0.66701723
"all_positive","tri_sign",5064,0.1967737
"all_positive","tri_sign",5068,0.24008177
"all_positive","tri_sign",5072,0.31190001
"all_positive","tri_sign",5076,0.24815868
"all_positive","tri_sign",5080,0.59149867
"all_positive","tri_sign",5084,0.082150699
"all_positive","tri_sign",5088,0.15061155
"all_positive","tri_sign",5092,0.10301738
"all_positive","tri_sign",5096,0.10067263
"all_positive","tri_sign",5100,0.53059332
"all_positive","tri_sign",5104,0.64509928
"all_positive","tri_sign",5108,0.18267873
"all_positive","tri_sign",5112,0.10049364
"all_positive","tri_sign",5116,0.20190331
"all_positive","tri_sign",5120,0.58329037
"all_positive","tri_sign",5124,0.42212545
"all_positive","tri_sign",5128,0.011917304
"all_positive","tri_sign",5132,0.46321281
"all_positive","tri_sign",5136,0.51673724
"all_positive","tri_sign",5140,0.369132
"all_positive","tri_sign",5144,0.11817916
"all_positive","tri_sign",5148,0.40672924
"all_positive","tri_sign",5152,0.25137462
"all_positive","tri_sign",5156,0.51906752
"all_positive","tri_sign",5160,0.069020712
"all_positive","tri_sign",5164,0.77595698
"all_positive","tri_sign",5168,0.34874591
"all_positive","tri_sign",5172,0.092293893
"all_positive","tri_sign",5176,0.017866295
"all_positive","tri_sign",5180,0.27907811
"all_positive","tri_sign",5184,0.19915202
"all_positive","tri_sign",5188,0.76466147
"all_positive","tri_sign",5192,0.17130557
"all_positive","tri_sign",5196,0.16643988
"all_positive","tri_sign",5200,0.53879755
"all_positive","tri_sign",5204,0.51562074
"all_positive","tri_sign",5208,0.77519513
"all_positive","tri_sign",5212,0.27700297
"all_positive","tri_sign",5216,0.77331783
"all_positive","tri_sign",5220,0.64794225
"all_positive","tri_sign",5224,0.54197855
"all_positive","tri_sign",5228,0.01342787
"all_positive","tri_sign",5232,0.01432884
"all_positive","tri_sign",5236,0.17662557
"all_positive","tri_sign",5240,0.43790655
"all_positive","tri_sign",5244,0.23524869
"all_positive","tri_sign",5248,0.30879676
"all_positive","tri_sign",5252,0.30833217
"all_positive","tri_sign",5256,0.7937019
"all_positive","tri_sign",5260,0.52641737
"all_positive","tri_sign",5264,0.75183035
"all_positive","tri_sign",5268,0.62236469
"all_positive","tri_sign",5272,0.14662495
"all_positive","tri_sign",5276,0.53076366
"all_positive","tri_sign",5280,0.14150659
"all_positive","tri_sign",5284,0.51487835
"all_positive","tri_sign",5288,0.44371989
"all_positive","tri_sign",5292,0.55924026
"all_positive","tri_sign",5296,0.77054706
"all_positive","tri_sign",5300,0.55055582
"all_positive","tri_sign",5304,0.34038465
"all_positive","tri_sign",5308,0.060894539
"all_positive","tri_sign",5312,0.23448458
"all_positive","tri_sign",5316,0.010619644
"all_positive","tri_sign",5320,0.77438628
"all_positive","tri_sign",5324,0.79689659
"all_positive","tri_sign",5328,0.23839407
"all_positive","tri_sign",5332,0.10922164
"all_positive","tri_sign",5336,0.12051804
"all_positive","tri_sign",5340,0.57775756
"all_positive","tri_sign",5344,0.15104156
"all_positive","tri_sign",5348,0.13809868
"all_positive","tri_sign",5352,0.50075314
"all_positive","tri_sign",5356,0.49791174
"all_positive","tri_sign",5360,0.2571095
"all_positive","tri_sign",5364,0.78256239
"all_positive","tri_sign",5368,0.30689346
"all_positive","tri_sign",5372,0.11571833
"all_positive","tri_sign",5376,0.65274592
"all_positive","tri_sign",5380,0.099057008
"all_positive","tri_sign",5384,0.24493905
"all_positive","tri_sign",5388,0.043182823
"all_positive","tri_sign",5392,0.48100163
"all_positive","tri_sign",5396,0.15148078
"all_positive","tri_sign",5400,0.77104213
"all_positive","tri_sign",5404,0.25604764
"all_positive","tri_sign",5408,0.72925384
"all_positive","tri_sign",5412,0.19517956
"all_positive","tri_sign",5416,0.19173534
"all_positive","tri_sign",5420,0.50126819
"all_positive","tri_sign",5424,0.36160797
"all_positive","tri_sign",5428,0.20430674
"all_positive","tri_sign",5432,0.34345481
"all_positive","tri_sign",5436,0.42900596
"all_positive","tri_sign",5440,0.81092701
"all_positive","tri_sign",5444,0.86305437
"all_positive","tri_sign",5448,0.56601194
"all_positive","tri_sign",5452,0.52384062
"all_positive","tri_sign",5456,0.20878259
"all_positive","tri_sign",5460,0.20663728
"all_positive","tri_sign",5464,0.52648507
"all_positive","tri_sign",5468,0.076915473
"all_positive","tri_sign",5472,0.7444825
"all_positive","tri_sign",5476,0.03249213
"all_positive","tri_sign",5480,0.085605095
"all_positive","tri_sign",5484,0.124505
"all_positive","tri_sign",5488,0.19788429
"all_positive","tri_sign",5492,0.32113833
"all_positive","tri_sign",5496,0.045962402
"all_positive","tri_sign",5500,0.43824971
"all_positive","tri_sign",5504,0.61115973
"all_positive","tri_sign",5508,0.24927261
"all_positive","tri_sign",5512,0.71027306
"all_positive","tri_sign",5516,0.55985768
"all_positive","tri_sign",5520,0.094460904
"all_positive","tri_sign",5524,0.070207906
"all_positive","tri_sign",5528,0.64884851
"all_positive","tri_sign",5532,0.29423337
"all_positive","tri_sign",5536,0.0059756045
"all_positive","tri_sign",5540,0.074133277
"all_positive","tri_sign",5544,0.45376313
"all_positive","tri_sign",5548,0.22481184
"all_positive","tri_sign",5552,0.39012476
"all_positive","tri_sign",5556,0.30173799
"all_positive","tri_sign",5560,0.654694
"all_positive","tri_sign",5564,0.65117531
"all_positive","tri_sign",5568,0.096954275
"all_positive","tri_sign",5572,0.33638538
"all_positive","tri_sign",5576,0.28429944
"all_positive","tri_sign",5580,0.46301344
"all_positive","tri_sign",5584,0.88567414
"all_positive","tri_sign",5588,0.57551686
"all_positive","tri_sign",5592,0.27549968
"all_positive","tri_sign",5596,0.15022857
"all_positive","tri_sign",5600,0.062139979
"all_positive","tri_sign",5604,0.60327392
"all_positive","tri_sign",5608,0.54417137
"all_positive","tri_sign",5612,0.23617062
"all_positive","tri_sign",5616,0.090429907
"all_positive","tri_sign",5620,0.31417497
"all_positive","tri_sign",5624,0.43540095
"all_positive","tri_sign",5628,0.16046871
"all_positive","tri_sign",5632,0.75232971
"all_positive","tri_sign",5636,0.11884359
"all_positive","tri_sign",5640,0.1605861
"all_positive","tri_sign",5644,0.42772393
"all_positive","tri_sign",5648,0.7069126
"all_positive","tri_sign",5652,0.1299449
"all_positive","tri_sign",5656,0.15501004
"all_positive","tri_sign",5660,0.038686863
"all_positive","tri_sign",5664,0.19703753
"all_positive","tri_sign",5668,0.25605017
"all_positive","tri_sign",5672,0.29070181
"all_positive","tri_sign",5676,0.097243789
"all_positive","tri_sign",5680,0.71704943
"all_positive","tri_sign",5684,0.18935671
"all_positive","tri_sign",5688,0.60790281
"all_positive","tri_sign",5692,0.25994369
"all_positive","tri_sign",5696,0.61106343
"all_positive","tri_sign",5700,0.13798535
"all_positive","tri_sign",5704,0.19153878
"all_positive","tri_sign",5708,0.1120921
"all_positive","tri_sign",5712,0.058137305
"all_positive","tri_sign",5716,0.51363686
"all_positive","tri_sign",5720,0.52260491
"all_positive","tri_sign",5724,0.29337159
"all_positive","tri_sign",5728,0.42946891
"all_positive","tri_sign",5732,0.1166042
"all_positive","tri_sign",5736,0.15696715
"all_positive","tri_sign",5740,0.13395862
"all_positive","tri_sign",5744,0.51247087
"all_positive","tri_sign",5748,0.77095835
"all_positive","tri_sign",5752,0.063957589
"all_positive","tri_sign",5756,0.51501529
"all_positive","tri_sign",5760,0.051621836
"all_positive","tri_sign",5764,0.22570936
"all_positive","tri_sign",5768,0.20218476
"all_positive","tri_sign",5772,0.17773414
"all_positive","tri_sign",5776,0.44196186
"all_positive","tri_sign",5780,0.57365215
"all_positive","tri_sign",5784,0.01071505
"all_positive","tri_sign",5788,0.32701644
"all_positive","tri_sign",5792,0.67442864
"all_positive","tri_sign",5796,0.1654417
"all_positive","tri_sign",5800,0.72238152
"all_positive","tri_sign",5804,0.060012672
"all_positive","tri_sign",5808,0.25629118
"all_positive","tri_sign",5812,0.35167649
"all_positive","tri_sign",5816,0.37060629
"all_positive","tri_sign",5820,0.30488474
"all_positive","tri_sign",5824,0.19623356
"all_positive","tri_sign",5828,0.44126023
"all_positive","tri_sign",5832,0.36962898
"all_positive","tri_sign",5836,0.51038304
"all_positive","tri_sign",5840,0.34828152
"all_positive","tri_sign",5844,0.2867364
"all_positive","tri_sign",5848,0.25252124
"all_positive","tri_sign",5852,0.13200626
"all_positive","tri_sign",5856,0.29911815
"all_positive","tri_sign",5860,0.22502231
"all_positive","tri_sign",5864,0.016348689
"all_positive","tri_sign",5868,0.1128327
"all_positive","tri_sign",5872,0.51676061
"all_positive","tri_sign",5876,0.20142855
"all_positive","tri_sign",5880,0.50942566
"all_positive","tri_sign",5884,0.61564333
"all_positive","tri_sign",5888,0.40603094
"all_positive","tri_sign",5892,0.301196
"all_positive","tri_sign",5896,0.32894654
"all_positive","tri_sign",5900,0.24799521
"all_positive","tri_sign",5904,0.55769857
"all_positive","tri_sign",5908,0.30365105
"all_positive","tri_sign",5912,0.46692235
"all_positive","tri_sign",5916,0.86211594
"all_positive","tri_sign",5920,0.4442035
"all_positive","tri_sign",5924,0.16437981
"all_positive","tri_sign",5928,0.50236328
"all_positive","tri_sign",5932,0.39610034
"all_positive","tri_sign",5936,0.40360376
"all_positive","tri_sign",5940,0.45802822
"all_positive","tri_sign",5944,0.45146147
"all_positive","tri_sign",5948,0.30305162
"all_positive","tri_sign",5952,0.12726269
"all_positive","tri_sign",5956,0.6879709
"all_positive","tri_sign",5960,0.16635105
"all_positive","tri_sign",5964,0.7331213
"all_positive","tri_sign",5968,0.33926794
"all_positive","tri_sign",5972,0.4987124
"all_positive","tri_sign",5976,0.15733274
"all_positive","tri_sign",5980,0.58044106
"all_positive","tri_sign",5984,0.58777974
"all_positive","tri_sign",5988,0.3495094
"all_positive","tri_sign",5992,0.45285499
"all_positive","tri_sign",5996,0.15038305
"all_positive","tri_sign",6000,0.1044813
"all_positive","global_ray",1,0.16252566
"all_positive","global_ray",5,0.45482331
"all_positive","global_ray",9,0.53193399
"all_positive","global_ray",13,0.67477486
"all_positive","global_ray",17,0.61444922
"all_positive","global_ray",21,0.36148322
"all_positive","global_ray",25,0.30583829
"all_positive","global_ray",29,0.67974728
"all_positive","global_ray",33,0.30641266
"all_positive","global_ray",37,0.4341511
"all_positive","global_ray",41,0.15462426
"all_positive","global_ray",45,0.47016659
"all_positive","global_ray",49,0.35657208
"all_positive","global_ray",53,0.65390138
"all_positive","global_ray",57,0.49552246
"all_positive","global_ray",61,0.26796533
"all_positive","global_ray",65,0.70788934
"all_positive","global_ray",69,0.3364114
"all_positive","global_ray",73,0.033224248
"all_positive","global_ray",77,0.22359898
"all_positive","global_ray",81,0.58471716
"all_positive","global_ray",85,0.47362232
"all_positive","global_ray",89,0.47169156
"all_positive","global_ray",93,0.5953915
"all_positive","global_ray",97,0.056747693
"all_positive","global_ray",101,0.42420772
"all_positive","global_ray",105,0.33232042
"all_positive","global_ray",109,0.46174027
"all_positive","global_ray",113,0.36507131
"all_positive","global_ray",117,0.77537794
"all_positive","global_ray",121,0.23345877
"all_positive","global_ray",125,0.43500899
"all_positive","global_ray",129,0.048857804
"all_positive","global_ray",133,0.53642136
"all_positive","global_ray",137,0.65502824
"all_positive","global_ray",141,0.032788725
"all_positive","global_ray",145,0.57576371
"all_positive","global_ray",149,0.15880767
"all_positive","global_ray",153,0.234262
"all_positive","global_ray",157,0.84182363
"all_positive","global_ray",161,0.17433477
"all_positive","global_ray",165,0.30760739
"all_positive","global_ray",169,0.49068265
"all_positive","global_ray",173,0.025808485
"all_positive","global_ray",177,0.38718757
"all_positive","global_ray",181,0.54534779
"all_positive","global_ray",185,0.25475103
"all_positive","global_ray",189,0.18011768
"all_positive","global_ray",193,0.78651575
"all_positive","global_ray",197,0.48548678
"all_positive","global_ray",201,0.058488749
"all_positive","global_ray",205,0.65928893
"all_positive","global_ray",209,0.19920505
"all_positive","global_ray",213,0.013476481
"all_positive","global_ray",217,0.34602412
"all_positive","global_ray",221,0.082564151
"all_positive","global_ray",225,0.52275991
"all_positive","global_ray",229,0.22882131
"all_positive","global_ray",233,0.3342443
"all_positive","global_ray",237,0.55921844
"all_positive","global_ray",241,0.31770459
"all_positive","global_ray",245,0.14096605
"all_positive","global_ray",249,0.62331283
"all_positive","global_ray",253,0.057260723
"all_positive","global_ray",257,0.01773682
"all_positive","global_ray",261,0.21138668
"all_positive","global_ray",265,0.58697001
"all_positive","global_ray",269,0.57209077
"all_positive","global_ray",273,0.58234989
"all_positive","global_ray",277,0.34180779
"all_positive","global_ray",281,0.093286819
"all_positive","global_ray",285,0.90080558
"all_positive","global_ray",289,0.17996679
"all_positive","global_ray",293,0.22517624
"all_positive","global_ray",297,0.72014225
"all_positive","global_ray",301,0.45633298
"all_positive","global_ray",305,0.57805824
"all_positive","global_ray",309,0.1413303
"all_positive","global_ray",313,0.26118405
"all_positive","global_ray",317,0.34187783
"all_positive","global_ray",321,0.58886991
"all_positive","global_ray",325,0.57193907
"all_positive","global_ray",329,0.23615861
"all_positive","global_ray",333,0.14437555
"all_positive","global_ray",337,0.36121848
"all_positive","global_ray",341,0.59866653
"all_positive","global_ray",345,0.34013054
"all_positive","global_ray",349,0.21899896
"all_positive","global_ray",353,0.40809677
"all_positive","global_ray",357,0.37208995
"all_positive","global_ray",361,0.19668922
"all_positive","global_ray",365,0.2192358
"all_positive","global_ray",369,0.13695679
"all_positive","global_ray",373,0.1660527
"all_positive","global_ray",377,0.22564025
"all_positive","global_ray",381,0.34655874
"all_positive","global_ray",385,0.2954402
"all_positive","global_ray",389,0.77300751
"all_positive","global_ray",393,0.36308508
"all_positive","global_ray",397,0.7275845
"all_positive","global_ray",401,0.015958598
"all_positive","global_ray",405,0.31367551
"all_positive","global_ray",409,0.30414979
"all_positive","global_ray",413,0.37537511
"all_positive","global_ray",417,0.54758085
"all_positive","global_ray",421,0.10959262
"all_positive","global_ray",425,0.37329024
"all_positive","global_ray",429,0.76496103
"all_positive","global_ray",433,0.305475
"all_positive","global_ray",437,0.095050682
"all_positive","global_ray",441,0.23349142
"all_positive","global_ray",445,0.53897819
"all_positive","global_ray",449,0.31912105
"all_positive","global_ray",453,0.088980427
"all_positive","global_ray",457,0.1504192
"all_positive","global_ray",461,0.11352045
"all_positive","global_ray",465,0.23273119
"all_positive","global_ray",469,0.49279324
"all_positive","global_ray",473,0.82862257
"all_positive","global_ray",477,0.027361239
"all_positive","global_ray",481,0.18530162
"all_positive","global_ray",485,0.58600362
"all_positive","global_ray",489,0.13497197
"all_positive","global_ray",493,0.16545105
"all_positive","global_ray",497,0.69500834
"all_positive","global_ray",501,0.32596209
"all_positive","global_ray",505,0.46285488
"all_positive","global_ray",509,0.33522112
"all_positive","global_ray",513,0.038785233
"all_positive","global_ray",517,0.39464019
"all_positive","global_ray",521,0.037315637
"all_positive","global_ray",525,0.27281253
"all_positive","global_ray",529,0.23748114
"all_positive","global_ray",533,0.18744259
"all_positive","global_ray",537,0.10418788
"all_positive","global_ray",541,0.60666329
"all_positive","global_ray",545,0.2019348
"all_positive","global_ray",549,0.6996612
"all_positive","global_ray",553,0.43696506
"all_positive","global_ray",557,0.49090296
"all_positive","global_ray",561,0.26245898
"all_positive","global_ray",565,0.64792368
"all_positive","global_ray",569,0.23578391
"all_positive","global_ray",573,0.58960369
"all_positive","global_ray",577,0.33964289
"all_positive","global_ray",581,0.10280177
"all_positive","global_ray",585,0.58346601
"all_positive","global_ray",589,0.42547508
"all_positive","global_ray",593,0.6976631
"all_positive","global_ray",597,0.48039212
"all_positive","global_ray",601,0.17296818
"all_positive","global_ray",605,0.52081998
"all_positive","global_ray",609,0.55754852
"all_positive","global_ray",613,0.62641076
"all_positive","global_ray",617,0.29253786
"all_positive","global_ray",621,0.65204858
"all_positive","global_ray",625,0.32144436
"all_positive","global_ray",629,0.18510847
"all_positive","global_ray",633,0.054374155
"all_positive","global_ray",637,0.24901254
"all_positive","global_ray",641,0.59978771
"all_positive","global_ray",645,0.21326006
"all_positive","global_ray",649,0.095442355
"all_positive","global_ray",653,0.18599082
"all_positive","global_ray",657,0.64869139
"all_positive","global_ray",661,0.16851071
"all_positive","global_ray",665,0.043926048
"all_positive","global_ray",669,0.068211774
"all_positive","global_ray",673,0.026833731
"all_positive","global_ray",677,0.10223081
"all_positive","global_ray",681,0.098062233
"all_positive","global_ray",685,0.068116624
"all_positive","global_ray",689,0.31102967
"all_positive","global_ray",693,0.12311636
"all_positive","global_ray",697,0.10746092
"all_positive","global_ray",701,0.5454435
"all_positive","global_ray",705,0.79357557
"all_positive","global_ray",709,0.18025614
"all_positive","global_ray",713,0.046874892
"all_positive","global_ray",717,0.043431732
"all_positive","global_ray",721,0.11101
"all_positive","global_ray",725,0.46840661
"all_positive","global_ray",729,0.19889291
"all_positive","global_ray",733,0.43280144
"all_positive","global_ray",737,0.55987751
"all_positive","global_ray",741,0.551168
"all_positive","global_ray",745,0.33275696
"all_positive","global_ray",749,0.20827626
"all_positive","global_ray",753,0.58196413
"all_positive","global_ray",757,0.27839965
"all_positive","global_ray",761,0.033696307
"all_positive","global_ray",765,0.40354972
"all_positive","global_ray",769,0.25661497
"all_positive","global_ray",773,0.29024086
"all_positive","global_ray",777,0.42921801
"all_positive","global_ray",781,0.48366294
"all_positive","global_ray",785,0.24486569
"all_positive","global_ray",789,0.30186873
"all_positive","global_ray",793,0.20465903
"all_positive","global_ray",797,0.48081645
"all_positive","global_ray",801,0.1886069
"all_positive","global_ray",805,0.36749531
"all_positive","global_ray",809,0.6018994
"all_positive","global_ray",813,0.48313476
"all_positive","global_ray",817,0.49695446
"all_positive","global_ray",821,0.51505994
"all_positive","global_ray",825,0.26058867
"all_positive","global_ray",829,0.74382217
"all_positive","global_ray",833,0.54830103
"all_positive","global_ray",837,0.3392858
"all_positive","global_ray",841,0.58583459
"all_positive","global_ray",845,0.29692132
"all_positive","global_ray",849,0.24687622
"all_positive","global_ray",853,0.59930642
"all_positive","global_ray",857,0.40778995
"all_positive","global_ray",861,0.24792807
"all_positive","global_ray",865,0.57120759
"all_positive","global_ray",869,0.59387244
"all_positive","global_ray",873,0.021697972
"all_positive","global_ray",877,0.60415641
"all_positive","global_ray",881,0.44537337
"all_positive","global_ray",885,0.42033336
"all_positive","global_ray",889,0.58589342
"all_positive","global_ray",893,0.025362559
"all_positive","global_ray",897,0.57773179
"all_positive","global_ray",901,0.14701148
"all_positive","global_ray",905,0.039345857
"all_positive","global_ray",909,0.40228367
"all_positive","global_ray",913,0.36802935
"all_positive","global_ray",917,0.069380991
"all_positive","global_ray",921,0.15766603
"all_positive","global_ray",925,0.59150028
"all_positive","global_ray",929,0.56986045
"all_positive","global_ray",933,0.43766875
"all_positive","global_ray",937,0.36554298
"all_positive","global_ray",941,0.12284371
"all_positive","global_ray",945,0.25680596
"all_positive","global_ray",949,0.11859517
"all_positive","global_ray",953,0.011181313
"all_positive","global_ray",957,0.05754672
"all_positive","global_ray",961,0.71974174
"all_positive","global_ray",965,0.61467697
"all_positive","global_ray",969,0.26284828
"all_positive","global_ray",973,0.52589844
"all_positive","global_ray",977,0.26734806
"all_positive","global_ray",981,0.40090044
"all_positive","global_ray",985,0.2391565
"all_positive","global_ray",989,0.0022138762
"all_positive","global_ray",993,0.37618238
"all_positive","global_ray",997,0.087361104
"all_positive","global_ray",1002,0.21349196
"all_positive","global_ray",1006,0.97693751
"all_positive","global_ray",1010,0.38051663
"all_positive","global_ray",1014,0.27230697
"all_positive","global_ray",1018,0.23458093
"all_positive","global_ray",1022,0.38355089
"all_positive","global_ray",1026,0.39604365
"all_positive","global_ray",1030,0.099003698
"all_positive","global_ray",1034,0.39518216
"all_positive","global_ray",1038,0.35588297
"all_positive","global_ray",1042,0.53873642
"all_positive","global_ray",1046,0.33410834
"all_positive","global_ray",1050,0.082282483
"all_positive","global_ray",1054,0.55623058
"all_positive","global_ray",1058,0.17314231
"all_positive","global_ray",1062,0.54333816
"all_positive","global_ray",1066,0.34568887
"all_positive","global_ray",1070,0.22511346
"all_positive","global_ray",1074,0.30774799
"all_positive","global_ray",1078,0.24238265
"all_positive","global_ray",1082,0.69962861
"all_positive","global_ray",1086,0.4996959
"all_positive","global_ray",1090,0.18630038
"all_positive","global_ray",1094,0.14149009
"all_positive","global_ray",1098,0.49102443
"all_positive","global_ray",1102,0.40143539
"all_positive","global_ray",1106,0.069153894
"all_positive","global_ray",1110,0.40015276
"all_positive","global_ray",1114,0.29561276
"all_positive","global_ray",1118,0.40591343
"all_positive","global_ray",1122,0.5211303
"all_positive","global_ray",1126,0.55213334
"all_positive","global_ray",1130,0.1021454
"all_positive","global_ray",1134,0.25487441
"all_positive","global_ray",1138,0.34432462
"all_positive","global_ray",1142,0.56583833
"all_positive","global_ray",1146,0.51254898
"all_positive","global_ray",1150,0.69479395
"all_positive","global_ray",1154,0.83880554
"all_positive","global_ray",1158,0.11829781
"all_positive","global_ray",1162,0.62009681
"all_positive","global_ray",1166,0.52065542
"all_positive","global_ray",1170,0.098107646
"all_positive","global_ray",1174,0.85890011
"all_positive","global_ray",1178,0.2385067
"all_positive","global_ray",1182,0.52572875
"all_positive","global_ray",1186,0.13213357
"all_positive","global_ray",1190,0.54263372
"all_positive","global_ray",1194,0.37358915
"all_positive","global_ray",1198,0.38419201
"all_positive","global_ray",1202,0.042620344
"all_positive","global_ray",1206,0.24954663
"all_positive","global_ray",1210,0.34178682
"all_positive","global_ray",1214,0.43416725
"all_positive","global_ray",1218,0.36978536
"all_positive","global_ray",1222,0.046984488
"all_positive","global_ray",1226,0.27092387
"all_positive","global_ray",1230,0.83034668
"all_positive","global_ray",1234,0.5743404
"all_positive","global_ray",1238,0.35410426
"all_positive","global_ray",1242,0.28209097
"all_positive","global_ray",1246,0.74878848
"all_positive","global_ray",1250,0.67323229
"all_positive","global_ray",1254,0.081596419
"all_positive","global_ray",1258,0.27581204
"all_positive","global_ray",1262,0.46592088
"all_positive","global_ray",1266,0.19515923
"all_positive","global_ray",1270,0.72342486
"all_positive","global_ray",1274,0.4501459
"all_positive","global_ray",1278,0.40574205
"all_positive","global_ray",1282,0.62498443
"all_positive","global_ray",1286,0.12427918
"all_positive","global_ray",1290,0.31002518
"all_positive","global_ray",1294,0.7324499
"all_positive","global_ray",1298,0.057240281
"all_positive","global_ray",1302,0.028418882
"all_positive","global_ray",1306,0.22758634
"all_positive","global_ray",1310,0.18627023
"all_positive","global_ray",1314,0.50244739
"all_positive","global_ray",1318,0.27907821
"all_positive","global_ray",1322,0.12096679
"all_positive","global_ray",1326,0.71100293
"all_positive","global_ray",1330,0.65914884
"all_positive","global_ray",1334,0.59069239
"all_positive","global_ray",1338,0.50817626
"all_positive","global_ray",1342,0.0055146954
"all_positive","global_ray",1346,0.33428601
"all_positive","global_ray",1350,0.43529646
"all_positive","global_ray",1354,0.11093465
"all_positive","global_ray",1358,0.10452244
"all_positive","global_ray",1362,0.56006491
"all_positive","global_ray",1366,0.20236966
"all_positive","global_ray",1370,0.64682569
"all_positive","global_ray",1374,0.35995565
"all_positive","global_ray",1378,0.49859518
"all_positive","global_ray",1382,0.58023187
"all_positive","global_ray",1386,0.61567506
"all_positive","global_ray",1390,0.2298312
"all_positive","global_ray",1394,0.60991512
"all_positive","global_ray",1398,0.88287818
"all_positive","global_ray",1402,0.63116116
"all_positive","global_ray",1406,0.67045164
"all_positive","global_ray",1410,0.015137992
"all_positive","global_ray",1414,0.31999795
"all_positive","global_ray",1418,0.4233814
"all_positive","global_ray",1422,0.27631447
"all_positive","global_ray",1426,0.23936497
"all_positive","global_ray",1430,0.2762098
"all_positive","global_ray",1434,0.15969144
"all_positive","global_ray",1438,0.22881914
"all_positive","global_ray",1442,0.18180903
"all_positive","global_ray",1446,0.20959313
"all_positive","global_ray",1450,0.36618763
"all_positive","global_ray",1454,0.65638558
"all_positive","global_ray",1458,0.12256044
"all_positive","global_ray",1462,0.58500782
"all_positive","global_ray",1466,0.37895933
"all_positive","global_ray",1470,0.04329171
"all_positive","global_ray",1474,0.6548282
"all_positive","global_ray",1478,0.061539529
"all_positive","global_ray",1482,0.56232468
"all_positive","global_ray",1486,0.42458742
"all_positive","global_ray",1490,0.0024227825
"all_positive","global_ray",1494,0.5745252
"all_positive","global_ray",1498,0.44574337
"all_positive","global_ray",1502,0.076727132
"all_positive","global_ray",1506,0.11774808
"all_positive","global_ray",1510,0.49759741
"all_positive","global_ray",1514,0.60816077
"all_positive","global_ray",1518,0.25763402
"all_positive","global_ray",1522,0.30767052
"all_positive","global_ray",1526,0.39393047
"all_positive","global_ray",1530,0.17231303
"all_positive","global_ray",1534,0.37000528
"all_positive","global_ray",1538,0.0021355892
"all_positive","global_ray",1542,0.2201816
"all_positive","global_ray",1546,0.32108438
"all_positive","global_ray",1550,0.3894883
"all_positive","global_ray",1554,0.54973305
"all_positive","global_ray",1558,0.63155231
"all_positive","global_ray",1562,0.40877625
"all_positive","global_ray",1566,0.18326913
"all_positive","global_ray",1570,0.25169996
"all_positive","global_ray",1574,0.081249789
"all_positive","global_ray",1578,0.27547921
"all_positive","global_ray",1582,0.26999088
"all_positive","global_ray",1586,0.3586413
"all_positive","global_ray",1590,0.58016434
"all_positive","global_ray",1594,0.6973758
"all_positive","global_ray",1598,0.38340682
"all_positive","global_ray",1602,0.76175569
"all_positive","global_ray",1606,0.26900348
"all_positive","global_ray",1610,0.37296263
"all_positive","global_ray",1614,0.82777435
"all_positive","global_ray",1618,0.71596787
"all_positive","global_ray",1622,0.80496297
"all_positive","global_ray",1626,0.4230104
"all_positive","global_ray",1630,0.26453237
"all_positive","global_ray",1634,0.57304933
"all_positive","global_ray",1638,0.21566829
"all_positive","global_ray",1642,0.23384784
"all_positive","global_ray",1646,0.052381342
"all_positive","global_ray",1650,0.15297735
"all_positive","global_ray",1654,0.2958759
"all_positive","global_ray",1658,0.31460363
"all_positive","global_ray",1662,0.23386511
"all_positive","global_ray",1666,0.46589699
"all_positive","global_ray",1670,0.43847476
"all_positive","global_ray",1674,0.83777519
"all_positive","global_ray",1678,0.078664686
"all_positive","global_ray",1682,0.077495469
"all_positive","global_ray",1686,0.42812846
"all_positive","global_ray",1690,0.82663603
"all_positive","global_ray",1694,0.41620498
"all_positive","global_ray",1698,0.24093226
"all_positive","global_ray",1702,0.46661957
"all_positive","global_ray",1706,0.71647493
"all_positive","global_ray",1710,0.5397605
"all_positive","global_ray",1714,0.4093552
"all_positive","global_ray",1718,0.65747963
"all_positive","global_ray",1722,0.24185709
"all_positive","global_ray",1726,0.030355377
"all_positive","global_ray",1730,0.18942691
"all_positive","global_ray",1734,0.36368366
"all_positive","global_ray",1738,0.55857123
"all_positive","global_ray",1742,0.49932916
"all_positive","global_ray",1746,0.20187951
"all_positive","global_ray",1750,0.76545978
"all_positive","global_ray",1754,0.36692724
"all_positive","global_ray",1758,0.42403937
"all_positive","global_ray",1762,0.33961892
"all_positive","global_ray",1766,0.37756565
"all_positive","global_ray",1770,0.43091696
"all_positive","global_ray",1774,0.52214577
"all_positive","global_ray",1778,0.48119001
"all_positive","global_ray",1782,0.17453637
"all_positive","global_ray",1786,0.69870223
"all_positive","global_ray",1790,0.33403969
"all_positive","global_ray",1794,0.33771955
"all_positive","global_ray",1798,0.57640145
"all_positive","global_ray",1802,0.13140035
"all_positive","global_ray",1806,0.81915167
"all_positive","global_ray",1810,0.13556905
"all_positive","global_ray",1814,0.10937946
"all_positive","global_ray",1818,0.48294175
"all_positive","global_ray",1822,0.31725801
"all_positive","global_ray",1826,0.42282179
"all_positive","global_ray",1830,0.25894909
"all_positive","global_ray",1834,0.16391777
"all_positive","global_ray",1838,0.50964505
"all_positive","global_ray",1842,0.49299695
"all_positive","global_ray",1846,0.42900367
"all_positive","global_ray",1850,0.011522661
"all_positive","global_ray",1854,0.48309191
"all_positive","global_ray",1858,0.35157509
"all_positive","global_ray",1862,0.025100899
"all_positive","global_ray",1866,0.18921978
"all_positive","global_ray",1870,0.40228136
"all_positive","global_ray",1874,0.75021413
"all_positive","global_ray",1878,0.045524625
"all_positive","global_ray",1882,0.7065983
"all_positive","global_ray",1886,0.11836756
"all_positive","global_ray",1890,0.74803018
"all_positive","global_ray",1894,0.28926634
"all_positive","global_ray",1898,0.023523422
"all_positive","global_ray",1902,0.78766949
"all_positive","global_ray",1906,0.13883099
"all_positive","global_ray",1910,0.47241028
"all_positive","global_ray",1914,0.27853174
"all_positive","global_ray",1918,0.3875601
"all_positive","global_ray",1922,0.4493759
"all_positive","global_ray",1926,0.095385876
"all_positive","global_ray",1930,0.29178141
"all_positive","global_ray",1934,0.085473185
"all_positive","global_ray",1938,0.14808902
"all_positive","global_ray",1942,0.10159483
"all_positive","global_ray",1946,0.58258516
"all_positive","global_ray",1950,0.62683532
"all_positive","global_ray",1954,0.32550182
"all_positive","global_ray",1958,0.47201692
"all_positive","global_ray",1962,0.36772608
"all_positive","global_ray",1966,0.73169003
"all_positive","global_ray",1970,0.53528756
"all_positive","global_ray",1974,0.2704689
"all_positive","global_ray",1978,0.28741072
"all_positive","global_ray",1982,0.47137788
"all_positive","global_ray",1986,0.52796483
"all_positive","global_ray",1990,0.60632767
"all_positive","global_ray",1994,0.43941549
"all_positive","global_ray",1998,0.3501514
"all_positive","global_ray",2002,0.090015553
"all_positive","global_ray",2006,0.47019385
"all_positive","global_ray",2010,0.78737808
"all_positive","global_ray",2014,0.51074695
"all_positive","global_ray",2018,0.18077884
"all_positive","global_ray",2022,0.28476765
"all_positive","global_ray",2026,0.21287748
"all_positive","global_ray",2030,0.31388156
"all_positive","global_ray",2034,0.15767533
"all_positive","global_ray",2038,0.18052745
"all_positive","global_ray",2042,0.40059718
"all_positive","global_ray",2046,0.57956698
"all_positive","global_ray",2050,0.31042554
"all_positive","global_ray",2054,0.63882839
"all_positive","global_ray",2058,0.12595211
"all_positive","global_ray",2062,0.25139831
"all_positive","global_ray",2066,0.22276652
"all_positive","global_ray",2070,0.27664337
"all_positive","global_ray",2074,0.45704661
"all_positive","global_ray",2078,0.46427424
"all_positive","global_ray",2082,0.65458813
"all_positive","global_ray",2086,0.49355314
"all_positive","global_ray",2090,0.4980236
"all_positive","global_ray",2094,0.27920345
"all_positive","global_ray",2098,0.18510153
"all_positive","global_ray",2102,0.2899458
"all_positive","global_ray",2106,0.40234336
"all_positive","global_ray",2110,0.18690654
"all_positive","global_ray",2114,0.093580611
"all_positive","global_ray",2118,0.18786723
"all_positive","global_ray",2122,0.25277472
"all_positive","global_ray",2126,0.83538677
"all_positive","global_ray",2130,0.31468745
"all_positive","global_ray",2134,0.60660581
"all_positive","global_ray",2138,0.16386608
"all_positive","global_ray",2142,0.6695552
"all_positive","global_ray",2146,0.35967583
"all_positive","global_ray",2150,0.12748889
"all_positive","global_ray",2154,0.4254304
"all_positive","global_ray",2158,0.3937902
"all_positive","global_ray",2162,0.056104865
"all_positive","global_ray",2166,0.17365606
"all_positive","global_ray",2170,0.005532863
"all_positive","global_ray",2174,0.04165453
"all_positive","global_ray",2178,0.14043243
"all_positive","global_ray",2182,0.30608728
"all_positive","global_ray",2186,0.45785812
"all_positive","global_ray",2190,0.036110646
"all_positive","global_ray",2194,0.51998079
"all_positive","global_ray",2198,0.17716311
"all_positive","global_ray",2202,0.20798181
"all_positive","global_ray",2206,0.41746145
"all_positive","global_ray",2210,0.4561213
"all_positive","global_ray",2214,0.025181881
"all_positive","global_ray",2218,0.42830972
"all_positive","global_ray",2222,0.65089379
"all_positive","global_ray",2226,0.0016927716
"all_positive","global_ray",2230,0.077879824
"all_positive","global_ray",2234,0.37078418
"all_positive","global_ray",2238,0.34993866
"all_positive","global_ray",2242,0.10385168
"all_positive","global_ray",2246,0.64972335
"all_positive","global_ray",2250,0.46033517
"all_positive","global_ray",2254,0.24655948
"all_positive","global_ray",2258,0.77143076
"all_positive","global_ray",2262,0.29233429
"all_positive","global_ray",2266,0.032854132
"all_positive","global_ray",2270,0.23283424
"all_positive","global_ray",2274,0.7583235
"all_positive","global_ray",2278,0.19647303
"all_positive","global_ray",2282,0.26792923
"all_positive","global_ray",2286,0.8556244
"all_positive","global_ray",2290,0.56355142
"all_positive","global_ray",2294,0.5883462
"all_positive","global_ray",2298,0.53233762
"all_positive","global_ray",2302,0.060384055
"all_positive","global_ray",2306,0.43433019
"all_positive","global_ray",2310,0.000237256
"all_positive","global_ray",2314,0.17672026
"all_positive","global_ray",2318,0.23586278
"all_positive","global_ray",2322,0.36518596
"all_positive","global_ray",2326,0.74442978
"all_positive","global_ray",2330,0.077895912
"all_positive","global_ray",2334,0.0848785
"all_positive","global_ray",2338,0.2016142
"all_positive","global_ray",2342,0.013731644
"all_positive","global_ray",2346,0.78599721
"all_positive","global_ray",2350,0.50531894
"all_positive","global_ray",2354,0.45138252
"all_positive","global_ray",2358,0.14375195
"all_positive","global_ray",2362,0.2558221
"all_positive","global_ray",2366,0.51267488
"all_positive","global_ray",2370,0.51954061
"all_positive","global_ray",2374,0.30673193
"all_positive","global_ray",2378,0.51451881
"all_positive","global_ray",2382,0.44565852
"all_positive","global_ray",2386,0.035374433
"all_positive","global_ray",2390,0.40745826
"all_positive","global_ray",2394,0.73283812
"all_positive","global_ray",2398,0.54598883
"all_positive","global_ray",2402,0.30915641
"all_positive","global_ray",2406,0.46695642
"all_positive","global_ray",2410,0.19654426
"all_positive","global_ray",2414,0.20696531
"all_positive","global_ray",2418,0.12519356
"all_positive","global_ray",2422,0.47207891
"all_positive","global_ray",2426,0.62751128
"all_positive","global_ray",2430,0.3778782
"all_positive","global_ray",2434,0.30616185
"all_positive","global_ray",2438,0.39209922
"all_positive","global_ray",2442,0.71110048
"all_positive","global_ray",2446,0.093277555
"all_positive","global_ray",2450,0.5886025
"all_positive","global_ray",2454,0.54935237
"all_positive","global_ray",2458,0.15751618
"all_positive","global_ray",2462,0.81369041
"all_positive","global_ray",2466,0.381703
"all_positive","global_ray",2470,0.5212439
"all_positive","global_ray",2474,0.45417424
"all_positive","global_ray",2478,0.64335161
"all_positive","global_ray",2482,0.32202063
"all_positive","global_ray",2486,0.79201373
"all_positive","global_ray",2490,0.24974373
"all_positive","global_ray",2494,0.12630649
"all_positive","global_ray",2498,0.12516146
"all_positive","global_ray",2502,0.13564623
"all_positive","global_ray",2506,0.15079059
"all_positive","global_ray",2510,0.42365595
"all_positive","global_ray",2514,0.18810074
"all_positive","global_ray",2518,0.13534192
"all_positive","global_ray",2522,0.15647536
"all_positive","global_ray",2526,0.2547393
"all_positive","global_ray",2530,0.25834071
"all_positive","global_ray",2534,0.52826618
"all_positive","global_ray",2538,0.61840487
"all_positive","global_ray",2542,0.31992951
"all_positive","global_ray",2546,0.61946106
"all_positive","global_ray",2550,0.033929234
"all_positive","global_ray",2554,0.50332123
"all_positive","global_ray",2558,0.16749489
"all_positive","global_ray",2562,0.68886415
"all_positive","global_ray",2566,0.67984372
"all_positive","global_ray",2570,0.21778304
"all_positive","global_ray",2574,0.59909722
"all_positive","global_ray",2578,0.14562041
"all_positive","global_ray",2582,0.25096921
"all_positive","global_ray",2586,0.11529516
"all_positive","global_ray",2590,0.28079163
"all_positive","global_ray",2594,0.34010562
"all_positive","global_ray",2598,0.27721719
"all_positive","global_ray",2602,0.60864926
"all_positive","global_ray",2606,0.22224933
"all_positive","global_ray",2610,0.51816021
"all_positive","global_ray",2614,0.69144077
"all_positive","global_ray",2618,0.30461295
"all_positive","global_ray",2622,0.44951096
"all_positive","global_ray",2626,0.31955199
"all_positive","global_ray",2630,0.048818165
"all_positive","global_ray",2634,0.24871401
"all_positive","global_ray",2638,0.12059782
"all_positive","global_ray",2642,0.57407222
"all_positive","global_ray",2646,0.15298237
"all_positive","global_ray",2650,0.21849186
"all_positive","global_ray",2654,0.59515033
"all_positive","global_ray",2658,0.24243023
"all_positive","global_ray",2662,0.31133301
"all_positive","global_ray",2666,0.13166867
"all_positive","global_ray",2670,0.69746151
"all_positive","global_ray",2674,0.49081596
"all_positive","global_ray",2678,0.39397148
"all_positive","global_ray",2682,0.41231199
"all_positive","global_ray",2686,0.74481037
"all_positive","global_ray",2690,0.24478619
"all_positive","global_ray",2694,0.60587984
"all_positive","global_ray",2698,0.18390072
"all_positive","global_ray",2702,0.71990784
"all_positive","global_ray",2706,0.27378806
"all_positive","global_ray",2710,0.049548827
"all_positive","global_ray",2714,0.45845928
"all_positive","global_ray",2718,0.59890197
"all_positive","global_ray",2722,0.84759379
"all_positive","global_ray",2726,0.43261956
"all_positive","global_ray",2730,0.15931729
"all_positive","global_ray",2734,0.067107481
"all_positive","global_ray",2738,0.02989152
"all_positive","global_ray",2742,0.072776701
"all_positive","global_ray",2746,0.85611561
"all_positive","global_ray",2750,0.39457711
"all_positive","global_ray",2754,0.62259024
"all_positive","global_ray",2758,0.1985061
"all_positive","global_ray",2762,0.51199642
"all_positive","global_ray",2766,0.031802443
"all_positive","global_ray",2770,0.060917743
"all_positive","global_ray",2774,0.25911052
"all_positive","global_ray",2778,0.17068857
"all_positive","global_ray",2782,0.18439938
"all_positive","global_ray",2786,0.050027471
"all_positive","global_ray",2790,0.17451053
"all_positive","global_ray",2794,0.33419614
"all_positive","global_ray",2798,0.0075622178
"all_positive","global_ray",2802,0.024962358
"all_positive","global_ray",2806,0.44828503
"all_positive","global_ray",2810,0.30151167
"all_positive","global_ray",2814,0.41699214
"all_positive","global_ray",2818,0.42089664
"all_positive","global_ray",2822,0.46703701
"all_positive","global_ray",2826,0.57122668
"all_positive","global_ray",2830,0.45530816
"all_positive","global_ray",2834,0.19775819
"all_positive","global_ray",2838,0.027915064
"all_positive","global_ray",2842,0.12215693
"all_positive","global_ray",2846,0.5109511
"all_positive","global_ray",2850,0.5642075
"all_positive","global_ray",2854,0.47903088
"all_positive","global_ray",2858,0.58189743
"all_positive","global_ray",2862,0.53473521
"all_positive","global_ray",2866,0.69267901
"all_positive","global_ray",2870,0.32214982
"all_positive","global_ray",2874,0.37448486
"all_positive","global_ray",2878,0.70994121
"all_positive","global_ray",2882,0.18312569
"all_positive","global_ray",2886,0.21659839
"all_positive","global_ray",2890,0.30057896
"all_positive","global_ray",2894,0.033943084
"all_positive","global_ray",2898,0.41860193
"all_positive","global_ray",2902,0.2706507
"all_positive","global_ray",2906,0.042355562
"all_positive","global_ray",2910,0.25472048
"all_positive","global_ray",2914,0.87469204
"all_positive","global_ray",2918,0.60900158
"all_positive","global_ray",2922,0.44768522
"all_positive","global_ray",2926,0.63029366
"all_positive","global_ray",2930,0.10853029
"all_positive","global_ray",2934,0.2115603
"all_positive","global_ray",2938,0.05452965
"all_positive","global_ray",2942,0.54933817
"all_positive","global_ray",2946,0.15340564
"all_positive","global_ray",2950,0.50353408
"all_positive","global_ray",2954,0.42099468
"all_positive","global_ray",2958,0.27259776
"all_positive","global_ray",2962,0.18115963
"all_positive","global_ray",2966,0.8117327
"all_positive","global_ray",2970,0.30628901
"all_positive","global_ray",2974,0.29522328
"all_positive","global_ray",2978,0.56186469
"all_positive","global_ray",2982,0.51526017
"all_positive","global_ray",2986,0.33136818
"all_positive","global_ray",2990,0.39717962
"all_positive","global_ray",2994,0.21176792
"all_positive","global_ray",2998,0.50442657
"all_positive","global_ray",3003,0.76455433
"all_positive","global_ray",3007,0.53748041
"all_positive","global_ray",3011,0.43119996
"all_positive","global_ray",3015,0.28406392
"all_positive","global_ray",3019,0.063955109
"all_positive","global_ray",3023,0.3167868
"all_positive","global_ray",3027,0.22351551
"all_positive","global_ray",3031,0.077686106
"all_positive","global_ray",3035,0.60822506
"all_positive","global_ray",3039,0.24784237
"all_positive","global_ray",3043,0.041798681
"all_positive","global_ray",3047,0.65393215
"all_positive","global_ray",3051,0.077653877
"all_positive","global_ray",3055,0.17479259
"all_positive","global_ray",3059,0.73581795
"all_positive","global_ray",3063,0.30230018
"all_positive","global_ray",3067,0.60467225
"all_positive","global_ray",3071,0.35885098
"all_positive","global_ray",3075,0.35645872
"all_positive","global_ray",3079,0.028148709
"all_positive","global_ray",3083,0.40066871
"all_positive","global_ray",3087,0.15082555
"all_positive","global_ray",3091,0.30707352
"all_positive","global_ray",3095,0.23426333
"all_positive","global_ray",3099,0.34518054
"all_positive","global_ray",3103,0.58668655
"all_positive","global_ray",3107,0.27910116
"all_positive","global_ray",3111,0.44829624
"all_positive","global_ray",3115,0.2844101
"all_positive","global_ray",3119,0.74351232
"all_positive","global_ray",3123,0.60186991
"all_positive","global_ray",3127,0.056448914
"all_positive","global_ray",3131,0.37488299
"all_positive","global_ray",3135,0.034410075
"all_positive","global_ray",3139,0.15069511
"all_positive","global_ray",3143,0.24181893
"all_positive","global_ray",3147,0.18726989
"all_positive","global_ray",3151,0.14466636
"all_positive","global_ray",3155,0.39111723
"all_positive","global_ray",3159,0.52780653
"all_positive","global_ray",3163,0.22718783
"all_positive","global_ray",3167,0.58638916
"all_positive","global_ray",3171,0.46087852
"all_positive","global_ray",3175,0.38205015
"all_positive","global_ray",3179,0.48799382
"all_positive","global_ray",3183,0.52544164
"all_positive","global_ray",3187,0.50869538
"all_positive","global_ray",3191,0.2837452
"all_positive","global_ray",3195,0.19045871
"all_positive","global_ray",3199,0.33952423
"all_positive","global_ray",3203,0.54743306
"all_positive","global_ray",3207,0.056401458
"all_positive","global_ray",3211,0.69941373
"all_positive","global_ray",3215,0.35021104
"all_positive","global_ray",3219,0.42090137
"all_positive","global_ray",3223,0.30099942
"all_positive","global_ray",3227,0.65506306
"all_positive","global_ray",3231,0.0061397744
"all_positive","global_ray",3235,0.71824637
"all_positive","global_ray",3239,0.002932259
"all_positive","global_ray",3243,0.16785955
"all_positive","global_ray",3247,0.49201508
"all_positive","global_ray",3251,0.054679271
"all_positive","global_ray",3255,0.35377722
"all_positive","global_ray",3259,0.24091282
"all_positive","global_ray",3263,0.18710164
"all_positive","global_ray",3267,0.39053307
"all_positive","global_ray",3271,0.52049215
"all_positive","global_ray",3275,0.25383133
"all_positive","global_ray",3279,0.40842507
"all_positive","global_ray",3283,0.27566169
"all_positive","global_ray",3287,0.56108624
"all_positive","global_ray",3291,0.12455285
"all_positive","global_ray",3295,0.19350156
"all_positive","global_ray",3299,0.40367404
"all_positive","global_ray",3303,0.030937808
"all_positive","global_ray",3307,0.14805145
"all_positive","global_ray",3311,0.73194254
"all_positive","global_ray",3315,0.075935793
"all_positive","global_ray",3319,0.018578292
"all_positive","global_ray",3323,0.077270198
"all_positive","global_ray",3327,0.52246859
"all_positive","global_ray",3331,0.35485661
"all_positive","global_ray",3335,0.55416367
"all_positive","global_ray",3339,0.46711853
"all_positive","global_ray",3343,0.049207236
"all_positive","global_ray",3347,0.19853307
"all_positive","global_ray",3351,0.52725315
"all_positive","global_ray",3355,0.77758052
"all_positive","global_ray",3359,0.11615716
"all_positive","global_ray",3363,0.67896683
"all_positive","global_ray",3367,0.55986255
"all_positive","global_ray",3371,0.10043355
"all_positive","global_ray",3375,0.53169957
"all_positive","global_ray",3379,0.16914549
"all_positive","global_ray",3383,0.23120285
"all_positive","global_ray",3387,0.12373764
"all_positive","global_ray",3391,0.074406171
"all_positive","global_ray",3395,0.037476061
"all_positive","global_ray",3399,0.088662915
"all_positive","global_ray",3403,0.29054537
"all_positive","global_ray",3407,0.25600227
"all_positive","global_ray",3411,0.64993149
"all_positive","global_ray",3415,0.20982976
"all_positive","global_ray",3419,0.45983619
"all_positive","global_ray",3423,0.073721162
"all_positive","global_ray",3427,0.094144834
"all_positive","global_ray",3431,0.061551904
"all_positive","global_ray",3435,0.58522823
"all_positive","global_ray",3439,0.50645038
"all_positive","global_ray",3443,0.75311935
"all_positive","global_ray",3447,0.21422949
"all_positive","global_ray",3451,0.67739805
"all_positive","global_ray",3455,0.55797185
"all_positive","global_ray",3459,0.74920468
"all_positive","global_ray",3463,0.41700199
"all_positive","global_ray",3467,0.52573087
"all_positive","global_ray",3471,0.25843046
"all_positive","global_ray",3475,0.056627846
"all_positive","global_ray",3479,0.26500357
"all_positive","global_ray",3483,0.39649963
"all_positive","global_ray",3487,0.090822094
"all_positive","global_ray",3491,0.13076385
"all_positive","global_ray",3495,0.38125681
"all_positive","global_ray",3499,0.33299416
"all_positive","global_ray",3503,0.27111817
"all_positive","global_ray",3507,0.446366
"all_positive","global_ray",3511,0.31742214
"all_positive","global_ray",3515,0.21015674
"all_positive","global_ray",3519,0.64597699
"all_positive","global_ray",3523,0.36415631
"all_positive","global_ray",3527,0.3637237
"all_positive","global_ray",3531,0.19010971
"all_positive","global_ray",3535,0.19719683
"all_positive","global_ray",3539,0.0050034799
"all_positive","global_ray",3543,0.12177922
"all_positive","global_ray",3547,0.24911833
"all_positive","global_ray",3551,0.23554989
"all_positive","global_ray",3555,0.34984881
"all_positive","global_ray",3559,0.23709965
"all_positive","global_ray",3563,0.12300206
"all_positive","global_ray",3567,0.5333209
"all_positive","global_ray",3571,0.55457225
"all_positive","global_ray",3575,0.39831381
"all_positive","global_ray",3579,0.36172068
"all_positive","global_ray",3583,0.061045163
"all_positive","global_ray",3587,0.48797146
"all_positive","global_ray",3591,0.54564728
"all_positive","global_ray",3595,0.83805025
"all_positive","global_ray",3599,0.21271514
"all_positive","global_ray",3603,0.017915186
"all_positive","global_ray",3607,0.48738384
"all_positive","global_ray",3611,0.049008272
"all_positive","global_ray",3615,0.2292707
"all_positive","global_ray",3619,0.43098403
"all_positive","global_ray",3623,0.10496692
"all_positive","global_ray",3627,0.45502104
"all_positive","global_ray",3631,0.13923229
"all_positive","global_ray",3635,0.0032888906
"all_positive","global_ray",3639,0.91496175
"all_positive","global_ray",3643,0.027069204
"all_positive","global_ray",3647,0.47578796
"all_positive","global_ray",3651,0.48511279
"all_positive","global_ray",3655,0.01868926
"all_positive","global_ray",3659,0.44955501
"all_positive","global_ray",3663,0.32930046
"all_positive","global_ray",3667,0.3802648
"all_positive","global_ray",3671,0.52590553
"all_positive","global_ray",3675,0.33784271
"all_positive","global_ray",3679,0.2344746
"all_positive","global_ray",3683,0.48504918
"all_positive","global_ray",3687,0.64276731
"all_positive","global_ray",3691,0.089947473
"all_positive","global_ray",3695,0.57125153
"all_positive","global_ray",3699,0.59676423
"all_positive","global_ray",3703,0.34178673
"all_positive","global_ray",3707,0.21204217
"all_positive","global_ray",3711,0.51484697
"all_positive","global_ray",3715,0.16940291
"all_positive","global_ray",3719,0.21918712
"all_positive","global_ray",3723,0.51457419
"all_positive","global_ray",3727,0.05470669
"all_positive","global_ray",3731,0.014321862
"all_positive","global_ray",3735,0.33385384
"all_positive","global_ray",3739,0.71008612
"all_positive","global_ray",3743,0.5631565
"all_positive","global_ray",3747,0.0028526323
"all_positive","global_ray",3751,0.71934993
"all_positive","global_ray",3755,0.013009782
"all_positive","global_ray",3759,0.62570387
"all_positive","global_ray",3763,0.53278155
"all_positive","global_ray",3767,0.39497595
"all_positive","global_ray",3771,0.05767123
"all_positive","global_ray",3775,0.003251367
"all_positive","global_ray",3779,0.1912901
"all_positive","global_ray",3783,0.22764206
"all_positive","global_ray",3787,0.35807429
"all_positive","global_ray",3791,0.37039834
"all_positive","global_ray",3795,0.20259539
"all_positive","global_ray",3799,0.23024432
"all_positive","global_ray",3803,0.32181343
"all_positive","global_ray",3807,0.53360339
"all_positive","global_ray",3811,0.56239845
"all_positive","global_ray",3815,0.1432582
"all_positive","global_ray",3819,0.54735201
"all_positive","global_ray",3823,0.22983092
"all_positive","global_ray",3827,0.20309947
"all_positive","global_ray",3831,0.31195704
"all_positive","global_ray",3835,0.0061338689
"all_positive","global_ray",3839,0.3716977
"all_positive","global_ray",3843,0.44233992
"all_positive","global_ray",3847,0.21379591
"all_positive","global_ray",3851,0.24902923
"all_positive","global_ray",3855,0.41366425
"all_positive","global_ray",3859,0.53868494
"all_positive","global_ray",3863,0.29845583
"all_positive","global_ray",3867,0.29373452
"all_positive","global_ray",3871,0.17706547
"all_positive","global_ray",3875,0.16976656
"all_positive","global_ray",3879,0.5458394
"all_positive","global_ray",3883,0.71983546
"all_positive","global_ray",3887,0.35795323
"all_positive","global_ray",3891,0.063711623
"all_positive","global_ray",3895,0.24347022
"all_positive","global_ray",3899,0.64815309
"all_positive","global_ray",3903,0.15589119
"all_positive","global_ray",3907,0.31760846
"all_positive","global_ray",3911,0.3162736
"all_positive","global_ray",3915,0.23514248
"all_positive","global_ray",3919,0.35323087
"all_positive","global_ray",3923,0.53621629
"all_positive","global_ray",3927,0.35760276
"all_positive","global_ray",3931,0.48823945
"all_positive","global_ray",3935,0.25027747
"all_positive","global_ray",3939,0.86737808
"all_positive","global_ray",3943,0.43524922
"all_positive","global_ray",3947,0.45920731
"all_positive","global_ray",3951,0.16384995
"all_positive","global_ray",3955,0.26182355
"all_positive","global_ray",3959,0.16552641
"all_positive","global_ray",3963,0.53739714
"all_positive","global_ray",3967,0.020610677
"all_positive","global_ray",3971,0.66410381
"all_positive","global_ray",3975,0.48801095
"all_positive","global_ray",3979,0.30607774
"all_positive","global_ray",3983,0.45602654
"all_positive","global_ray",3987,0.46749411
"all_positive","global_ray",3991,0.6037354
"all_positive","global_ray",3995,0.55327388
"all_positive","global_ray",3999,0.2196294
"all_positive","global_ray",4003,0.01745291
"all_positive","global_ray",4007,0.3455586
"all_positive","global_ray",4011,0.61388014
"all_positive","global_ray",4015,0.014450974
"all_positive","global_ray",4019,0.091557941
"all_positive","global_ray",4023,0.074892722
"all_positive","global_ray",4027,0.30314071
"all_positive","global_ray",4031,0.30117658
"all_positive","global_ray",4035,0.044800892
"all_positive","global_ray",4039,0.38791776
"all_positive","global_ray",4043,0.31905038
"all_positive","global_ray",4047,0.46602507
"all_positive","global_ray",4051,0.0055401721
"all_positive","global_ray",4055,0.40977591
"all_positive","global_ray",4059,0.58536257
"all_positive","global_ray",4063,0.26797499
"all_positive","global_ray",4067,0.59587101
"all_positive","global_ray",4071,0.68097713
"all_positive","global_ray",4075,0.55484685
"all_positive","global_ray",4079,0.17746635
"all_positive","global_ray",4083,0.043551757
"all_positive","global_ray",4087,0.3202152
"all_positive","global_ray",4091,0.28571629
"all_positive","global_ray",4095,0.38630684
"all_positive","global_ray",4099,0.39186158
"all_positive","global_ray",4103,0.53488764
"all_positive","global_ray",4107,0.80635607
"all_positive","global_ray",4111,0.54871598
"all_positive","global_ray",4115,0.15638025
"all_positive","global_ray",4119,0.50140288
"all_positive","global_ray",4123,0.41813757
"all_positive","global_ray",4127,0.79725916
"all_positive","global_ray",4131,0.54900457
"all_positive","global_ray",4135,0.15072703
"all_positive","global_ray",4139,0.222355
"all_positive","global_ray",4143,0.059764101
"all_positive","global_ray",4147,0.081502423
"all_positive","global_ray",4151,0.61351803
"all_positive","global_ray",4155,0.65098719
"all_positive","global_ray",4159,0.3890546
"all_positive","global_ray",4163,0.66552111
"all_positive","global_ray",4167,0.2191212
"all_positive","global_ray",4171,0.54058222
"all_positive","global_ray",4175,0.25131622
"all_positive","global_ray",4179,0.88956568
"all_positive","global_ray",4183,0.58392108
"all_positive","global_ray",4187,0.14420349
"all_positive","global_ray",4191,0.15232179
"all_positive","global_ray",4195,0.14102958
"all_positive","global_ray",4199,0.19886379
"all_positive","global_ray",4203,0.051524738
"all_positive","global_ray",4207,0.36325242
"all_positive","global_ray",4211,0.052418864
"all_positive","global_ray",4215,0.096389988
"all_positive","global_ray",4219,0.13165474
"all_positive","global_ray",4223,0.58086565
"all_positive","global_ray",4227,0.41857537
"all_positive","global_ray",4231,0.55224394
"all_positive","global_ray",4235,0.19146874
"all_positive","global_ray",4239,0.3164401
"all_positive","global_ray",4243,0.0033201981
"all_positive","global_ray",4247,0.24110639
"all_positive","global_ray",4251,0.65305851
"all_positive","global_ray",4255,0.036034078
"all_positive","global_ray",4259,0.44744175
"all_positive","global_ray",4263,0.045682676
"all_positive","global_ray",4267,0.32648528
"all_positive","global_ray",4271,0.52492309
"all_positive","global_ray",4275,0.45724163
"all_positive","global_ray",4279,0.21332353
"all_positive","global_ray",4283,0.19914245
"all_positive","global_ray",4287,0.71264093
"all_positive","global_ray",4291,0.46006534
"all_positive","global_ray",4295,0.054105294
"all_positive","global_ray",4299,0.4097883
"all_positive","global_ray",4303,0.65064395
"all_positive","global_ray",4307,0.48644288
"all_positive","global_ray",4311,0.051175971
"all_positive","global_ray",4315,0.33713302
"all_positive","global_ray",4319,0.50662102
"all_positive","global_ray",4323,0.29498158
"all_positive","global_ray",4327,0.83757687
"all_positive","global_ray",4331,0.50215658
"all_positive","global_ray",4335,0.018107891
"all_positive","global_ray",4339,0.29133279
"all_positive","global_ray",4343,0.12212384
"all_positive","global_ray",4347,0.33704507
"all_positive","global_ray",4351,0.22575772
"all_positive","global_ray",4355,0.46300606
"all_positive","global_ray",4359,0.056798709
"all_positive","global_ray",4363,0.047223038
"all_positive","global_ray",4367,0.55406662
"all_positive","global_ray",4371,0.17791935
"all_positive","global_ray",4375,0.40134612
"all_positive","global_ray",4379,0.42006676
"all_positive","global_ray",4383,0.70529245
"all_positive","global_ray",4387,0.39145644
"all_positive","global_ray",4391,0.51225585
"all_positive","global_ray",4395,0.1558609
"all_positive","global_ray",4399,0.39577528
"all_positive","global_ray",4403,0.32472204
"all_positive","global_ray",4407,0.56115839
"all_positive","global_ray",4411,0.80065762
"all_positive","global_ray",4415,0.35197033
"all_positive","global_ray",4419,0.1024209
"all_positive","global_ray",4423,0.6912717
"all_positive","global_ray",4427,0.41194227
"all_positive","global_ray",4431,0.37747938
"all_positive","global_ray",4435,0.0233874
"all_positive","global_ray",4439,0.41647908
"all_positive","global_ray",4443,0.33765025
"all_positive","global_ray",4447,0.34601588
"all_positive","global_ray",4451,0.086441933
"all_positive","global_ray",4455,0.071242938
"all_positive","global_ray",4459,0.34277882
"all_positive","global_ray",4463,0.67412323
"all_positive","global_ray",4467,0.49545531
"all_positive","global_ray",4471,0.73909237
"all_positive","global_ray",4475,0.29541586
"all_positive","global_ray",4479,0.053075209
"all_positive","global_ray",4483,0.2107704
"all_positive","global_ray",4487,0.21806908
"all_positive","global_ray",4491,0.58517903
"all_positive","global_ray",4495,0.60882782
"all_positive","global_ray",4499,0.08409342
"all_positive","global_ray",4503,0.10620293
"all_positive","global_ray",4507,0.49450711
"all_positive","global_ray",4511,0.47421413
"all_positive","global_ray",4515,0.72319395
"all_positive","global_ray",4519,0.053138301
"all_positive","global_ray",4523,0.23398508
"all_positive","global_ray",4527,0.69937122
"all_positive","global_ray",4531,0.46894678
"all_positive","global_ray",4535,0.33553322
"all_positive","global_ray",4539,0.50423187
"all_positive","global_ray",4543,0.78612491
"all_positive","global_ray",4547,0.31413307
"all_positive","global_ray",4551,0.25706612
"all_positive","global_ray",4555,0.12038236
"all_positive","global_ray",4559,0.29856733
"all_positive","global_ray",4563,0.32727311
"all_positive","global_ray",4567,0.17593874
"all_positive","global_ray",4571,0.17924736
"all_positive","global_ray",4575,0.40812202
"all_positive","global_ray",4579,0.31731471
"all_positive","global_ray",4583,0.16000247
"all_positive","global_ray",4587,0.45983663
"all_positive","global_ray",4591,0.072541652
"all_positive","global_ray",4595,0.47527525
"all_positive","global_ray",4599,0.32170237
"all_positive","global_ray",4603,0.67093871
"all_positive","global_ray",4607,0.11653053
"all_positive","global_ray",4611,0.62785514
"all_positive","global_ray",4615,0.16380342
"all_positive","global_ray",4619,0.69990015
"all_positive","global_ray",4623,0.22582802
"all_positive","global_ray",4627,0.3206427
"all_positive","global_ray",4631,0.3766616
"all_positive","global_ray",4635,0.37117947
"all_positive","global_ray",4639,0.3740899
"all_positive","global_ray",4643,0.098867796
"all_positive","global_ray",4647,0.4202948
"all_positive","global_ray",4651,0.27573038
"all_positive","global_ray",4655,0.47921642
"all_positive","global_ray",4659,0.62726623
"all_positive","global_ray",4663,0.60961864
"all_positive","global_ray",4667,0.44877293
"all_positive","global_ray",4671,0.18102484
"all_positive","global_ray",4675,0.59856352
"all_positive","global_ray",4679,0.16588881
"all_positive","global_ray",4683,0.0069152159
"all_positive","global_ray",4687,0.066811692
"all_positive","global_ray",4691,0.49084335
"all_positive","global_ray",4695,0.60762796
"all_positive","global_ray",4699,0.022759255
"all_positive","global_ray",4703,0.43642493
"all_positive","global_ray",4707,0.12121417
"all_positive","global_ray",4711,0.20348548
"all_positive","global_ray",4715,0.080947284
"all_positive","global_ray",4719,0.39348138
"all_positive","global_ray",4723,0.860817
"all_positive","global_ray",4727,0.81765883
"all_positive","global_ray",4731,0.32562905
"all_positive","global_ray",4735,0.065531541
"all_positive","global_ray",4739,0.59725363
"all_positive","global_ray",4743,0.38442448
"all_positive","global_ray",4747,0.14423091
"all_positive","global_ray",4751,0.48096171
"all_positive","global_ray",4755,0.84225967
"all_positive","global_ray",4759,0.29115901
"all_positive","global_ray",4763,0.23179616
"all_positive","global_ray",4767,0.098155302
"all_positive","global_ray",4771,0.58691595
"all_positive","global_ray",4775,0.39607862
"all_positive","global_ray",4779,0.8096213
"all_positive","global_ray",4783,0.66495028
"all_positive","global_ray",4787,0.39354813
"all_positive","global_ray",4791,0.33054907
"all_positive","global_ray",4795,0.28622922
"all_positive","global_ray",4799,0.27952504
"all_positive","global_ray",4803,0.21267525
"all_positive","global_ray",4807,0.29626814
"all_positive","global_ray",4811,0.17609227
"all_positive","global_ray",4815,0.51336305
"all_positive","global_ray",4819,0.19751271
"all_positive","global_ray",4823,0.50905239
"all_positive","global_ray",4827,0.29524348
"all_positive","global_ray",4831,0.22561256
"all_positive","global_ray",4835,0.1853731
"all_positive","global_ray",4839,0.077935327
"all_positive","global_ray",4843,0.38286748
"all_positive","global_ray",4847,0.27343524
"all_positive","global_ray",4851,0.5860381
"all_positive","global_ray",4855,0.12921626
"all_positive","global_ray",4859,0.63153204
"all_positive","global_ray",4863,0.83631511
"all_positive","global_ray",4867,0.60572614
"all_positive","global_ray",4871,0.32719122
"all_positive","global_ray",4875,0.49737938
"all_positive","global_ray",4879,0.90423592
"all_positive","global_ray",4883,0.44583095
"all_positive","global_ray",4887,0.60707938
"all_positive","global_ray",4891,0.11936755
"all_positive","global_ray",4895,0.21665548
"all_positive","global_ray",4899,0.71684446
"all_positive","global_ray",4903,0.70514383
"all_positive","global_ray",4907,0.096834026
"all_positive","global_ray",4911,0.36178492
"all_positive","global_ray",4915,0.66434991
"all_positive","global_ray",4919,0.40150129
"all_positive","global_ray",4923,0.3271509
"all_positive","global_ray",4927,0.25247836
"all_positive","global_ray",4931,0.58464053
"all_positive","global_ray",4935,0.0016049682
"all_positive","global_ray",4939,0.29995524
"all_positive","global_ray",4943,0.52253316
"all_positive","global_ray",4947,0.49732806
"all_positive","global_ray",4951,0.63743923
"all_positive","global_ray",4955,0.26949697
"all_positive","global_ray",4959,0.79611026
"all_positive","global_ray",4963,0.15888231
"all_positive","global_ray",4967,0.50221596
"all_positive","global_ray",4971,0.64794491
"all_positive","global_ray",4975,0.55088904
"all_positive","global_ray",4979,0.11733089
"all_positive","global_ray",4983,0.050645895
"all_positive","global_ray",4987,0.47115947
"all_positive","global_ray",4991,0.20882285
"all_positive","global_ray",4995,0.22340076
"all_positive","global_ray",4999,0.27011497
"all_positive","global_ray",5004,0.57931026
"all_positive","global_ray",5008,0.37036574
"all_positive","global_ray",5012,0.10296931
"all_positive","global_ray",5016,0.26949146
"all_positive","global_ray",5020,0.32710593
"all_positive","global_ray",5024,0.11196769
"all_positive","global_ray",5028,0.60560948
"all_positive","global_ray",5032,0.57817604
"all_positive","global_ray",5036,0.11049244
"all_positive","global_ray",5040,0.51435904
"all_positive","global_ray",5044,0.65619359
"all_positive","global_ray",5048,0.27941043
"all_positive","global_ray",5052,0.13851205
"all_positive","global_ray",5056,0.25755311
"all_positive","global_ray",5060,0.059606102
"all_positive","global_ray",5064,0.29240158
"all_positive","global_ray",5068,0.18146169
"all_positive","global_ray",5072,0.28235421
"all_positive","global_ray",5076,0.50468081
"all_positive","global_ray",5080,0.33010335
"all_positive","global_ray",5084,0.34412955
"all_positive","global_ray",5088,0.70579318
"all_positive","global_ray",5092,0.1783507
"all_positive","global_ray",5096,0.25385522
"all_positive","global_ray",5100,0.12683099
"all_positive","global_ray",5104,0.30000737
"all_positive","global_ray",5108,0.41051014
"all_positive","global_ray",5112,0.072673706
"all_positive","global_ray",5116,0.076852236
"all_positive","global_ray",5120,0.18392033
"all_positive","global_ray",5124,0.14628731
"all_positive","global_ray",5128,0.42332738
"all_positive","global_ray",5132,0.15464991
"all_positive","global_ray",5136,0.041462996
"all_positive","global_ray",5140,0.43949382
"all_positive","global_ray",5144,0.56275404
"all_positive","global_ray",5148,0.32307324
"all_positive","global_ray",5152,0.39631819
"all_positive","global_ray",5156,0.31642403
"all_positive","global_ray",5160,0.28550776
"all_positive","global_ray",5164,0.034615857
"all_positive","global_ray",5168,0.3346731
"all_positive","global_ray",5172,0.46442209
"all_positive","global_ray",5176,0.68387895
"all_positive","global_ray",5180,0.42925449
"all_positive","global_ray",5184,0.12269246
"all_positive","global_ray",5188,0.27451962
"all_positive","global_ray",5192,0.33205897
"all_positive","global_ray",5196,0.23226586
"all_positive","global_ray",5200,0.23764387
"all_positive","global_ray",5204,0.67537968
"all_positive","global_ray",5208,0.18209763
"all_positive","global_ray",5212,0.49756568
"all_positive","global_ray",5216,0.093983543
"all_positive","global_ray",5220,0.51097153
"all_positive","global_ray",5224,0.70384532
"all_positive","global_ray",5228,0.56284243
"all_positive","global_ray",5232,0.35741149
"all_positive","global_ray",5236,0.10050032
"all_positive","global_ray",5240,0.2439155
"all_positive","global_ray",5244,0.52048952
"all_positive","global_ray",5248,0.40725305
"all_positive","global_ray",5252,0.15095455
"all_positive","global_ray",5256,0.049603723
"all_positive","global_ray",5260,0.36631719
"all_positive","global_ray",5264,0.17902486
"all_positive","global_ray",5268,0.32033744
"all_positive","global_ray",5272,0.40948772
"all_positive","global_ray",5276,0.39517577
"all_positive","global_ray",5280,0.17089566
"all_positive","global_ray",5284,0.10604126
"all_positive","global_ray",5288,0.09876701
"all_positive","global_ray",5292,0.10403364
"all_positive","global_ray",5296,0.50161636
"all_positive","global_ray",5300,0.23407894
"all_positive","global_ray",5304,0.10758457
"all_positive","global_ray",5308,0.020635739
"all_positive","global_ray",5312,0.15196039
"all_positive","global_ray",5316,0.057721643
"all_positive","global_ray",5320,0.4461024
"all_positive","global_ray",5324,0.31757645
"all_positive","global_ray",5328,0.19914544
"all_positive","global_ray",5332,0.077782891
"all_positive","global_ray",5336,0.17180711
"all_positive","global_ray",5340,0.094914848
"all_positive","global_ray",5344,0.15841908
"all_positive","global_ray",5348,0.21253456
"all_positive","global_ray",5352,0.4781802
"all_positive","global_ray",5356,0.30882539
"all_positive","global_ray",5360,0.062156729
"all_positive","global_ray",5364,0.29129886
"all_positive","global_ray",5368,0.35820499
"all_positive","global_ray",5372,0.57498127
"all_positive","global_ray",5376,0.26571228
"all_positive","global_ray",5380,0.82750599
"all_positive","global_ray",5384,0.38765224
"all_positive","global_ray",5388,0.039818849
"all_positive","global_ray",5392,0.52121914
"all_positive","global_ray",5396,0.33973679
"all_positive","global_ray",5400,0.41390597
"all_positive","global_ray",5404,0.3768769
"all_positive","global_ray",5408,0.28010835
"all_positive","global_ray",5412,0.22021706
"all_positive","global_ray",5416,0.11137755
"all_positive","global_ray",5420,0.11013844
"all_positive","global_ray",5424,0.51907676
"all_positive","global_ray",5428,0.11945424
"all_positive","global_ray",5432,0.084393533
"all_positive","global_ray",5436,0.67684658
"all_positive","global_ray",5440,0.46066737
"all_positive","global_ray",5444,0.49857816
"all_positive","global_ray",5448,0.38149245
"all_positive","global_ray",5452,0.1269917
"all_positive","global_ray",5456,0.38963315
"all_positive","global_ray",5460,0.13316674
"all_positive","global_ray",5464,0.18390972
"all_positive","global_ray",5468,0.54091567
"all_positive","global_ray",5472,0.4187149
"all_positive","global_ray",5476,0.37319603
"all_positive","global_ray",5480,0.4091276
"all_positive","global_ray",5484,0.22338324
"all_positive","global_ray",5488,0.17638481
"all_positive","global_ray",5492,0.17154393
"all_positive","global_ray",5496,0.084884609
"all_positive","global_ray",5500,0.37182385
"all_positive","global_ray",5504,0.77524576
"all_positive","global_ray",5508,0.75558909
"all_positive","global_ray",5512,0.33606284
"all_positive","global_ray",5516,0.50541155
"all_positive","global_ray",5520,0.15355015
"all_positive","global_ray",5524,0.33736526
"all_positive","global_ray",5528,0.86336563
"all_positive","global_ray",5532,0.36424698
"all_positive","global_ray",5536,0.55408452
"all_positive","global_ray",5540,0.28412763
"all_positive","global_ray",5544,0.46027741
"all_positive","global_ray",5548,0.13149325
"all_positive","global_ray",5552,0.47624343
"all_positive","global_ray",5556,0.34641198
"all_positive","global_ray",5560,0.38653832
"all_positive","global_ray",5564,0.12811966
"all_positive","global_ray",5568,0.16360982
"all_positive","global_ray",5572,0.37803977
"all_positive","global_ray",5576,0.4556749
"all_positive","global_ray",5580,0.36116249
"all_positive","global_ray",5584,0.45636133
"all_positive","global_ray",5588,0.49164743
"all_positive","global_ray",5592,0.36428837
"all_positive","global_ray",5596,0.76707961
"all_positive","global_ray",5600,0.588482
"all_positive","global_ray",5604,0.86437299
"all_positive","global_ray",5608,0.57700929
"all_positive","global_ray",5612,0.60700784
"all_positive","global_ray",5616,0.51856835
"all_positive","global_ray",5620,0.37554131
"all_positive","global_ray",5624,0.18890484
"all_positive","global_ray",5628,0.17544132
"all_positive","global_ray",5632,0.58947043
"all_positive","global_ray",5636,0.40976739
"all_positive","global_ray",5640,0.51143704
"all_positive","global_ray",5644,0.2619467
"all_positive","global_ray",5648,0.37109055
"all_positive","global_ray",5652,0.38743256
"all_positive","global_ray",5656,0.41452973
"all_positive","global_ray",5660,0.29637348
"all_positive","global_ray",5664,0.70090983
"all_positive","global_ray",5668,0.80559192
"all_positive","global_ray",5672,0.49207009
"all_positive","global_ray",5676,0.14719586
"all_positive","global_ray",5680,0.53366925
"all_positive","global_ray",5684,0.64048207
"all_positive","global_ray",5688,0.63926164
"all_positive","global_ray",5692,0.81958019
"all_positive","global_ray",5696,0.70022801
"all_positive","global_ray",5700,0.43351557
"all_positive","global_ray",5704,0.033514121
"all_positive","global_ray",5708,0.36256671
"all_positive","global_ray",5712,0.035200284
"all_positive","global_ray",5716,0.11368521
"all_positive","global_ray",5720,0.30725524
"all_positive","global_ray",5724,0.21211396
"all_positive","global_ray",5728,0.20182179
"all_positive","global_ray",5732,0.1945805
"all_positive","global_ray",5736,0.24828984
"all_positive","global_ray",5740,0.49293552
"all_positive","global_ray",5744,0.33344563
"all_positive","global_ray",5748,0.32494098
"all_positive","global_ray",5752,0.16732742
"all_positive","global_ray",5756,0.43003896
"all_positive","global_ray",5760,0.21334782
"all_positive","global_ray",5764,0.29791933
"all_positive","global_ray",5768,0.42695085
"all_positive","global_ray",5772,0.60570965
"all_positive","global_ray",5776,0.21565839
"all_positive","global_ray",5780,0.18319619
"all_positive","global_ray",5784,0.62806193
"all_positive","global_ray",5788,0.13417353
"all_positive","global_ray",5792,0.26958307
"all_positive","global_ray",5796,0.28774261
"all_positive","global_ray",5800,0.44897482
"all_positive","global_ray",5804,0.62992478
"all_positive","global_ray",5808,0.45211477
"all_positive","global_ray",5812,0.10116092
"all_positive","global_ray",5816,0.14796955
"all_positive","global_ray",5820,0.082450285
"all_positive","global_ray",5824,0.26281003
"all_positive","global_ray",5828,0.21822951
"all_positive","global_ray",5832,0.16214704
"all_positive","global_ray",5836,0.62271878
"all_positive","global_ray",5840,0.052325229
"all_positive","global_ray",5844,0.2054888
"all_positive","global_ray",5848,0.53719784
"all_positive","global_ray",5852,0.73220406
"all_positive","global_ray",5856,0.036504893
"all_positive","global_ray",5860,0.32233948
"all_positive","global_ray",5864,0.68662091
"all_positive","global_ray",5868,0.42810504
"all_positive","global_ray",5872,0.02365564
"all_positive","global_ray",5876,0.23153952
"all_positive","global_ray",5880,0.50207444
"all_positive","global_ray",5884,0.016837504
"all_positive","global_ray",5888,0.29258027
"all_positive","global_ray",5892,0.15542383
"all_positive","global_ray",5896,0.19802305
"all_positive","global_ray",5900,0.55513823
"all_positive","global_ray",5904,0.1626586
"all_positive","global_ray",5908,0.1741819
"all_positive","global_ray",5912,0.72162121
"all_positive","global_ray",5916,0.20883608
"all_positive","global_ray",5920,0.33990948
"all_positive","global_ray",5924,0.42542519
"all_positive","global_ray",5928,0.60696693
"all_positive","global_ray",5932,0.38873249
"all_positive","global_ray",5936,0.20430154
"all_positive","global_ray",5940,0.082765387
"all_positive","global_ray",5944,0.45159818
"all_positive","global_ray",5948,0.45448729
"all_positive","global_ray",5952,0.49801073
"all_positive","global_ray",5956,0.59594065
"all_positive","global_ray",5960,0.065183993
"all_positive","global_ray",5964,0.26312206
"all_positive","global_ray",5968,0.59138768
"all_positive","global_ray",5972,0.30126758
"all_positive","global_ray",5976,0.61575944
"all_positive","global_ray",5980,0.61514649
"all_positive","global_ray",5984,0.56221597
"all_positive","global_ray",5988,0.73070117
"all_positive","global_ray",5992,0.57702681
"all_positive","global_ray",5996,0.25179948
"all_positive","global_ray",6000,0.7511321
"all_negative","tri_sign",1,-0.28657461
"all_negative","tri_sign",5,-0.3938001
"all_negative","tri_sign",9,-0.08420554
"all_negative","tri_sign",13,-0.082674648
"all_negative","tri_sign",17,-0.075194291
"all_negative","tri_sign",21,-0.19715132
"all_negative","tri_sign",25,-0.10916014
"all_negative","tri_sign",29,-0.028092611
"all_negative","tri_sign",33,-0.21547624
"all_negative","tri_sign",37,-0.20744982
"all_negative","tri_sign",41,-0.20099965
"all_negative","tri_sign",45,-0.26638208
"all_negative","tri_sign",49,-0.12683922
"all_negative","tri_sign",53,-0.06070799
"all_negative","tri_sign",57,-0.14992917
"all_negative","tri_sign",61,-0.06133655
"all_negative","tri_sign",65,-0.12561875
"all_negative","tri_sign",69,-0.15311896
"all_negative","tri_sign",73,-0.29291207
"all_negative","tri_sign",77,-0.47277329
"all_negative","tri_sign",81,-0.082457938
"all_negative","tri_sign",85,-0.25172569
"all_negative","tri_sign",89,-0.036173232
"all_negative","tri_sign",93,-0.18134836
"all_negative","tri_sign",97,-0.39450828
"all_negative","tri_sign",101,-0.15450321
"all_negative","tri_sign",105,-0.59961691
"all_negative","tri_sign",109,-0.32424681
"all_negative","tri_sign",113,-0.072001857
"all_negative","tri_sign",117,-0.080847044
"all_negative","tri_sign",121,-0.11105296
"all_negative","tri_sign",125,-0.16247926
"all_negative","tri_sign",129,-0.20192618
"all_negative","tri_sign",133,-0.27833095
"all_negative","tri_sign",137,-0.13171153
"all_negative","tri_sign",141,-0.27724161
"all_negative","tri_sign",145,-0.55706898
"all_negative","tri_sign",149,-0.54813685
"all_negative","tri_sign",153,-0.11226945
"all_negative","tri_sign",157,-0.08288557
"all_negative","tri_sign",161,-0.66148144
"all_negative","tri_sign",165,-0.18081436
"all_negative","tri_sign",169,-0.29018219
"all_negative","tri_sign",173,-0.050710503
"all_negative","tri_sign",177,-0.039933843
"all_negative","tri_sign",181,-0.47512478
"all_negative","tri_sign",185,-0.18032617
"all_negative","tri_sign",189,-0.2060797
"all_negative","tri_sign",193,-0.20886284
"all_negative","tri_sign",197,-0.45025952
"all_negative","tri_sign",201,-0.068668125
"all_negative","tri_sign",205,-0.023512674
"all_negative","tri_sign",209,-0.36276946
"all_negative","tri_sign",213,-0.040298629
"all_negative","tri_sign",217,-0.0090533542
"all_negative","tri_sign",221,-0.064272855
"all_negative","tri_sign",225,-0.11631206
"all_negative","tri_sign",229,-0.11982868
"all_negative","tri_sign",233,-0.35165918
"all_negative","tri_sign",237,-0.16871249
"all_negative","tri_sign",241,-0.53809769
"all_negative","tri_sign",245,-0.051716598
"all_negative","tri_sign",249,-0.024965072
"all_negative","tri_sign",253,-0.33735583
"all_negative","tri_sign",257,-0.34560839
"all_negative","tri_sign",261,-0.4467984
"all_negative","tri_sign",265,-0.49990897
"all_negative","tri_sign",269,-0.29902083
"all_negative","tri_sign",273,-0.22181413
"all_negative","tri_sign",277,-0.09833712
"all_negative","tri_sign",281,-0.12420647
"all_negative","tri_sign",285,-0.018184712
"all_negative","tri_sign",289,-0.49175396
"all_negative","tri_sign",293,-0.10189457
"all_negative","tri_sign",297,-0.15516683
"all_negative","tri_sign",301,-0.20694975
"all_negative","tri_sign",305,-0.050006442
"all_negative","tri_sign",309,-0.045462828
"all_negative","tri_sign",313,-0.22493402
"all_negative","tri_sign",317,-0.22876075
"all_negative","tri_sign",321,-0.0077584267
"all_negative","tri_sign",325,-0.18373535
"all_negative","tri_sign",329,-0.27810859
"all_negative","tri_sign",333,-0.18116428
"all_negative","tri_sign",337,-0.11662374
"all_negative","tri_sign",341,-0.29528865
"all_negative","tri_sign",345,-0.074237992
"all_negative","tri_sign",349,-0.11605557
"all_negative","tri_sign",353,-0.30989277
"all_negative","tri_sign",357,-0.51590977
"all_negative","tri_sign",361,-0.30359481
"all_negative","tri_sign",365,-0.18139727
"all_negative","tri_sign",369,-0.031945443
"all_negative","tri_sign",373,-0.20780491
"all_negative","tri_sign",377,-0.47513847
"all_negative","tri_sign",381,-0.5154786
"all_negative","tri_sign",385,-0.31261311
"all_negative","tri_sign",389,-0.38566776
"all_negative","tri_sign",393,-0.20615475
"all_negative","tri_sign",397,-0.19515794
"all_negative","tri_sign",401,-0.80451982
"all_negative","tri_sign",405,-0.0072115713
"all_negative","tri_sign",409,-0.29021104
"all_negative","tri_sign",413,-0.040195177
"all_negative","tri_sign",417,-0.23097326
"all_negative","tri_sign",421,-0.25456088
"all_negative","tri_sign",425,-0.38998366
"all_negative","tri_sign",429,-0.63802833
"all_negative","tri_sign",433,-0.77021923
"all_negative","tri_sign",437,-0.026260296
"all_negative","tri_sign",441,-0.16881249
"all_negative","tri_sign",445,-0.079801907
"all_negative","tri_sign",449,-0.55654325
"all_negative","tri_sign",453,-0.24305752
"all_negative","tri_sign",457,-0.37401674
"all_negative","tri_sign",461,-0.056921858
"all_negative","tri_sign",465,-0.079179301
"all_negative","tri_sign",469,-0.045494412
"all_negative","tri_sign",473,-0.20758309
"all_negative","tri_sign",477,-0.27338576
"all_negative","tri_sign",481,-0.29313493
"all_negative","tri_sign",485,-0.01618558
"all_negative","tri_sign",489,-0.22367438
"all_negative","tri_sign",493,-0.090223096
"all_negative","tri_sign",497,-0.48350908
"all_negative","tri_sign",501,-0.17364669
"all_negative","tri_sign",505,-0.10142258
"all_negative","tri_sign",509,-0.13970748
"all_negative","tri_sign",513,-0.0947909
"all_negative","tri_sign",517,-0.22845009
"all_negative","tri_sign",521,-0.069857779
"all_negative","tri_sign",525,-0.084685177
"all_negative","tri_sign",529,-0.30798611
"all_negative","tri_sign",533,-0.034700323
"all_negative","tri_sign",537,-0.28466768
"all_negative","tri_sign",541,-0.1299674
"all_negative","tri_sign",545,-0.13245625
"all_negative","tri_sign",549,-0.073329077
"all_negative","tri_sign",553,-0.032919184
"all_negative","tri_sign",557,-0.026441081
"all_negative","tri_sign",561,-0.018043585
"all_negative","tri_sign",565,-0.056371121
"all_negative","tri_sign",569,-0.061670875
"all_negative","tri_sign",573,-0.010634648
"all_negative","tri_sign",577,-0.29721789
"all_negative","tri_sign",581,-0.26432604
"all_negative","tri_sign",585,-0.14279241
"all_negative","tri_sign",589,-0.49204714
"all_negative","tri_sign",593,-0.071367963
"all_negative","tri_sign",597,-0.023232041
"all_negative","tri_sign",601,-0.1092129
"all_negative","tri_sign",605,-0.13461236
"all_negative","tri_sign",609,-0.095426305
"all_negative","tri_sign",613,-0.21578405
"all_negative","tri_sign",617,-0.45255919
"all_negative","tri_sign",621,-0.13484966
"all_negative","tri_sign",625,-0.11650572
"all_negative","tri_sign",629,-0.40023922
"all_negative","tri_sign",633,-0.18922706
"all_negative","tri_sign",637,-0.72379806
"all_negative","tri_sign",641,-0.012051319
"all_negative","tri_sign",645,-0.22878498
"all_negative","tri_sign",649,-0.26644206
"all_negative","tri_sign",653,-0.020900958
"all_negative","tri_sign",657,-0.21811241
"all_negative","tri_sign",661,-0.36522239
"all_negative","tri_sign",665,-0.037506802
"all_negative","tri_sign",669,-0.21363607
"all_negative","tri_sign",673,-0.25914381
"all_negative","tri_sign",677,-0.21562839
"all_negative","tri_sign",681,-0.036334974
"all_negative","tri_sign",685,-0.027469158
"all_negative","tri_sign",689,-0.21461601
"all_negative","tri_sign",693,-0.044739568
"all_negative","tri_sign",697,-0.32646131
"all_negative","tri_sign",701,-0.027378118
"all_negative","tri_sign",705,-0.63956691
"all_negative","tri_sign",709,-0.058644354
"all_negative","tri_sign",713,-0.0016346792
"all_negative","tri_sign",717,-0.072724009
"all_negative","tri_sign",721,-0.024527216
"all_negative","tri_sign",725,-0.0093547355
"all_negative","tri_sign",729,-0.43460841
"all_negative","tri_sign",733,-0.14036437
"all_negative","tri_sign",737,-0.5518251
"all_negative","tri_sign",741,-0.043335913
"all_negative","tri_sign",745,-0.041025582
"all_negative","tri_sign",749,-0.18655486
"all_negative","tri_sign",753,-0.084205451
"all_negative","tri_sign",757,-0.10308289
"all_negative","tri_sign",761,-0.33394167
"all_negative","tri_sign",765,-0.12820082
"all_negative","tri_sign",769,-0.38035466
"all_negative","tri_sign",773,-0.13965449
"all_negative","tri_sign",777,-0.095415041
"all_negative","tri_sign",781,-0.18959535
"all_negative","tri_sign",785,-0.11108587
"all_negative","tri_sign",789,-0.080450035
"all_negative","tri_sign",793,-0.12551284
"all_negative","tri_sign",797,-0.3761705
"all_negative","tri_sign",801,-0.62363334
"all_negative","tri_sign",805,-0.254188
"all_negative","tri_sign",809,-0.084867572
"all_negative","tri_sign",813,-0.24991711
"all_negative","tri_sign",817,-0.025547052
"all_negative","tri_sign",821,-0.076432686
"all_negative","tri_sign",825,-0.057401161
"all_negative","tri_sign",829,-0.079832117
"all_negative","tri_sign",833,-0.20414125
"all_negative","tri_sign",837,-0.063001094
"all_negative","tri_sign",841,-0.019872283
"all_negative","tri_sign",845,-0.015340615
"all_negative","tri_sign",849,-0.14330306
"all_negative","tri_sign",853,-0.2073163
"all_negative","tri_sign",857,-0.12275249
"all_negative","tri_sign",861,-0.011396548
"all_negative","tri_sign",865,-0.24318357
"all_negative","tri_sign",869,-0.023506306
"all_negative","tri_sign",873,-0.041138348
"all_negative","tri_sign",877,-0.29862106
"all_negative","tri_sign",881,-0.11876772
"all_negative","tri_sign",885,-0.034245373
"all_negative","tri_sign",889,-0.11217794
"all_negative","tri_sign",893,-0.018960397
"all_negative","tri_sign",897,-0.25988592
"all_negative","tri_sign",901,-0.11396524
"all_negative","tri_sign",905,-0.33771697
"all_negative","tri_sign",909,-0.045171264
"all_negative","tri_sign",913,-0.47637761
"all_negative","tri_sign",917,-0.49440819
"all_negative","tri_sign",921,-0.051203185
"all_negative","tri_sign",925,-0.22285167
"all_negative","tri_sign",929,-0.24260059
"all_negative","tri_sign",933,-0.20634912
"all_negative","tri_sign",937,-0.30306729
"all_negative","tri_sign",941,-0.011753167
"all_negative","tri_sign",945,-0.02661604
"all_negative","tri_sign",949,-0.46897584
"all_negative","tri_sign",953,-0.23754809
"all_negative","tri_sign",957,-0.2306285
"all_negative","tri_sign",961,-0.22938917
"all_negative","tri_sign",965,-0.072161748
"all_negative","tri_sign",969,-0.22172409
"all_negative","tri_sign",973,-0.038667367
"all_negative","tri_sign",977,-0.097499745
"all_negative","tri_sign",981,-0.58481492
"all_negative","tri_sign",985,-0.075167621
"all_negative","tri_sign",989,-0.033206467
"all_negative","tri_sign",993,-0.16279697
"all_negative","tri_sign",997,-0.32617475
"all_negative","tri_sign",1002,-0.31655894
"all_negative","tri_sign",1006,-0.13692167
"all_negative","tri_sign",1010,-0.040616423
"all_negative","tri_sign",1014,-0.10000599
"all_negative","tri_sign",1018,-0.043602638
"all_negative","tri_sign",1022,-0.24347881
"all_negative","tri_sign",1026,-0.36920931
"all_negative","tri_sign",1030,-0.032734402
"all_negative","tri_sign",1034,-0.50280817
"all_negative","tri_sign",1038,-0.21870709
"all_negative","tri_sign",1042,-0.25903961
"all_negative","tri_sign",1046,-0.1168345
"all_negative","tri_sign",1050,-0.12879057
"all_negative","tri_sign",1054,-0.079048751
"all_negative","tri_sign",1058,-0.53332858
"all_negative","tri_sign",1062,-0.096264183
"all_negative","tri_sign",1066,-0.22722967
"all_negative","tri_sign",1070,-0.25616445
"all_negative","tri_sign",1074,-0.23854442
"all_negative","tri_sign",1078,-0.14457514
"all_negative","tri_sign",1082,-0.19372655
"all_negative","tri_sign",1086,-0.31161937
"all_negative","tri_sign",1090,-0.16305199
"all_negative","tri_sign",1094,-0.40177357
"all_negative","tri_sign",1098,-0.0091985141
"all_negative","tri_sign",1102,-0.069848737
"all_negative","tri_sign",1106,-0.18179103
"all_negative","tri_sign",1110,-0.124703
"all_negative","tri_sign",1114,-0.14741
"all_negative","tri_sign",1118,-0.12811756
"all_negative","tri_sign",1122,-0.022844339
"all_negative","tri_sign",1126,-0.072612055
"all_negative","tri_sign",1130,-0.031812586
"all_negative","tri_sign",1134,-0.12789151
"all_negative","tri_sign",1138,-0.0089496286
"all_negative","tri_sign",1142,-0.034195137
"all_negative","tri_sign",1146,-0.013082382
"all_negative","tri_sign",1150,-0.062186134
"all_negative","tri_sign",1154,-0.30365607
"all_negative","tri_sign",1158,-0.18570481
"all_negative","tri_sign",1162,-0.33006857
"all_negative","tri_sign",1166,-0.048384346
"all_negative","tri_sign",1170,-0.079223028
"all_negative","tri_sign",1174,-0.13552835
"all_negative","tri_sign",1178,-0.18488812
"all_negative","tri_sign",1182,-0.041213593
"all_negative","tri_sign",1186,-0.48566027
"all_negative","tri_sign",1190,-0.12486759
"all_negative","tri_sign",1194,-0.15053394
"all_negative","tri_sign",1198,-0.24340853
"all_negative","tri_sign",1202,-0.27750166
"all_negative","tri_sign",1206,-0.029933192
"all_negative","tri_sign",1210,-0.078058267
"all_negative","tri_sign",1214,-0.35972726
"all_negative","tri_sign",1218,-0.087902043
"all_negative","tri_sign",1222,-0.2902813
"all_negative","tri_sign",1226,-0.2060398
"all_negative","tri_sign",1230,-0.21125064
"all_negative","tri_sign",1234,-0.30216095
"all_negative","tri_sign",1238,-0.096349972
"all_negative","tri_sign",1242,-0.23002455
"all_negative","tri_sign",1246,-0.2723296
"all_negative","tri_sign",1250,-0.016569265
"all_negative","tri_sign",1254,-0.034751087
"all_negative","tri_sign",1258,-0.21363162
"all_negative","tri_sign",1262,-0.34629189
"all_negative","tri_sign",1266,-0.059685372
"all_negative","tri_sign",1270,-0.25612709
"all_negative","tri_sign",1274,-0.34768695
"all_negative","tri_sign",1278,-0.0037440514
"all_negative","tri_sign",1282,-0.2289044
"all_negative","tri_sign",1286,-0.2134507
"all_negative","tri_sign",1290,-0.16028208
"all_negative","tri_sign",1294,-0.48057283
"all_negative","tri_sign",1298,-0.13092959
"all_negative","tri_sign",1302,-0.049094278
"all_negative","tri_sign",1306,-0.31926446
"all_negative","tri_sign",1310,-0.16283039
"all_negative","tri_sign",1314,-0.21632195
"all_negative","tri_sign",1318,-0.067520329
"all_negative","tri_sign",1322,-0.018773724
"all_negative","tri_sign",1326,-0.29129142
"all_negative","tri_sign",1330,-0.17519927
"all_negative","tri_sign",1334,-0.21360334
"all_negative","tri_sign",1338,-0.12858946
"all_negative","tri_sign",1342,-0.2648042
"all_negative","tri_sign",1346,-0.59508545
"all_negative","tri_sign",1350,-0.040628092
"all_negative","tri_sign",1354,-0.30123744
"all_negative","tri_sign",1358,-0.084566941
"all_negative","tri_sign",1362,-0.20863035
"all_negative","tri_sign",1366,-0.1379153
"all_negative","tri_sign",1370,-0.13337642
"all_negative","tri_sign",1374,-0.06610503
"all_negative","tri_sign",1378,-0.36468858
"all_negative","tri_sign",1382,-0.34274705
"all_negative","tri_sign",1386,-0.088500397
"all_negative","tri_sign",1390,-0.19699737
"all_negative","tri_sign",1394,-0.32576852
"all_negative","tri_sign",1398,-0.30076466
"all_negative","tri_sign",1402,-0.22390672
"all_negative","tri_sign",1406,-0.11676977
"all_negative","tri_sign",1410,-0.11447498
"all_negative","tri_sign",1414,-0.10622194
"all_negative","tri_sign",1418,-0.19554813
"all_negative","tri_sign",1422,-0.17389745
"all_negative","tri_sign",1426,-0.47784263
"all_negative","tri_sign",1430,-0.061932806
"all_negative","tri_sign",1434,-0.067148816
"all_negative","tri_sign",1438,-0.14858073
"all_negative","tri_sign",1442,-0.17331129
"all_negative","tri_sign",1446,-0.11292611
"all_negative","tri_sign",1450,-0.37581328
"all_negative","tri_sign",1454,-0.044393815
"all_negative","tri_sign",1458,-0.073013235
"all_negative","tri_sign",1462,-0.59365141
"all_negative","tri_sign",1466,-0.027635249
"all_negative","tri_sign",1470,-0.22744263
"all_negative","tri_sign",1474,-0.12582811
"all_negative","tri_sign",1478,-0.62217059
"all_negative","tri_sign",1482,-0.34206793
"all_negative","tri_sign",1486,-0.044249596
"all_negative","tri_sign",1490,-0.19519441
"all_negative","tri_sign",1494,-0.029534385
"all_negative","tri_sign",1498,-0.55424957
"all_negative","tri_sign",1502,-0.24938871
"all_negative","tri_sign",1506,-0.10589184
"all_negative","tri_sign",1510,-0.1075869
"all_negative","tri_sign",1514,-0.23431541
"all_negative","tri_sign",1518,-0.16938473
"all_negative","tri_sign",1522,-0.16990532
"all_negative","tri_sign",1526,-0.025840782
"all_negative","tri_sign",1530,-0.061230699
"all_negative","tri_sign",1534,-0.31813541
"all_negative","tri_sign",1538,-0.19385116
"all_negative","tri_sign",1542,-0.16542445
"all_negative","tri_sign",1546,-0.51511444
"all_negative","tri_sign",1550,-0.22528455
"all_negative","tri_sign",1554,-0.17324845
"all_negative","tri_sign",1558,-0.16810771
"all_negative","tri_sign",1562,-0.1177878
"all_negative","tri_sign",1566,-0.19192702
"all_negative","tri_sign",1570,-0.57025522
"all_negative","tri_sign",1574,-0.25181063
"all_negative","tri_sign",1578,-0.38423398
"all_negative","tri_sign",1582,-0.046627497
"all_negative","tri_sign",1586,-0.55862222
"all_negative","tri_sign",1590,-0.018381155
"all_negative","tri_sign",1594,-0.48983565
"all_negative","tri_sign",1598,-0.12942263
"all_negative","tri_sign",1602,-0.23617095
"all_negative","tri_sign",1606,-0.016194164
"all_negative","tri_sign",1610,-0.19704756
"all_negative","tri_sign",1614,-0.046573125
"all_negative","tri_sign",1618,-0.36893993
"all_negative","tri_sign",1622,-0.13645364
"all_negative","tri_sign",1626,-0.097770978
"all_negative","tri_sign",1630,-0.37604196
"all_negative","tri_sign",1634,-0.0047378795
"all_negative","tri_sign",1638,-0.10905114
"all_negative","tri_sign",1642,-0.044066241
"all_negative","tri_sign",1646,-0.053366617
"all_negative","tri_sign",1650,-0.075318678
"all_negative","tri_sign",1654,-0.15431083
"all_negative","tri_sign",1658,-0.44446139
"all_negative","tri_sign",1662,-0.70950741
"all_negative","tri_sign",1666,-0.27537399
"all_negative","tri_sign",1670,-0.1135215
"all_negative","tri_sign",1674,-0.16251299
"all_negative","tri_sign",1678,-0.13680692
"all_negative","tri_sign",1682,-0.12042445
"all_negative","tri_sign",1686,-0.21963358
"all_negative","tri_sign",1690,-0.39439425
"all_negative","tri_sign",1694,-0.065045984
"all_negative","tri_sign",1698,-0.32460075
"all_negative","tri_sign",1702,-0.054741966
"all_negative","tri_sign",1706,-0.49721351
"all_negative","tri_sign",1710,-0.018061039
"all_negative","tri_sign",1714,-0.21244138
"all_negative","tri_sign",1718,-0.21981404
"all_negative","tri_sign",1722,-0.11064625
"all_negative","tri_sign",1726,-0.0063941046
"all_negative","tri_sign",1730,-0.065869879
"all_negative","tri_sign",1734,-0.062233958
"all_negative","tri_sign",1738,-0.14102229
"all_negative","tri_sign",1742,-0.12890893
"all_negative","tri_sign",1746,-0.10140454
"all_negative","tri_sign",1750,-0.25636804
"all_negative","tri_sign",1754,-0.13069014
"all_negative","tri_sign",1758,-0.17340153
"all_negative","tri_sign",1762,-0.035994094
"all_negative","tri_sign",1766,-0.54680631
"all_negative","tri_sign",1770,-0.60974458
"all_negative","tri_sign",1774,-0.0096708301
"all_negative","tri_sign",1778,-0.29321328
"all_negative","tri_sign",1782,-0.24178921
"all_negative","tri_sign",1786,-0.1852524
"all_negative","tri_sign",1790,-0.21751956
"all_negative","tri_sign",1794,-0.41234106
"all_negative","tri_sign",1798,-0.22856446
"all_negative","tri_sign",1802,-0.35451797
"all_negative","tri_sign",1806,-0.16282702
"all_negative","tri_sign",1810,-0.1651852
"all_negative","tri_sign",1814,-0.036236623
"all_negative","tri_sign",1818,-0.19577493
"all_negative","tri_sign",1822,-0.14403616
"all_negative","tri_sign",1826,-0.033233661
"all_negative","tri_sign",1830,-0.040144377
"all_negative","tri_sign",1834,-0.5107583
"all_negative","tri_sign",1838,-0.14894375
"all_negative","tri_sign",1842,-0.08677212
"all_negative","tri_sign",1846,-0.44532051
"all_negative","tri_sign",1850,-0.33812252
"all_negative","tri_sign",1854,-0.19334426
"all_negative","tri_sign",1858,-0.35378971
"all_negative","tri_sign",1862,-0.029539967
"all_negative","tri_sign",1866,-0.11839313
"all_negative","tri_sign",1870,-0.1153325
"all_negative","tri_sign",1874,-0.14347128
"all_negative","tri_sign",1878,-0.021260771
"all_negative","tri_sign",1882,-0.0076781729
"all_negative","tri_sign",1886,-0.29564166
"all_negative","tri_sign",1890,-0.065222599
"all_negative","tri_sign",1894,-0.39778055
"all_negative","tri_sign",1898,-0.42283394
"all_negative","tri_sign",1902,-0.0350973
"all_negative","tri_sign",1906,-0.36154268
"all_negative","tri_sign",1910,-0.58530687
"all_negative","tri_sign",1914,-0.03505183
"all_negative","tri_sign",1918,-0.17846104
"all_negative","tri_sign",1922,-0.033151467
"all_negative","tri_sign",1926,-0.12039954
"all_negative","tri_sign",1930,-0.37909395
"all_negative","tri_sign",1934,-0.090558842
"all_negative","tri_sign",1938,-0.027137699
"all_negative","tri_sign",1942,-0.024597892
"all_negative","tri_sign",1946,-0.22706072
"all_negative","tri_sign",1950,-0.11414963
"all_negative","tri_sign",1954,-0.33307132
"all_negative","tri_sign",1958,-0.22437674
"all_negative","tri_sign",1962,-0.2289299
"all_negative","tri_sign",1966,-0.18679468
"all_negative","tri_sign",1970,-0.090811249
"all_negative","tri_sign",1974,-0.21124505
"all_negative","tri_sign",1978,-0.0041843708
"all_negative","tri_sign",1982,-0.18221457
"all_negative","tri_sign",1986,-0.22790425
"all_negative","tri_sign",1990,-0.10849613
"all_negative","tri_sign",1994,-0.11917909
"all_negative","tri_sign",1998,-0.12743634
"all_negative","tri_sign",2002,-0.27409448
"all_negative","tri_sign",2006,-0.062866147
"all_negative","tri_sign",2010,-0.48308556
"all_negative","tri_sign",2014,-0.40790851
"all_negative","tri_sign",2018,-0.27093394
"all_negative","tri_sign",2022,-0.20566995
"all_negative","tri_sign",2026,-0.15149314
"all_negative","tri_sign",2030,-0.068095248
"all_negative","tri_sign",2034,-0.10967312
"all_negative","tri_sign",2038,-0.16169805
"all_negative","tri_sign",2042,-0.41585156
"all_negative","tri_sign",2046,-0.12992788
"all_negative","tri_sign",2050,-0.051380243
"all_negative","tri_sign",2054,-0.0037911357
"all_negative","tri_sign",2058,-0.038471221
"all_negative","tri_sign",2062,-0.4860399
"all_negative","tri_sign",2066,-0.48913952
"all_negative","tri_sign",2070,-0.51078637
"all_negative","tri_sign",2074,-0.64907893
"all_negative","tri_sign",2078,-0.045939865
"all_negative","tri_sign",2082,-0.015139454
"all_negative","tri_sign",2086,-0.24070907
"all_negative","tri_sign",2090,-0.33956715
"all_negative","tri_sign",2094,-0.019557194
"all_negative","tri_sign",2098,-0.21767734
"all_negative","tri_sign",2102,-0.15816997
"all_negative","tri_sign",2106,-0.2506853
"all_negative","tri_sign",2110,-0.018667124
"all_negative","tri_sign",2114,-0.013273376
"all_negative","tri_sign",2118,-0.26138987
"all_negative","tri_sign",2122,-0.18977947
"all_negative","tri_sign",2126,-0.16728779
"all_negative","tri_sign",2130,-0.043827738
"all_negative","tri_sign",2134,-0.15692312
"all_negative","tri_sign",2138,-0.032162514
"all_negative","tri_sign",2142,-0.02346059
"all_negative","tri_sign",2146,-0.24709253
"all_negative","tri_sign",2150,-0.40948302
"all_negative","tri_sign",2154,-0.078775168
"all_negative","tri_sign",2158,-0.22511675
"all_negative","tri_sign",2162,-0.062232807
"all_negative","tri_sign",2166,-0.53110028
"all_negative","tri_sign",2170,-0.084760427
"all_negative","tri_sign",2174,-0.31312255
"all_negative","tri_sign",2178,-0.50400207
"all_negative","tri_sign",2182,-0.21414982
"all_negative","tri_sign",2186,-0.081038024
"all_negative","tri_sign",2190,-0.041845573
"all_negative","tri_sign",2194,-0.15387173
"all_negative","tri_sign",2198,-0.14255865
"all_negative","tri_sign",2202,-0.10925235
"all_negative","tri_sign",2206,-0.14389349
"all_negative","tri_sign",2210,-0.19110168
"all_negative","tri_sign",2214,-0.011813236
"all_negative","tri_sign",2218,-0.18308562
"all_negative","tri_sign",2222,-0.22435709
"all_negative","tri_sign",2226,-0.051101544
"all_negative","tri_sign",2230,-0.32162866
"all_negative","tri_sign",2234,-0.3012379
"all_negative","tri_sign",2238,-0.0020789626
"all_negative","tri_sign",2242,-0.2200583
"all_negative","tri_sign",2246,-0.040902798
"all_negative","tri_sign",2250,-0.064129059
"all_negative","tri_sign",2254,-0.077441893
"all_negative","tri_sign",2258,-0.26503847
"all_negative","tri_sign",2262,-0.011545698
"all_negative","tri_sign",2266,-0.399654
"all_negative","tri_sign",2270,-0.048939867
"all_negative","tri_sign",2274,-0.072357589
"all_negative","tri_sign",2278,-0.014101653
"all_negative","tri_sign",2282,-0.015294884
"all_negative","tri_sign",2286,-0.28557081
"all_negative","tri_sign",2290,-4.0982749e-05
"all_negative","tri_sign",2294,-0.57437397
"all_negative","tri_sign",2298,-0.17558361
"all_negative","tri_sign",2302,-0.042539703
"all_negative","tri_sign",2306,-0.07668071
"all_negative","tri_sign",2310,-0.28520163
"all_negative","tri_sign",2314,-0.099651198
"all_negative","tri_sign",2318,-0.49059186
"all_negative","tri_sign",2322,-0.17524113
"all_negative","tri_sign",2326,-0.060566081
"all_negative","tri_sign",2330,-0.32587528
"all_negative","tri_sign",2334,-0.3970446
"all_negative","tri_sign",2338,-0.1535953
"all_negative","tri_sign",2342,-0.64770812
"all_negative","tri_sign",2346,-0.50608303
"all_negative","tri_sign",2350,-0.39700798
"all_negative","tri_sign",2354,-0.11310974
"all_negative","tri_sign",2358,-0.23909873
"all_negative","tri_sign",2362,-0.061991413
"all_negative","tri_sign",2366,-0.34122457
"all_negative","tri_sign",2370,-0.54159964
"all_negative","tri_sign",2374,-0.48266644
"all_negative","tri_sign",2378,-0.0043548338
"all_negative","tri_sign",2382,-0.045885266
"all_negative","tri_sign",2386,-0.7823007
"all_negative","tri_sign",2390,-0.095890708
"all_negative","tri_sign",2394,-0.24855017
"all_negative","tri_sign",2398,-0.091400708
"all_negative","tri_sign",2402,-0.08927276
"all_negative","tri_sign",2406,-0.16717954
"all_negative","tri_sign",2410,-0.0053071531
"all_negative","tri_sign",2414,-0.070814778
"all_negative","tri_sign",2418,-0.010176886
"all_negative","tri_sign",2422,-0.024946715
"all_negative","tri_sign",2426,-0.047679046
"all_negative","tri_sign",2430,-0.34483643
"all_negative","tri_sign",2434,-0.065856567
"all_negative","tri_sign",2438,-0.018563831
"all_negative","tri_sign",2442,-0.40638906
"all_negative","tri_sign",2446,-0.10559074
"all_negative","tri_sign",2450,-0.17614958
"all_negative","tri_sign",2454,-0.17317266
"all_negative","tri_sign",2458,-0.57409153
"all_negative","tri_sign",2462,-0.18621445
"all_negative","tri_sign",2466,-0.3404167
"all_negative","tri_sign",2470,-0.0059446285
"all_negative","tri_sign",2474,-0.33123889
"all_negative","tri_sign",2478,-0.11342259
"all_negative","tri_sign",2482,-0.096817796
"all_negative","tri_sign",2486,-0.48881126
"all_negative","tri_sign",2490,-0.1294336
"all_negative","tri_sign",2494,-0.42871259
"all_negative","tri_sign",2498,-0.064714455
"all_negative","tri_sign",2502,-0.075445136
"all_negative","tri_sign",2506,-0.34643159
"all_negative","tri_sign",2510,-0.049754181
"all_negative","tri_sign",2514,-0.048804538
"all_negative","tri_sign",2518,-0.11943517
"all_negative","tri_sign",2522,-0.23205411
"all_negative","tri_sign",2526,-0.38247423
"all_negative","tri_sign",2530,-0.063115201
"all_negative","tri_sign",2534,-0.11087449
"all_negative","tri_sign",2538,-0.16390537
"all_negative","tri_sign",2542,-0.32440691
"all_negative","tri_sign",2546,-0.042589818
"all_negative","tri_sign",2550,-0.33173534
"all_negative","tri_sign",2554,-0.20466276
"all_negative","tri_sign",2558,-0.353717
"all_negative","tri_sign",2562,-0.10725744
"all_negative","tri_sign",2566,-0.52513096
"all_negative","tri_sign",2570,-0.072010776
"all_negative","tri_sign",2574,-0.27763661
"all_negative","tri_sign",2578,-0.083842924
"all_negative","tri_sign",2582,-0.4679157
"all_negative","tri_sign",2586,-0.15569556
"all_negative","tri_sign",2590,-0.36395058
"all_negative","tri_sign",2594,-0.044214457
"all_negative","tri_sign",2598,-0.040872997
"all_negative","tri_sign",2602,-0.0050479216
"all_negative","tri_sign",2606,-0.04225883
"all_negative","tri_sign",2610,-0.18804963
"all_negative","tri_sign",2614,-0.24289535
"all_negative","tri_sign",2618,-0.031811912
"all_negative","tri_sign",2622,-0.49894157
"all_negative","tri_sign",2626,-0.28223474
"all_negative","tri_sign",2630,-0.64642397
"all_negative","tri_sign",2634,-0.44115484
"all_negative","tri_sign",2638,-0.10696187
"all_negative","tri_sign",2642,-0.20213519
"all_negative","tri_sign",2646,-0.00016324354
"all_negative","tri_sign",2650,-0.065561198
"all_negative","tri_sign",2654,-0.050285674
"all_negative","tri_sign",2658,-0.16463819
"all_negative","tri_sign",2662,-0.38272491
"all_negative","tri_sign",2666,-0.09116891
"all_negative","tri_sign",2670,-0.39100644
"all_negative","tri_sign",2674,-0.28292847
"all_negative","tri_sign",2678,-0.29928221
"all_negative","tri_sign",2682,-0.59675087
"all_negative","tri_sign",2686,-0.25505824
"all_negative","tri_sign",2690,-0.1964791
"all_negative","tri_sign",2694,-0.28276124
"all_negative","tri_sign",2698,-0.31072856
"all_negative","tri_sign",2702,-0.15572143
"all_negative","tri_sign",2706,-0.24964214
"all_negative","tri_sign",2710,-0.031962234
"all_negative","tri_sign",2714,-0.1420378
"all_negative","tri_sign",2718,-0.024410149
"all_negative","tri_sign",2722,-0.11502396
"all_negative","tri_sign",2726,-0.025575961
"all_negative","tri_sign",2730,-0.057879662
"all_negative","tri_sign",2734,-0.33485812
"all_negative","tri_sign",2738,-0.095172302
"all_negative","tri_sign",2742,-0.010275779
"all_negative","tri_sign",2746,-0.1891183
"all_negative","tri_sign",2750,-0.10653001
"all_negative","tri_sign",2754,-0.20774448
"all_negative","tri_sign",2758,-0.3572649
"all_negative","tri_sign",2762,-0.1031288
"all_negative","tri_sign",2766,-0.11896092
"all_negative","tri_sign",2770,-0.22488114
"all_negative","tri_sign",2774,-0.33105326
"all_negative","tri_sign",2778,-0.17511165
"all_negative","tri_sign",2782,-0.012579862
"all_negative","tri_sign",2786,-0.23407155
"all_negative","tri_sign",2790,-0.045657159
"all_negative","tri_sign",2794,-0.036811814
"all_negative","tri_sign",2798,-0.12422047
"all_negative","tri_sign",2802,-0.45393136
"all_negative","tri_sign",2806,-0.0013996866
"all_negative","tri_sign",2810,-0.32627047
"all_negative","tri_sign",2814,-0.14518362
"all_negative","tri_sign",2818,-0.25051988
"all_negative","tri_sign",2822,-0.040293259
"all_negative","tri_sign",2826,-0.0079139454
"all_negative","tri_sign",2830,-0.02802719
"all_negative","tri_sign",2834,-0.19190481
"all_negative","tri_sign",2838,-0.075818391
"all_negative","tri_sign",2842,-0.4754707
"all_negative","tri_sign",2846,-0.54057846
"all_negative","tri_sign",2850,-0.058694629
"all_negative","tri_sign",2854,-0.032545585
"all_negative","tri_sign",2858,-0.17331219
"all_negative","tri_sign",2862,-0.074503068
"all_negative","tri_sign",2866,-0.19316047
"all_negative","tri_sign",2870,-0.27320765
"all_negative","tri_sign",2874,-0.41952131
"all_negative","tri_sign",2878,-0.27902073
"all_negative","tri_sign",2882,-0.10528602
"all_negative","tri_sign",2886,-0.39405674
"all_negative","tri_sign",2890,-0.37456764
"all_negative","tri_sign",2894,-0.19084867
"all_negative","tri_sign",2898,-0.36318483
"all_negative","tri_sign",2902,-0.1266128
"all_negative","tri_sign",2906,-0.214596
"all_negative","tri_sign",2910,-0.27566172
"all_negative","tri_sign",2914,-0.21691593
"all_negative","tri_sign",2918,-0.017602894
"all_negative","tri_sign",2922,-0.083424403
"all_negative","tri_sign",2926,-0.012870436
"all_negative","tri_sign",2930,-0.17335933
"all_negative","tri_sign",2934,-0.10811786
"all_negative","tri_sign",2938,-0.099197086
"all_negative","tri_sign",2942,-0.24842995
"all_negative","tri_sign",2946,-0.091599225
"all_negative","tri_sign",2950,-0.72032471
"all_negative","tri_sign",2954,-0.35601833
"all_negative","tri_sign",2958,-0.16052239
"all_negative","tri_sign",2962,-0.29400598
"all_negative","tri_sign",2966,-0.47688967
"all_negative","tri_sign",2970,-0.21130152
"all_negative","tri_sign",2974,-0.31076552
"all_negative","tri_sign",2978,-0.13195658
"all_negative","tri_sign",2982,-0.30387568
"all_negative","tri_sign",2986,-0.049803038
"all_negative","tri_sign",2990,-0.11711046
"all_negative","tri_sign",2994,-0.13869226
"all_negative","tri_sign",2998,-0.22628973
"all_negative","tri_sign",3003,-0.15628751
"all_negative","tri_sign",3007,-0.064469689
"all_negative","tri_sign",3011,-0.26138576
"all_negative","tri_sign",3015,-0.10264856
"all_negative","tri_sign",3019,-0.02010041
"all_negative","tri_sign",3023,-0.06631404
"all_negative","tri_sign",3027,-0.40161162
"all_negative","tri_sign",3031,-0.25177554
"all_negative","tri_sign",3035,-0.35848605
"all_negative","tri_sign",3039,-0.082993749
"all_negative","tri_sign",3043,-0.60330273
"all_negative","tri_sign",3047,-0.17707363
"all_negative","tri_sign",3051,-0.072037934
"all_negative","tri_sign",3055,-0.47472932
"all_negative","tri_sign",3059,-0.31401656
"all_negative","tri_sign",3063,-0.00057544395
"all_negative","tri_sign",3067,-0.66938992
"all_negative","tri_sign",3071,-0.21885857
"all_negative","tri_sign",3075,-0.21586079
"all_negative","tri_sign",3079,-0.20502524
"all_negative","tri_sign",3083,-0.22782175
"all_negative","tri_sign",3087,-0.047818796
"all_negative","tri_sign",3091,-0.33999811
"all_negative","tri_sign",3095,-0.39441762
"all_negative","tri_sign",3099,-0.25544432
"all_negative","tri_sign",3103,-0.17597427
"all_negative","tri_sign",3107,-0.11607475
"all_negative","tri_sign",3111,-0.64220633
"all_negative","tri_sign",3115,-0.41663377
"all_negative","tri_sign",3119,-0.10950875
"all_negative","tri_sign",3123,-0.41657896
"all_negative","tri_sign",3127,-0.29427592
"all_negative","tri_sign",3131,-0.3975128
"all_negative","tri_sign",3135,-0.036943626
"all_negative","tri_sign",3139,-0.071002281
"all_negative","tri_sign",3143,-0.32132235
"all_negative","tri_sign",3147,-0.061888915
"all_negative","tri_sign",3151,-0.098972746
"all_negative","tri_sign",3155,-0.21169902
"all_negative","tri_sign",3159,-0.011368815
"all_negative","tri_sign",3163,-0.086882748
"all_negative","tri_sign",3167,-0.30704394
"all_negative","tri_sign",3171,-0.17724065
"all_negative","tri_sign",3175,-0.017919101
"all_negative","tri_sign",3179,-0.350737
"all_negative","tri_sign",3183,-0.16844193
"all_negative","tri_sign",3187,-0.039050633
"all_negative","tri_sign",3191,-0.21673329
"all_negative","tri_sign",3195,-0.52816266
"all_negative","tri_sign",3199,-0.11428874
"all_negative","tri_sign",3203,-0.038587714
"all_negative","tri_sign",3207,-0.35384101
"all_negative","tri_sign",3211,-0.0207201
"all_negative","tri_sign",3215,-0.41037539
"all_negative","tri_sign",3219,-0.047623838
"all_negative","tri_sign",3223,-0.62616076
"all_negative","tri_sign",3227,-0.48525093
"all_negative","tri_sign",3231,-0.081328724
"all_negative","tri_sign",3235,-0.053164562
"all_negative","tri_sign",3239,-0.23495452
"all_negative","tri_sign",3243,-0.3221301
"all_negative","tri_sign",3247,-0.41076148
"all_negative","tri_sign",3251,-0.48133853
"all_negative","tri_sign",3255,-0.0074066492
"all_negative","tri_sign",3259,-0.16620787
"all_negative","tri_sign",3263,-0.022039631
"all_negative","tri_sign",3267,-0.61785636
"all_negative","tri_sign",3271,-0.0090583373
"all_negative","tri_sign",3275,-0.33619505
"all_negative","tri_sign",3279,-0.41781322
"all_negative","tri_sign",3283,-0.12255147
"all_negative","tri_sign",3287,-0.083306771
"all_negative","tri_sign",3291,-0.011198894
"all_negative","tri_sign",3295,-0.097418257
"all_negative","tri_sign",3299,-0.27312613
"all_negative","tri_sign",3303,-0.10412031
"all_negative","tri_sign",3307,-0.47057596
"all_negative","tri_sign",3311,-0.11860609
"all_negative","tri_sign",3315,-0.27520302
"all_negative","tri_sign",3319,-0.05111839
"all_negative","tri_sign",3323,-0.031216438
"all_negative","tri_sign",3327,-0.11928729
"all_negative","tri_sign",3331,-0.13409686
"all_negative","tri_sign",3335,-0.22207181
"all_negative","tri_sign",3339,-0.10027349
"all_negative","tri_sign",3343,-0.1546716
"all_negative","tri_sign",3347,-0.10274952
"all_negative","tri_sign",3351,-0.17881068
"all_negative","tri_sign",3355,-0.12037579
"all_negative","tri_sign",3359,-0.013487389
"all_negative","tri_sign",3363,-0.035333205
"all_negative","tri_sign",3367,-0.44786552
"all_negative","tri_sign",3371,-0.30812478
"all_negative","tri_sign",3375,-0.11061206
"all_negative","tri_sign",3379,-0.080392841
"all_negative","tri_sign",3383,-0.30337917
"all_negative","tri_sign",3387,-0.093315404
"all_negative","tri_sign",3391,-0.52105989
"all_negative","tri_sign",3395,-0.11087739
"all_negative","tri_sign",3399,-0.46778407
"all_negative","tri_sign",3403,-0.24813103
"all_negative","tri_sign",3407,-0.30199489
"all_negative","tri_sign",3411,-0.0059993314
"all_negative","tri_sign",3415,-0.3815841
"all_negative","tri_sign",3419,-0.092791515
"all_negative","tri_sign",3423,-0.15099405
"all_negative","tri_sign",3427,-0.52457126
"all_negative","tri_sign",3431,-0.037026246
"all_negative","tri_sign",3435,-0.055554461
"all_negative","tri_sign",3439,-0.095956735
"all_negative","tri_sign",3443,-0.42580644
"all_negative","tri_sign",3447,-0.032153919
"all_negative","tri_sign",3451,-0.21866283
"all_negative","tri_sign",3455,-0.35079528
"all_negative","tri_sign",3459,-0.22499054
"all_negative","tri_sign",3463,-0.085136454
"all_negative","tri_sign",3467,-0.17499402
"all_negative","tri_sign",3471,-0.50547582
"all_negative","tri_sign",3475,-0.057551322
"all_negative","tri_sign",3479,-0.073210129
"all_negative","tri_sign",3483,-0.24859747
"all_negative","tri_sign",3487,-0.02934251
"all_negative","tri_sign",3491,-0.23931103
"all_negative","tri_sign",3495,-0.067093048
"all_negative","tri_sign",3499,-0.018960805
"all_negative","tri_sign",3503,-0.13470484
"all_negative","tri_sign",3507,-0.37375414
"all_negative","tri_sign",3511,-0.13072225
"all_negative","tri_sign",3515,-0.039971505
"all_negative","tri_sign",3519,-0.47697907
"all_negative","tri_sign",3523,-0.048162808
"all_negative","tri_sign",3527,-0.20103724
"all_negative","tri_sign",3531,-0.13364052
"all_negative","tri_sign",3535,-0.023067876
"all_negative","tri_sign",3539,-0.15119731
"all_negative","tri_sign",3543,-0.15445512
"all_negative","tri_sign",3547,-0.29862478
"all_negative","tri_sign",3551,-0.1361859
"all_negative","tri_sign",3555,-0.12634044
"all_negative","tri_sign",3559,-0.20494859
"all_negative","tri_sign",3563,-0.12272674
"all_negative","tri_sign",3567,-0.009598656
"all_negative","tri_sign",3571,-0.046712576
"all_negative","tri_sign",3575,-0.51883687
"all_negative","tri_sign",3579,-0.40717492
"all_negative","tri_sign",3583,-0.27920761
"all_negative","tri_sign",3587,-0.37997867
"all_negative","tri_sign",3591,-0.069050883
"all_negative","tri_sign",3595,-0.15718138
"all_negative","tri_sign",3599,-0.39326282
"all_negative","tri_sign",3603,-0.21698722
"all_negative","tri_sign",3607,-0.20356685
"all_negative","tri_sign",3611,-0.18280031
"all_negative","tri_sign",3615,-0.55380039
"all_negative","tri_sign",3619,-0.12621193
"all_negative","tri_sign",3623,-0.23321404
"all_negative","tri_sign",3627,-0.0015130412
"all_negative","tri_sign",3631,-0.4254459
"all_negative","tri_sign",3635,-0.053538571
"all_negative","tri_sign",3639,-0.11363481
"all_negative","tri_sign",3643,-0.046374052
"all_negative","tri_sign",3647,-0.17856622
"all_negative","tri_sign",3651,-0.23485091
"all_negative","tri_sign",3655,-0.24339791
"all_negative","tri_sign",3659,-0.24730237
"all_negative","tri_sign",3663,-0.12601204
"all_negative","tri_sign",3667,-0.0010928843
"all_negative","tri_sign",3671,-0.025846323
"all_negative","tri_sign",3675,-0.19647229
"all_negative","tri_sign",3679,-0.0089277065
"all_negative","tri_sign",3683,-0.041273865
"all_negative","tri_sign",3687,-0.25119072
"all_negative","tri_sign",3691,-0.13543577
"all_negative","tri_sign",3695,-0.48269908
"all_negative","tri_sign",3699,-0.012265987
"all_negative","tri_sign",3703,-0.42681518
"all_negative","tri_sign",3707,-0.019602304
"all_negative","tri_sign",3711,-0.053084029
"all_negative","tri_sign",3715,-0.37725969
"all_negative","tri_sign",3719,-0.33235018
"all_negative","tri_sign",3723,-0.089514123
"all_negative","tri_sign",3727,-0.013275444
"all_negative","tri_sign",3731,-0.23711629
"all_negative","tri_sign",3735,-0.3735409
"all_negative","tri_sign",3739,-0.046351733
"all_negative","tri_sign",3743,-0.14402483
"all_negative","tri_sign",3747,-0.34360905
"all_negative","tri_sign",3751,-0.2280724
"all_negative","tri_sign",3755,-0.45782452
"all_negative","tri_sign",3759,-0.261574
"all_negative","tri_sign",3763,-0.44072735
"all_negative","tri_sign",3767,-0.1677478
"all_negative","tri_sign",3771,-0.15362156
"all_negative","tri_sign",3775,-0.064464101
"all_negative","tri_sign",3779,-0.30911358
"all_negative","tri_sign",3783,-0.054329884
"all_negative","tri_sign",3787,-0.70869126
"all_negative","tri_sign",3791,-0.16578964
"all_negative","tri_sign",3795,-0.090395939
"all_negative","tri_sign",3799,-0.14285639
"all_negative","tri_sign",3803,-0.23593583
"all_negative","tri_sign",3807,-0.24060473
"all_negative","tri_sign",3811,-0.070910075
"all_negative","tri_sign",3815,-0.092852174
"all_negative","tri_sign",3819,-0.14729992
"all_negative","tri_sign",3823,-0.27687999
"all_negative","tri_sign",3827,-0.45605777
"all_negative","tri_sign",3831,-0.037348199
"all_negative","tri_sign",3835,-0.24714731
"all_negative","tri_sign",3839,-0.22106271
"all_negative","tri_sign",3843,-0.13748011
"all_negative","tri_sign",3847,-0.1456024
"all_negative","tri_sign",3851,-0.19370051
"all_negative","tri_sign",3855,-0.12536373
"all_negative","tri_sign",3859,-0.084140399
"all_negative","tri_sign",3863,-0.21458362
"all_negative","tri_sign",3867,-0.2411806
"all_negative","tri_sign",3871,-0.24743019
"all_negative","tri_sign",3875,-0.57090014
"all_negative","tri_sign",3879,-0.40122174
"all_negative","tri_sign",3883,-0.099350107
"all_negative","tri_sign",3887,-0.051584924
"all_negative","tri_sign",3891,-0.25093678
"all_negative","tri_sign",3895,-0.090302711
"all_negative","tri_sign",3899,-0.34604002
"all_negative","tri_sign",3903,-0.11506533
"all_negative","tri_sign",3907,-0.019958065
"all_negative","tri_sign",3911,-0.17600856
"all_negative","tri_sign",3915,-0.027571994
"all_negative","tri_sign",3919,-0.17576022
"all_negative","tri_sign",3923,-0.1184495
"all_negative","tri_sign",3927,-0.18645848
"all_negative","tri_sign",3931,-0.40458816
"all_negative","tri_sign",3935,-0.26164744
"all_negative","tri_sign",3939,-0.14378192
"all_negative","tri_sign",3943,-0.33307758
"all_negative","tri_sign",3947,-0.044661854
"all_negative","tri_sign",3951,-0.11181889
"all_negative","tri_sign",3955,-0.34189792
"all_negative","tri_sign",3959,-0.17489861
"all_negative","tri_sign",3963,-0.36261966
"all_negative","tri_sign",3967,-0.27436283
"all_negative","tri_sign",3971,-0.26200014
"all_negative","tri_sign",3975,-0.00067553639
"all_negative","tri_sign",3979,-0.21917096
"all_negative","tri_sign",3983,-0.061409346
"all_negative","tri_sign",3987,-0.13122482
"all_negative","tri_sign",3991,-0.16157272
"all_negative","tri_sign",3995,-0.015705216
"all_negative","tri_sign",3999,-0.033090865
"all_negative","tri_sign",4003,-0.38610321
"all_negative","tri_sign",4007,-0.076296107
"all_negative","tri_sign",4011,-0.090031132
"all_negative","tri_sign",4015,-0.25853958
"all_negative","tri_sign",4019,-0.038671478
"all_negative","tri_sign",4023,-0.1217983
"all_negative","tri_sign",4027,-0.091653498
"all_negative","tri_sign",4031,-0.23790326
"all_negative","tri_sign",4035,-0.32191968
"all_negative","tri_sign",4039,-0.71555973
"all_negative","tri_sign",4043,-0.15038309
"all_negative","tri_sign",4047,-0.098444844
"all_negative","tri_sign",4051,-0.21401529
"all_negative","tri_sign",4055,-0.1375157
"all_negative","tri_sign",4059,-0.15132263
"all_negative","tri_sign",4063,-0.035382409
"all_negative","tri_sign",4067,-0.18922272
"all_negative","tri_sign",4071,-0.14998155
"all_negative","tri_sign",4075,-0.38436733
"all_negative","tri_sign",4079,-0.13371701
"all_negative","tri_sign",4083,-0.15588213
"all_negative","tri_sign",4087,-0.12829036
"all_negative","tri_sign",4091,-0.55368696
"all_negative","tri_sign",4095,-0.34072158
"all_negative","tri_sign",4099,-0.40124273
"all_negative","tri_sign",4103,-0.47283085
"all_negative","tri_sign",4107,-0.51894634
"all_negative","tri_sign",4111,-0.29998927
"all_negative","tri_sign",4115,-0.3640609
"all_negative","tri_sign",4119,-0.076604437
"all_negative","tri_sign",4123,-0.33446536
"all_negative","tri_sign",4127,-0.16665811
"all_negative","tri_sign",4131,-0.056697136
"all_negative","tri_sign",4135,-0.15711762
"all_negative","tri_sign",4139,-0.060948069
"all_negative","tri_sign",4143,-0.042753257
"all_negative","tri_sign",4147,-0.050244002
"all_negative","tri_sign",4151,-0.23170355
"all_negative","tri_sign",4155,-0.025900578
"all_negative","tri_sign",4159,-0.13963519
"all_negative","tri_sign",4163,-0.29341923
"all_negative","tri_sign",4167,-0.18331375
"all_negative","tri_sign",4171,-0.13374911
"all_negative","tri_sign",4175,-0.35460071
"all_negative","tri_sign",4179,-0.34567128
"all_negative","tri_sign",4183,-0.063944879
"all_negative","tri_sign",4187,-0.015288893
"all_negative","tri_sign",4191,-0.16926575
"all_negative","tri_sign",4195,-0.15899687
"all_negative","tri_sign",4199,-0.47875951
"all_negative","tri_sign",4203,-0.050527221
"all_negative","tri_sign",4207,-0.015795326
"all_negative","tri_sign",4211,-0.038386865
"all_negative","tri_sign",4215,-0.59940981
"all_negative","tri_sign",4219,-0.1492767
"all_negative","tri_sign",4223,-0.44102914
"all_negative","tri_sign",4227,-0.069174169
"all_negative","tri_sign",4231,-0.65615487
"all_negative","tri_sign",4235,-0.058574647
"all_negative","tri_sign",4239,-0.059717431
"all_negative","tri_sign",4243,-0.1931041
"all_negative","tri_sign",4247,-0.13471306
"all_negative","tri_sign",4251,-0.33583226
"all_negative","tri_sign",4255,-0.21540887
"all_negative","tri_sign",4259,-0.27347718
"all_negative","tri_sign",4263,-0.2925617
"all_negative","tri_sign",4267,-0.72813774
"all_negative","tri_sign",4271,-0.028551478
"all_negative","tri_sign",4275,-0.41058537
"all_negative","tri_sign",4279,-0.086828038
"all_negative","tri_sign",4283,-0.19292288
"all_negative","tri_sign",4287,-0.13294102
"all_negative","tri_sign",4291,-0.18101898
"all_negative","tri_sign",4295,-0.092214696
"all_negative","tri_sign",4299,-0.15593092
"all_negative","tri_sign",4303,-0.35129719
"all_negative","tri_sign",4307,-0.04271304
"all_negative","tri_sign",4311,-0.081233217
"all_negative","tri_sign",4315,-0.44247149
"all_negative","tri_sign",4319,-0.12160511
"all_negative","tri_sign",4323,-0.24015118
"all_negative","tri_sign",4327,-0.18425486
"all_negative","tri_sign",4331,-0.3840184
"all_negative","tri_sign",4335,-0.046132462
"all_negative","tri_sign",4339,-0.041505049
"all_negative","tri_sign",4343,-0.086430235
"all_negative","tri_sign",4347,-0.11756333
"all_negative","tri_sign",4351,-0.38356325
"all_negative","tri_sign",4355,-0.067586561
"all_negative","tri_sign",4359,-0.13673062
"all_negative","tri_sign",4363,-0.12324385
"all_negative","tri_sign",4367,-0.024192335
"all_negative","tri_sign",4371,-0.011081065
"all_negative","tri_sign",4375,-0.29675746
"all_negative","tri_sign",4379,-0.45978858
"all_negative","tri_sign",4383,-0.039558307
"all_negative","tri_sign",4387,-0.0014014835
"all_negative","tri_sign",4391,-0.090866585
"all_negative","tri_sign",4395,-0.20285076
"all_negative","tri_sign",4399,-0.24744659
"all_negative","tri_sign",4403,-0.014731263
"all_negative","tri_sign",4407,-0.22215421
"all_negative","tri_sign",4411,-0.20847711
"all_negative","tri_sign",4415,-0.20878455
"all_negative","tri_sign",4419,-0.093842545
"all_negative","tri_sign",4423,-0.026178751
"all_negative","tri_sign",4427,-0.041941119
"all_negative","tri_sign",4431,-0.30211055
"all_negative","tri_sign",4435,-0.0034212498
"all_negative","tri_sign",4439,-0.2025832
"all_negative","tri_sign",4443,-0.38672671
"all_negative","tri_sign",4447,-0.087933896
"all_negative","tri_sign",4451,-0.084240471
"all_negative","tri_sign",4455,-0.43739324
"all_negative","tri_sign",4459,-0.001156236
"all_negative","tri_sign",4463,-0.20193437
"all_negative","tri_sign",4467,-0.22795416
"all_negative","tri_sign",4471,-0.20550609
"all_negative","tri_sign",4475,-0.39165783
"all_negative","tri_sign",4479,-0.30715631
"all_negative","tri_sign",4483,-0.22018144
"all_negative","tri_sign",4487,-0.24797354
"all_negative","tri_sign",4491,-0.081131162
"all_negative","tri_sign",4495,-0.27987703
"all_negative","tri_sign",4499,-0.07314733
"all_negative","tri_sign",4503,-0.083421572
"all_negative","tri_sign",4507,-0.0035361926
"all_negative","tri_sign",4511,-0.29932254
"all_negative","tri_sign",4515,-0.20132124
"all_negative","tri_sign",4519,-0.016820082
"all_negative","tri_sign",4523,-0.18891495
"all_negative","tri_sign",4527,-0.13885134
"all_negative","tri_sign",4531,-0.13403311
"all_negative","tri_sign",4535,-0.31324899
"all_negative","tri_sign",4539,-0.061173713
"all_negative","tri_sign",4543,-0.33728565
"all_negative","tri_sign",4547,-0.31519991
"all_negative","tri_sign",4551,-0.16492529
"all_negative","tri_sign",4555,-0.12416036
"all_negative","tri_sign",4559,-0.26140103
"all_negative","tri_sign",4563,-0.068918604
"all_negative","tri_sign",4567,-0.30606617
"all_negative","tri_sign",4571,-0.23951152
"all_negative","tri_sign",4575,-0.059297551
"all_negative","tri_sign",4579,-0.26098139
"all_negative","tri_sign",4583,-0.6552214
"all_negative","tri_sign",4587,-0.024350567
"all_negative","tri_sign",4591,-0.14385867
"all_negative","tri_sign",4595,-0.1209818
"all_negative","tri_sign",4599,-0.17050622
"all_negative","tri_sign",4603,-0.15973307
"all_negative","tri_sign",4607,-0.35703618
"all_negative","tri_sign",4611,-0.56551235
"all_negative","tri_sign",4615,-0.51674781
"all_negative","tri_sign",4619,-0.10444572
"all_negative","tri_sign",4623,-0.36993275
"all_negative","tri_sign",4627,-0.15757821
"all_negative","tri_sign",4631,-0.21068702
"all_negative","tri_sign",4635,-0.19273027
"all_negative","tri_sign",4639,-0.10357755
"all_negative","tri_sign",4643,-0.1400935
"all_negative","tri_sign",4647,-0.052226115
"all_negative","tri_sign",4651,-0.20461898
"all_negative","tri_sign",4655,-0.56656179
"all_negative","tri_sign",4659,-0.27192038
"all_negative","tri_sign",4663,-0.019354181
"all_negative","tri_sign",4667,-0.05414616
"all_negative","tri_sign",4671,-0.11961264
"all_negative","tri_sign",4675,-0.27091545
"all_negative","tri_sign",4679,-0.13120034
"all_negative","tri_sign",4683,-0.27321622
"all_negative","tri_sign",4687,-0.078281655
"all_negative","tri_sign",4691,-0.19042923
"all_negative","tri_sign",4695,-0.096499012
"all_negative","tri_sign",4699,-0.23022601
"all_negative","tri_sign",4703,-0.16449771
"all_negative","tri_sign",4707,-0.062789403
"all_negative","tri_sign",4711,-0.035883337
"all_negative","tri_sign",4715,-0.5342757
"all_negative","tri_sign",4719,-0.34578751
"all_negative","tri_sign",4723,-0.29236856
"all_negative","tri_sign",4727,-0.40420089
"all_negative","tri_sign",4731,-0.34694517
"all_negative","tri_sign",4735,-0.56787025
"all_negative","tri_sign",4739,-0.1256492
"all_negative","tri_sign",4743,-0.10738318
"all_negative","tri_sign",4747,-0.044103837
"all_negative","tri_sign",4751,-0.17705243
"all_negative","tri_sign",4755,-0.21508898
"all_negative","tri_sign",4759,-0.57255675
"all_negative","tri_sign",4763,-0.1744882
"all_negative","tri_sign",4767,-0.26408585
"all_negative","tri_sign",4771,-0.47301678
"all_negative","tri_sign",4775,-0.36630403
"all_negative","tri_sign",4779,-0.062964643
"all_negative","tri_sign",4783,-0.48434258
"all_negative","tri_sign",4787,-0.54716357
"all_negative","tri_sign",4791,-0.10361486
"all_negative","tri_sign",4795,-0.020755296
"all_negative","tri_sign",4799,-0.2035742
"all_negative","tri_sign",4803,-0.032640216
"all_negative","tri_sign",4807,-0.10542541
"all_negative","tri_sign",4811,-0.064438272
"all_negative","tri_sign",4815,-0.29241713
"all_negative","tri_sign",4819,-0.42620713
"all_negative","tri_sign",4823,-0.20478047
"all_negative","tri_sign",4827,-0.05233822
"all_negative","tri_sign",4831,-0.011702488
"all_negative","tri_sign",4835,-0.62708287
"all_negative","tri_sign",4839,-0.67816643
"all_negative","tri_sign",4843,-0.17761518
"all_negative","tri_sign",4847,-0.43346067
"all_negative","tri_sign",4851,-0.40914778
"all_negative","tri_sign",4855,-0.55544723
"all_negative","tri_sign",4859,-0.062876709
"all_negative","tri_sign",4863,-0.1454595
"all_negative","tri_sign",4867,-0.039008249
"all_negative","tri_sign",4871,-0.26545916
"all_negative","tri_sign",4875,-0.26335072
"all_negative","tri_sign",4879,-0.0386641
"all_negative","tri_sign",4883,-0.038539124
"all_negative","tri_sign",4887,-0.096872199
"all_negative","tri_sign",4891,-0.28489955
"all_negative","tri_sign",4895,-0.050433159
"all_negative","tri_sign",4899,-0.156325
"all_negative","tri_sign",4903,-0.043202618
"all_negative","tri_sign",4907,-0.39409159
"all_negative","tri_sign",4911,-0.14151038
"all_negative","tri_sign",4915,-0.044570029
"all_negative","tri_sign",4919,-0.12109478
"all_negative","tri_sign",4923,-0.18760834
"all_negative","tri_sign",4927,-0.17924879
"all_negative","tri_sign",4931,-0.28897848
"all_negative","tri_sign",4935,-0.033475314
"all_negative","tri_sign",4939,-0.46401601
"all_negative","tri_sign",4943,-0.052250709
"all_negative","tri_sign",4947,-0.40671528
"all_negative","tri_sign",4951,-0.54879687
"all_negative","tri_sign",4955,-0.081912236
"all_negative","tri_sign",4959,-0.42206163
"all_negative","tri_sign",4963,-0.059552102
"all_negative","tri_sign",4967,-0.25068177
"all_negative","tri_sign",4971,-0.32568305
"all_negative","tri_sign",4975,-0.1776693
"all_negative","tri_sign",4979,-0.45667936
"all_negative","tri_sign",4983,-0.33587829
"all_negative","tri_sign",4987,-0.2305694
"all_negative","tri_sign",4991,-0.11244438
"all_negative","tri_sign",4995,-0.45419821
"all_negative","tri_sign",4999,-0.060365385
"all_negative","tri_sign",5004,-0.075475859
"all_negative","tri_sign",5008,-0.095688561
"all_negative","tri_sign",5012,-0.039991754
"all_negative","tri_sign",5016,-0.18491691
"all_negative","tri_sign",5020,-0.18465467
"all_negative","tri_sign",5024,-0.16957218
"all_negative","tri_sign",5028,-0.18241421
"all_negative","tri_sign",5032,-0.15749211
"all_negative","tri_sign",5036,-0.11143005
"all_negative","tri_sign",5040,-0.42998627
"all_negative","tri_sign",5044,-0.020291614
"all_negative","tri_sign",5048,-0.20774387
"all_negative","tri_sign",5052,-0.41973442
"all_negative","tri_sign",5056,-0.018992695
"all_negative","tri_sign",5060,-0.44197421
"all_negative","tri_sign",5064,-0.37424403
"all_negative","tri_sign",5068,-0.10529158
"all_negative","tri_sign",5072,-0.28735691
"all_negative","tri_sign",5076,-0.043319376
"all_negative","tri_sign",5080,-0.029378427
"all_negative","tri_sign",5084,-0.14915544
"all_negative","tri_sign",5088,-0.28923368
"all_negative","tri_sign",5092,-0.039022585
"all_negative","tri_sign",5096,-0.017771199
"all_negative","tri_sign",5100,-0.34323304
"all_negative","tri_sign",5104,-0.0038235556
"all_negative","tri_sign",5108,-0.066480522
"all_negative","tri_sign",5112,-0.360517
"all_negative","tri_sign",5116,-0.42595929
"all_negative","tri_sign",5120,-0.24749182
"all_negative","tri_sign",5124,-0.16192786
"all_negative","tri_sign",5128,-0.17566559
"all_negative","tri_sign",5132,-0.18079608
"all_negative","tri_sign",5136,-0.33787827
"all_negative","tri_sign",5140,-0.30104883
"all_negative","tri_sign",5144,-0.29850266
"all_negative","tri_sign",5148,-0.099926969
"all_negative","tri_sign",5152,-0.071627942
"all_negative","tri_sign",5156,-0.09327086
"all_negative","tri_sign",5160,-0.075093574
"all_negative","tri_sign",5164,-0.46712343
"all_negative","tri_sign",5168,-0.21618122
"all_negative","tri_sign",5172,-0.14496302
"all_negative","tri_sign",5176,-0.36823309
"all_negative","tri_sign",5180,-0.15479503
"all_negative","tri_sign",5184,-0.17637132
"all_negative","tri_sign",5188,-0.20442067
"all_negative","tri_sign",5192,-0.14903064
"all_negative","tri_sign",5196,-0.22966932
"all_negative","tri_sign",5200,-0.53077363
"all_negative","tri_sign",5204,-0.065818699
"all_negative","tri_sign",5208,-0.067992318
"all_negative","tri_sign",5212,-0.023740641
"all_negative","tri_sign",5216,-0.17736479
"all_negative","tri_sign",5220,-0.21083938
"all_negative","tri_sign",5224,-0.21683083
"all_negative","tri_sign",5228,-0.26521017
"all_negative","tri_sign",5232,-0.43467436
"all_negative","tri_sign",5236,-0.082529272
"all_negative","tri_sign",5240,-0.050277871
"all_negative","tri_sign",5244,-0.15822632
"all_negative","tri_sign",5248,-0.012942882
"all_negative","tri_sign",5252,-0.061714191
"all_negative","tri_sign",5256,-0.068746981
"all_negative","tri_sign",5260,-0.050590301
"all_negative","tri_sign",5264,-0.015806078
"all_negative","tri_sign",5268,-0.55744066
"all_negative","tri_sign",5272,-0.19234631
"all_negative","tri_sign",5276,-0.15544228
"all_negative","tri_sign",5280,-0.0020947353
"all_negative","tri_sign",5284,-0.20817475
"all_negative","tri_sign",5288,-0.17154166
"all_negative","tri_sign",5292,-0.0016231986
"all_negative","tri_sign",5296,-0.42957229
"all_negative","tri_sign",5300,-0.010549379
"all_negative","tri_sign",5304,-0.32672619
"all_negative","tri_sign",5308,-0.70439875
"all_negative","tri_sign",5312,-0.032655159
"all_negative","tri_sign",5316,-0.12355967
"all_negative","tri_sign",5320,-0.2402061
"all_negative","tri_sign",5324,-0.14488773
"all_negative","tri_sign",5328,-0.37727551
"all_negative","tri_sign",5332,-0.43082434
"all_negative","tri_sign",5336,-0.0042560436
"all_negative","tri_sign",5340,-0.22731541
"all_negative","tri_sign",5344,-0.31238497
"all_negative","tri_sign",5348,-0.19986516
"all_negative","tri_sign",5352,-0.15328782
"all_negative","tri_sign",5356,-0.028416398
"all_negative","tri_sign",5360,-0.58216153
"all_negative","tri_sign",5364,-0.15739469
"all_negative","tri_sign",5368,-0.40753804
"all_negative","tri_sign",5372,-0.24981588
"all_negative","tri_sign",5376,-0.0094558372
"all_negative","tri_sign",5380,-0.24497837
"all_negative","tri_sign",5384,-0.70306448
"all_negative","tri_sign",5388,-0.12836361
"all_negative","tri_sign",5392,-0.26656421
"all_negative","tri_sign",5396,-0.48941345
"all_negative","tri_sign",5400,-0.085153274
"all_negative","tri_sign",5404,-0.22634532
"all_negative","tri_sign",5408,-0.053111303
"all_negative","tri_sign",5412,-0.22379041
"all_negative","tri_sign",5416,-0.021715235
"all_negative","tri_sign",5420,-0.1935251
"all_negative","tri_sign",5424,-0.11148554
"all_negative","tri_sign",5428,-0.25979753
"all_negative","tri_sign",5432,-0.0044171021
"all_negative","tri_sign",5436,-0.087310139
"all_negative","tri_sign",5440,-0.3759653
"all_negative","tri_sign",5444,-0.32501
"all_negative","tri_sign",5448,-0.16788123
"all_negative","tri_sign",5452,-0.03067793
"all_negative","tri_sign",5456,-0.046825042
"all_negative","tri_sign",5460,-0.046849782
"all_negative","tri_sign",5464,-0.035176942
"all_negative","tri_sign",5468,-0.51450312
"all_negative","tri_sign",5472,-0.12222928
"all_negative","tri_sign",5476,-0.29159594
"all_negative","tri_sign",5480,-0.091654962
"all_negative","tri_sign",5484,-0.0090187956
"all_negative","tri_sign",5488,-0.094580197
"all_negative","tri_sign",5492,-0.10908779
"all_negative","tri_sign",5496,-0.043731332
"all_negative","tri_sign",5500,-0.27631941
"all_negative","tri_sign",5504,-0.12734347
"all_negative","tri_sign",5508,-0.005654932
"all_negative","tri_sign",5512,-0.098425908
"all_negative","tri_sign",5516,-0.19124471
"all_negative","tri_sign",5520,-0.23258173
"all_negative","tri_sign",5524,-0.2649566
"all_negative","tri_sign",5528,-0.13188821
"all_negative","tri_sign",5532,-0.34370015
"all_negative","tri_sign",5536,-0.16711439
"all_negative","tri_sign",5540,-0.03175129
"all_negative","tri_sign",5544,-0.79106556
"all_negative","tri_sign",5548,-0.07741255
"all_negative","tri_sign",5552,-0.066483286
"all_negative","tri_sign",5556,-0.46835373
"all_negative","tri_sign",5560,-0.42726764
"all_negative","tri_sign",5564,-0.31333941
"all_negative","tri_sign",5568,-0.13769425
"all_negative","tri_sign",5572,-0.27359706
"all_negative","tri_sign",5576,-0.0029167054
"all_negative","tri_sign",5580,-0.0043666394
"all_negative","tri_sign",5584,-0.43974144
"all_negative","tri_sign",5588,-0.0022722356
"all_negative","tri_sign",5592,-0.46331047
"all_negative","tri_sign",5596,-0.24018773
"all_negative","tri_sign",5600,-0.15273059
"all_negative","tri_sign",5604,-0.054460608
"all_negative","tri_sign",5608,-0.053043431
"all_negative","tri_sign",5612,-0.33126481
"all_negative","tri_sign",5616,-0.28202049
"all_negative","tri_sign",5620,-0.021175282
"all_negative","tri_sign",5624,-0.042797793
"all_negative","tri_sign",5628,-0.30681146
"all_negative","tri_sign",5632,-0.063165888
"all_negative","tri_sign",5636,-0.11370649
"all_negative","tri_sign",5640,-0.15762414
"all_negative","tri_sign",5644,-0.72264367
"all_negative","tri_sign",5648,-0.30421448
"all_negative","tri_sign",5652,-0.088704699
"all_negative","tri_sign",5656,-0.011870111
"all_negative","tri_sign",5660,-0.2555912
"all_negative","tri_sign",5664,-0.27773663
"all_negative","tri_sign",5668,-0.034299213
"all_negative","tri_sign",5672,-0.0026342072
"all_negative","tri_sign",5676,-0.47181219
"all_negative","tri_sign",5680,-0.31862148
"all_negative","tri_sign",5684,-0.0076246331
"all_negative","tri_sign",5688,-0.22823887
"all_negative","tri_sign",5692,-0.40279114
"all_negative","tri_sign",5696,-0.13495488
"all_negative","tri_sign",5700,-0.250491
"all_negative","tri_sign",5704,-0.1265648
"all_negative","tri_sign",5708,-0.25633298
"all_negative","tri_sign",5712,-0.089882619
"all_negative","tri_sign",5716,-0.17851348
"all_negative","tri_sign",5720,-0.093671123
"all_negative","tri_sign",5724,-0.58130218
"all_negative","tri_sign",5728,-0.015286211
"all_negative","tri_sign",5732,-0.075416798
"all_negative","tri_sign",5736,-0.37918532
"all_negative","tri_sign",5740,-0.07173982
"all_negative","tri_sign",5744,-0.58644492
"all_negative","tri_sign",5748,-0.3385865
"all_negative","tri_sign",5752,-0.10429639
"all_negative","tri_sign",5756,-0.30131855
"all_negative","tri_sign",5760,-0.35298105
"all_negative","tri_sign",5764,-0.13137516
"all_negative","tri_sign",5768,-0.1418303
"all_negative","tri_sign",5772,-0.48182146
"all_negative","tri_sign",5776,-0.084357024
"all_negative","tri_sign",5780,-0.038544611
"all_negative","tri_sign",5784,-0.16682123
"all_negative","tri_sign",5788,-0.37597362
"all_negative","tri_sign",5792,-0.11158604
"all_negative","tri_sign",5796,-0.13359886
"all_negative","tri_sign",5800,-0.04756413
"all_negative","tri_sign",5804,-0.2582871
"all_negative","tri_sign",5808,-0.38853569
"all_negative","tri_sign",5812,-0.096875239
"all_negative","tri_sign",5816,-0.084910472
"all_negative","tri_sign",5820,-0.23846663
"all_negative","tri_sign",5824,-0.080142283
"all_negative","tri_sign",5828,-0.096081438
"all_negative","tri_sign",5832,-0.23392659
"all_negative","tri_sign",5836,-0.1821069
"all_negative","tri_sign",5840,-0.11104892
"all_negative","tri_sign",5844,-0.19236877
"all_negative","tri_sign",5848,-0.017199166
"all_negative","tri_sign",5852,-0.15167067
"all_negative","tri_sign",5856,-0.33495212
"all_negative","tri_sign",5860,-0.14348068
"all_negative","tri_sign",5864,-0.00061159212
"all_negative","tri_sign",5868,-0.042559341
"all_negative","tri_sign",5872,-0.39722232
"all_negative","tri_sign",5876,-0.0037704617
"all_negative","tri_sign",5880,-0.15059718
"all_negative","tri_sign",5884,-0.27068511
"all_negative","tri_sign",5888,-0.39475977
"all_negative","tri_sign",5892,-0.28698706
"all_negative","tri_sign",5896,-0.082249052
"all_negative","tri_sign",5900,-0.10747735
"all_negative","tri_sign",5904,-0.2658916
"all_negative","tri_sign",5908,-0.52962343
"all_negative","tri_sign",5912,-0.13531392
"all_negative","tri_sign",5916,-0.072870404
"all_negative","tri_sign",5920,-0.13076683
"all_negative","tri_sign",5924,-0.035243338
"all_negative","tri_sign",5928,-0.087867863
"all_negative","tri_sign",5932,-0.25727731
"all_negative","tri_sign",5936,-0.25081545
"all_negative","tri_sign",5940,-0.036644177
"all_negative","tri_sign",5944,-0.18508092
"all_negative","tri_sign",5948,-0.020215814
"all_negative","tri_sign",5952,-0.24458927
"all_negative","tri_sign",5956,-0.2294763
"all_negative","tri_sign",5960,-0.36220384
"all_negative","tri_sign",5964,-0.38011187
"all_negative","tri_sign",5968,-0.23677982
"all_negative","tri_sign",5972,-0.13743358
"all_negative","tri_sign",5976,-0.40867309
"all_negative","tri_sign",5980,-0.22344224
"all_negative","tri_sign",5984,-0.020433091
"all_negative","tri_sign",5988,-0.16727905
"all_negative","tri_sign",5992,-0.087660972
"all_negative","tri_sign",5996,-0.10182954
"all_negative","tri_sign",6000,-0.26679568
"all_negative","global_ray",1,-0.27954622
"all_negative","global_ray",5,-0.091587783
"all_negative","global_ray",9,-0.088204406
"all_negative","global_ray",13,-0.012714529
"all_negative","global_ray",17,-0.32959646
"all_negative","global_ray",21,-0.26229088
"all_negative","global_ray",25,-0.17587416
"all_negative","global_ray",29,-0.22703179
"all_negative","global_ray",33,-0.36136366
"all_negative","global_ray",37,-0.11316806
"all_negative","global_ray",41,-0.058693775
"all_negative","global_ray",45,-0.24589552
"all_negative","global_ray",49,-0.109914
"all_negative","global_ray",53,-0.17796103
"all_negative","global_ray",57,-0.065446439
"all_negative","global_ray",61,-0.66953119
"all_negative","global_ray",65,-0.4812521
"all_negative","global_ray",69,-0.17754357
"all_negative","global_ray",73,-0.051463379
"all_negative","global_ray",77,-0.23338295
"all_negative","global_ray",81,-0.21778041
"all_negative","global_ray",85,-0.03285558
"all_negative","global_ray",89,-0.39145259
"all_negative","global_ray",93,-0.38795474
"all_negative","global_ray",97,-0.022545515
"all_negative","global_ray",101,-0.05317746
"all_negative","global_ray",105,-0.15119389
"all_negative","global_ray",109,-0.063195014
"all_negative","global_ray",113,-0.18585565
"all_negative","global_ray",117,-0.55379227
"all_negative","global_ray",121,-0.50775045
"all_negative","global_ray",125,-0.53352661
"all_negative","global_ray",129,-0.39293896
"all_negative","global_ray",133,-0.2329855
"all_negative","global_ray",137,-0.050584084
"all_negative","global_ray",141,-0.28897402
"all_negative","global_ray",145,-0.059088018
"all_negative","global_ray",149,-0.023860187
"all_negative","global_ray",153,-0.083560889
"all_negative","global_ray",157,-0.33321417
"all_negative","global_ray",161,-0.18988741
"all_negative","global_ray",165,-0.33204357
"all_negative","global_ray",169,-0.1883986
"all_negative","global_ray",173,-0.0049678843
"all_negative","global_ray",177,-0.01203771
"all_negative","global_ray",181,-0.0065089573
"all_negative","global_ray",185,-0.029452847
"all_negative","global_ray",189,-0.26202119
"all_negative","global_ray",193,-0.25784534
"all_negative","global_ray",197,-0.22589713
"all_negative","global_ray",201,-0.27263237
"all_negative","global_ray",205,-0.050815929
"all_negative","global_ray",209,-0.29642456
"all_negative","global_ray",213,-0.02853533
"all_negative","global_ray",217,-0.11726654
"all_negative","global_ray",221,-0.021610652
"all_negative","global_ray",225,-0.25093761
"all_negative","global_ray",229,-0.21463268
"all_negative","global_ray",233,-0.11161947
"all_negative","global_ray",237,-0.17227539
"all_negative","global_ray",241,-0.66471529
"all_negative","global_ray",245,-0.034982319
"all_negative","global_ray",249,-0.37142822
"all_negative","global_ray",253,-0.28040744
"all_negative","global_ray",257,-0.0459725
"all_negative","global_ray",261,-0.31655748
"all_negative","global_ray",265,-0.059174702
"all_negative","global_ray",269,-0.14103975
"all_negative","global_ray",273,-0.20993966
"all_negative","global_ray",277,-0.008509999
"all_negative","global_ray",281,-0.13314403
"all_negative","global_ray",285,-0.34282904
"all_negative","global_ray",289,-0.082084459
"all_negative","global_ray",293,-0.028579915
"all_negative","global_ray",297,-0.059331386
"all_negative","global_ray",301,-0.55230521
"all_negative","global_ray",305,-0.018998254
"all_negative","global_ray",309,-0.15237004
"all_negative","global_ray",313,-0.41049424
"all_negative","global_ray",317,-0.22433264
"all_negative","global_ray",321,-0.38963568
"all_negative","global_ray",325,-0.16419101
"all_negative","global_ray",329,-0.15831613
"all_negative","global_ray",333,-0.40505844
"all_negative","global_ray",337,-0.16345479
"all_negative","global_ray",341,-0.13928209
"all_negative","global_ray",345,-0.063727471
"all_negative","global_ray",349,-0.23039106
"all_negative","global_ray",353,-0.065516765
"all_negative","global_ray",357,-0.5732602
"all_negative","global_ray",361,-0.12363057
"all_negative","global_ray",365,-0.057486649
"all_negative","global_ray",369,-0.0060260529
"all_negative","global_ray",373,-0.057660066
"all_negative","global_ray",377,-0.13533042
"all_negative","global_ray",381,-0.16001499
"all_negative","global_ray",385,-0.70167293
"all_negative","global_ray",389,-0.51033805
"all_negative","global_ray",393,-0.56399782
"all_negative","global_ray",397,-0.14617013
"all_negative","global_ray",401,-0.2691262
"all_negative","global_ray",405,-0.77671353
"all_negative","global_ray",409,-0.48573224
"all_negative","global_ray",413,-0.49349514
"all_negative","global_ray",417,-0.045525721
"all_negative","global_ray",421,-0.16337138
"all_negative","global_ray",425,-0.45061086
"all_negative","global_ray",429,-0.48788528
"all_negative","global_ray",433,-0.0070190653
"all_negative","global_ray",437,-0.034778213
"all_negative","global_ray",441,-0.26005641
"all_negative","global_ray",445,-0.34812146
"all_negative","global_ray",449,-0.13911223
"all_negative","global_ray",453,-0.037215124
"all_negative","global_ray",457,-0.23757523
"all_negative","global_ray",461,-0.14876367
"all_negative","global_ray",465,-0.15409615
"all_negative","global_ray",469,-0.11126117
"all_negative","global_ray",473,-0.090285932
"all_negative","global_ray",477,-0.025858819
"all_negative","global_ray",481,-0.16749985
"all_negative","global_ray",485,-0.26388621
"all_negative","global_ray",489,-0.047549476
"all_negative","global_ray",493,-0.22372037
"all_negative","global_ray",497,-0.3123123
"all_negative","global_ray",501,-0.20746306
"all_negative","global_ray",505,-0.024463333
"all_negative","global_ray",509,-0.26287095
"all_negative","global_ray",513,-0.20603325
"all_negative","global_ray",517,-0.0056118738
"all_negative","global_ray",521,-0.50780356
"all_negative","global_ray",525,-0.0064304959
"all_negative","global_ray",529,-0.18400187
"all_negative","global_ray",533,-0.20824135
"all_negative","global_ray",537,-0.17753911
"all_negative","global_ray",541,-0.029894703
"all_negative","global_ray",545,-0.22327123
"all_negative","global_ray",549,-0.10144382
"all_negative","global_ray",553,-0.17320217
"all_negative","global_ray",557,-0.21748718
"all_negative","global_ray",561,-0.24913997
"all_negative","global_ray",565,-0.41744369
"all_negative","global_ray",569,-0.10777719
"all_negative","global_ray",573,-0.048031707
"all_negative","global_ray",577,-0.078463874
"all_negative","global_ray",581,-0.17881214
"all_negative","global_ray",585,-0.25563516
"all_negative","global_ray",589,-0.47041527
"all_negative","global_ray",593,-0.51210229
"all_negative","global_ray",597,-0.094603594
"all_negative","global_ray",601,-0.41371416
"all_negative","global_ray",605,-0.41909383
"all_negative","global_ray",609,-0.0098111194
"all_negative","global_ray",613,-0.26719835
"all_negative","global_ray",617,-0.19335136
"all_negative","global_ray",621,-0.39615782
"all_negative","global_ray",625,-0.2442673
"all_negative","global_ray",629,-0.38229941
"all_negative","global_ray",633,-0.63443975
"all_negative","global_ray",637,-0.055566626
"all_negative","global_ray",641,-0.14789388
"all_negative","global_ray",645,-0.13223715
"all_negative","global_ray",649,-0.12191788
"all_negative","global_ray",653,-0.29127209
"all_negative","global_ray",657,-0.66294825
"all_negative","global_ray",661,-0.13446787
"all_negative","global_ray",665,-0.19818584
"all_negative","global_ray",669,-0.13516063
"all_negative","global_ray",673,-0.27304441
"all_negative","global_ray",677,-0.016181084
"all_negative","global_ray",681,-0.075484239
"all_negative","global_ray",685,-0.0062520697
"all_negative","global_ray",689,-0.031779066
"all_negative","global_ray",693,-0.11165065
"all_negative","global_ray",697,-0.29262213
"all_negative","global_ray",701,-0.42217261
"all_negative","global_ray",705,-0.10320347
"all_negative","global_ray",709,-0.12917473
"all_negative","global_ray",713,-0.069311327
"all_negative","global_ray",717,-0.074178203
"all_negative","global_ray",721,-0.25637412
"all_negative","global_ray",725,-0.1140904
"all_negative","global_ray",729,-0.22190605
"all_negative","global_ray",733,-0.18205636
"all_negative","global_ray",737,-0.05956758
"all_negative","global_ray",741,-0.13208199
"all_negative","global_ray",745,-0.085227839
"all_negative","global_ray",749,-0.12989533
"all_negative","global_ray",753,-0.38855195
"all_negative","global_ray",757,-0.01348825
"all_negative","global_ray",761,-0.001935669
"all_negative","global_ray",765,-0.17564268
"all_negative","global_ray",769,-0.56720823
"all_negative","global_ray",773,-0.14074896
"all_negative","global_ray",777,-0.14700073
"all_negative","global_ray",781,-0.21924032
"all_negative","global_ray",785,-0.076447149
"all_negative","global_ray",789,-0.020850134
"all_negative","global_ray",793,-0.075935737
"all_negative","global_ray",797,-0.24097235
"all_negative","global_ray",801,-0.26193987
"all_negative","global_ray",805,-0.031648662
"all_negative","global_ray",809,-0.090481948
"all_negative","global_ray",813,-0.25927
"all_negative","global_ray",817,-0.15156098
"all_negative","global_ray",821,-0.43894698
"all_negative","global_ray",825,-0.12448038
"all_negative","global_ray",829,-0.037629043
"all_negative","global_ray",833,-0.20840571
"all_negative","global_ray",837,-0.27374164
"all_negative","global_ray",841,-0.15582481
"all_negative","global_ray",845,-0.37037412
"all_negative","global_ray",849,-0.11066898
"all_negative","global_ray",853,-0.067269982
"all_negative","global_ray",857,-0.0036128383
"all_negative","global_ray",861,-0.40392821
"all_negative","global_ray",865,-0.44332289
"all_negative","global_ray",869,-0.10293643
"all_negative","global_ray",873,-0.43918238
"all_negative","global_ray",877,-0.12949213
"all_negative","global_ray",881,-0.37691282
"all_negative","global_ray",885,-0.097949697
"all_negative","global_ray",889,-0.10411112
"all_negative","global_ray",893,-0.1038502
"all_negative","global_ray",897,-0.057950648
"all_negative","global_ray",901,-0.058724626
"all_negative","global_ray",905,-0.050366333
"all_negative","global_ray",909,-0.30065357
"all_negative","global_ray",913,-0.027544107
"all_negative","global_ray",917,-0.21913134
"all_negative","global_ray",921,-0.5890847
"all_negative","global_ray",925,-0.1481881
"all_negative","global_ray",929,-0.26084257
"all_negative","global_ray",933,-0.14236576
"all_negative","global_ray",937,-0.0050620208
"all_negative","global_ray",941,-0.24434264
"all_negative","global_ray",945,-0.2390626
"all_negative","global_ray",949,-0.5902471
"all_negative","global_ray",953,-0.62273057
"all_negative","global_ray",957,-0.074763142
"all_negative","global_ray",961,-0.021156252
"all_negative","global_ray",965,-0.067375236
"all_negative","global_ray",969,-0.15033005
"all_negative","global_ray",973,-0.42283418
"all_negative","global_ray",977,-0.26902961
"all_negative","global_ray",981,-0.08215027
"all_negative","global_ray",985,-0.46541193
"all_negative","global_ray",989,-0.097931369
"all_negative","global_ray",993,-0.023100119
"all_negative","global_ray",997,-0.23974507
"all_negative","global_ray",1002,-0.080795324
"all_negative","global_ray",1006,-0.14624513
"all_negative","global_ray",1010,-0.089461171
"all_negative","global_ray",1014,-0.24447948
"all_negative","global_ray",1018,-0.04200544
"all_negative","global_ray",1022,-0.021827857
"all_negative","global_ray",1026,-0.028929867
"all_negative","global_ray",1030,-0.00380959
"all_negative","global_ray",1034,-0.019928421
"all_negative","global_ray",1038,-0.094295793
"all_negative","global_ray",1042,-0.16754746
"all_negative","global_ray",1046,-0.22333176
"all_negative","global_ray",1050,-0.17500845
"all_negative","global_ray",1054,-0.10802409
"all_negative","global_ray",1058,-0.20491546
"all_negative","global_ray",1062,-0.24899208
"all_negative","global_ray",1066,-0.09810215
"all_negative","global_ray",1070,-0.022838775
"all_negative","global_ray",1074,-0.23436684
"all_negative","global_ray",1078,-0.019662991
"all_negative","global_ray",1082,-0.017294386
"all_negative","global_ray",1086,-0.13337266
"all_negative","global_ray",1090,-0.065833386
"all_negative","global_ray",1094,-0.24082264
"all_negative","global_ray",1098,-0.034215575
"all_negative","global_ray",1102,-0.43028041
"all_negative","global_ray",1106,-0.14852083
"all_negative","global_ray",1110,-0.026040259
"all_negative","global_ray",1114,-0.098666205
"all_negative","global_ray",1118,-0.26017814
"all_negative","global_ray",1122,-0.044934612
"all_negative","global_ray",1126,-0.095269352
"all_negative","global_ray",1130,-0.22181604
"all_negative","global_ray",1134,-0.24009749
"all_negative","global_ray",1138,-0.030776661
"all_negative","global_ray",1142,-0.28707072
"all_negative","global_ray",1146,-0.034780802
"all_negative","global_ray",1150,-0.14237972
"all_negative","global_ray",1154,-0.071149259
"all_negative","global_ray",1158,-0.26839682
"all_negative","global_ray",1162,-0.074858835
"all_negative","global_ray",1166,-0.27255935
"all_negative","global_ray",1170,-0.12494866
"all_negative","global_ray",1174,-0.03834925
"all_negative","global_ray",1178,-0.018532647
"all_negative","global_ray",1182,-0.10509475
"all_negative","global_ray",1186,-0.2671965
"all_negative","global_ray",1190,-0.092783434
"all_negative","global_ray",1194,-0.017382955
"all_negative","global_ray",1198,-0.25438206
"all_negative","global_ray",1202,-0.39986599
"all_negative","global_ray",1206,-0.20168414
"all_negative","global_ray",1210,-0.052243505
"all_negative","global_ray",1214,-0.042272339
"all_negative","global_ray",1218,-0.27076657
"all_negative","global_ray",1222,-0.17116628
"all_negative","global_ray",1226,-0.0095628724
"all_negative","global_ray",1230,-0.091881659
"all_negative","global_ray",1234,-0.078886772
"all_negative","global_ray",1238,-0.038881046
"all_negative","global_ray",1242,-0.26333698
"all_negative","global_ray",1246,-0.41857109
"all_negative","global_ray",1250,-0.38485715
"all_negative","global_ray",1254,-0.13142421
"all_negative","global_ray",1258,-0.20533619
"all_negative","global_ray",1262,-0.091011709
"all_negative","global_ray",1266,-0.04579004
"all_negative","global_ray",1270,-0.22652083
"all_negative","global_ray",1274,-0.12491493
"all_negative","global_ray",1278,-0.17532379
"all_negative","global_ray",1282,-0.17197422
"all_negative","global_ray",1286,-0.13610615
"all_negative","global_ray",1290,-0.088752024
"all_negative","global_ray",1294,-0.15585592
"all_negative","global_ray",1298,-0.47582432
"all_negative","global_ray",1302,-0.019980107
"all_negative","global_ray",1306,-0.18676723
"all_negative","global_ray",1310,-0.082027068
"all_negative","global_ray",1314,-0.027349472
"all_negative","global_ray",1318,-0.1015019
"all_negative","global_ray",1322,-0.0082208907
"all_negative","global_ray",1326,-0.30239303
"all_negative","global_ray",1330,-0.13749856
"all_negative","global_ray",1334,-0.48507712
"all_negative","global_ray",1338,-0.50576702
"all_negative","global_ray",1342,-0.20308665
"all_negative","global_ray",1346,-0.11096861
"all_negative","global_ray",1350,-0.11637369
"all_negative","global_ray",1354,-0.0048254148
"all_negative","global_ray",1358,-0.089724148
"all_negative","global_ray",1362,-0.2363795
"all_negative","global_ray",1366,-0.00049939976
"all_negative","global_ray",1370,-0.23665596
"all_negative","global_ray",1374,-0.37578315
"all_negative","global_ray",1378,-0.050282097
"all_negative","global_ray",1382,-0.076502001
"all_negative","global_ray",1386,-0.3238745
"all_negative","global_ray",1390,-0.38023797
"all_negative","global_ray",1394,-0.23198033
"all_negative","global_ray",1398,-0.4081862
"all_negative","global_ray",1402,-0.11203147
"all_negative","global_ray",1406,-0.49713878
"all_negative","global_ray",1410,-0.0012136046
"all_negative","global_ray",1414,-0.23415199
"all_negative","global_ray",1418,-0.25425867
"all_negative","global_ray",1422,-0.30367451
"all_negative","global_ray",1426,-0.045689247
"all_negative","global_ray",1430,-0.010626608
"all_negative","global_ray",1434,-0.089265932
"all_negative","global_ray",1438,-0.18913153
"all_negative","global_ray",1442,-0.0028438117
"all_negative","global_ray",1446,-0.03778562
"all_negative","global_ray",1450,-0.4604436
"all_negative","global_ray",1454,-0.22391065
"all_negative","global_ray",1458,-0.23716578
"all_negative","global_ray",1462,-0.31472976
"all_negative","global_ray",1466,-0.17998774
"all_negative","global_ray",1470,-0.36549797
"all_negative","global_ray",1474,-0.24952246
"all_negative","global_ray",1478,-0.031008764
"all_negative","global_ray",1482,-0.35544482
"all_negative","global_ray",1486,-0.068033399
"all_negative","global_ray",1490,-0.15001064
"all_negative","global_ray",1494,-0.021577884
"all_negative","global_ray",1498,-0.05136439
"all_negative","global_ray",1502,-0.21324814
"all_negative","global_ray",1506,-0.071551236
"all_negative","global_ray",1510,-0.18108644
"all_negative","global_ray",1514,-0.23458722
"all_negative","global_ray",1518,-0.41296109
"all_negative","global_ray",1522,-0.077408206
"all_negative","global_ray",1526,-0.13583974
"all_negative","global_ray",1530,-0.16048698
"all_negative","global_ray",1534,-0.024093886
"all_negative","global_ray",1538,-0.26278788
"all_negative","global_ray",1542,-0.027870552
"all_negative","global_ray",1546,-0.1712482
"all_negative","global_ray",1550,-0.16781669
"all_negative","global_ray",1554,-0.06613917
"all_negative","global_ray",1558,-0.028648581
"all_negative","global_ray",1562,-0.17791125
"all_negative","global_ray",1566,-0.063547382
"all_negative","global_ray",1570,-0.0015076078
"all_negative","global_ray",1574,-0.46835836
"all_negative","global_ray",1578,-0.28845619
"all_negative","global_ray",1582,-0.27478962
"all_negative","global_ray",1586,-0.042054121
"all_negative","global_ray",1590,-0.028455232
"all_negative","global_ray",1594,-0.046131071
"all_negative","global_ray",1598,-0.077752016
"all_negative","global_ray",1602,-0.087618109
"all_negative","global_ray",1606,-0.30995695
"all_negative","global_ray",1610,-0.27532437
"all_negative","global_ray",1614,-0.22983866
"all_negative","global_ray",1618,-0.039090938
"all_negative","global_ray",1622,-0.14980517
"all_negative","global_ray",1626,-0.17865038
"all_negative","global_ray",1630,-0.024762067
"all_negative","global_ray",1634,-0.0093603094
"all_negative","global_ray",1638,-0.17713239
"all_negative","global_ray",1642,-0.26268256
"all_negative","global_ray",1646,-0.13469428
"all_negative","global_ray",1650,-0.12881539
"all_negative","global_ray",1654,-0.16904464
"all_negative","global_ray",1658,-0.096387608
"all_negative","global_ray",1662,-0.07556742
"all_negative","global_ray",1666,-0.12835066
"all_negative","global_ray",1670,-0.32844756
"all_negative","global_ray",1674,-0.18080625
"all_negative","global_ray",1678,-0.095709816
"all_negative","global_ray",1682,-0.28682786
"all_negative","global_ray",1686,-0.39158417
"all_negative","global_ray",1690,-0.028614067
"all_negative","global_ray",1694,-0.18261804
"all_negative","global_ray",1698,-0.18474618
"all_negative","global_ray",1702,-0.49084525
"all_negative","global_ray",1706,-0.17393815
"all_negative","global_ray",1710,-0.11039901
"all_negative","global_ray",1714,-0.034692967
"all_negative","global_ray",1718,-0.026209806
"all_negative","global_ray",1722,-0.20977525
"all_negative","global_ray",1726,-0.22718014
"all_negative","global_ray",1730,-0.018630258
"all_negative","global_ray",1734,-0.048011989
"all_negative","global_ray",1738,-0.011587727
"all_negative","global_ray",1742,-0.13759439
"all_negative","global_ray",1746,-0.428839
"all_negative","global_ray",1750,-0.12890001
"all_negative","global_ray",1754,-0.40064273
"all_negative","global_ray",1758,-0.052056183
"all_negative","global_ray",1762,-0.081180237
"all_negative","global_ray",1766,-0.03397063
"all_negative","global_ray",1770,-0.038877352
"all_negative","global_ray",1774,-0.041295182
"all_negative","global_ray",1778,-0.12332871
"all_negative","global_ray",1782,-0.23305021
"all_negative","global_ray",1786,-0.15891923
"all_negative","global_ray",1790,-0.010384983
"all_negative","global_ray",1794,-0.32619481
"all_negative","global_ray",1798,-0.63417935
"all_negative","global_ray",1802,-0.60253983
"all_negative","global_ray",1806,-0.43215872
"all_negative","global_ray",1810,-0.51119981
"all_negative","global_ray",1814,-0.062159721
"all_negative","global_ray",1818,-0.36561444
"all_negative","global_ray",1822,-0.28247429
"all_negative","global_ray",1826,-0.072487106
"all_negative","global_ray",1830,-0.41750593
"all_negative","global_ray",1834,-0.25266051
"all_negative","global_ray",1838,-0.021774
"all_negative","global_ray",1842,-0.12196319
"all_negative","global_ray",1846,-0.31256883
"all_negative","global_ray",1850,-0.2516783
"all_negative","global_ray",1854,-0.014636189
"all_negative","global_ray",1858,-0.013217245
"all_negative","global_ray",1862,-0.039889485
"all_negative","global_ray",1866,-0.33200813
"all_negative","global_ray",1870,-0.023269602
"all_negative","global_ray",1874,-0.069818021
"all_negative","global_ray",1878,-0.33603402
"all_negative","global_ray",1882,-0.10968813
"all_negative","global_ray",1886,-0.16289426
"all_negative","global_ray",1890,-0.082199443
"all_negative","global_ray",1894,-0.18235135
"all_negative","global_ray",1898,-0.02776385
"all_negative","global_ray",1902,-0.12498251
"all_negative","global_ray",1906,-0.13293174
"all_negative","global_ray",1910,-0.08869771
"all_negative","global_ray",1914,-0.38255568
"all_negative","global_ray",1918,-0.22528733
"all_negative","global_ray",1922,-0.09076593
"all_negative","global_ray",1926,-0.17741782
"all_negative","global_ray",1930,-0.13283976
"all_negative","global_ray",1934,-0.22995488
"all_negative","global_ray",1938,-0.1461586
"all_negative","global_ray",1942,-0.14708823
"all_negative","global_ray",1946,-0.22019077
"all_negative","global_ray",1950,-0.05383893
"all_negative","global_ray",1954,-0.10045934
"all_negative","global_ray",1958,-0.19915291
"all_negative","global_ray",1962,-0.22570184
"all_negative","global_ray",1966,-0.081789994
"all_negative","global_ray",1970,-0.3221949
"all_negative","global_ray",1974,-0.10139246
"all_negative","global_ray",1978,-0.12899751
"all_negative","global_ray",1982,-0.41889023
"all_negative","global_ray",1986,-0.15065016
"all_negative","global_ray",1990,-0.4713494
"all_negative","global_ray",1994,-0.027447049
"all_negative","global_ray",1998,-0.12739684
"all_negative","global_ray",2002,-0.077423387
"all_negative","global_ray",2006,-0.097946451
"all_negative","global_ray",2010,-0.071708744
"all_negative","global_ray",2014,-0.35756373
"all_negative","global_ray",2018,-0.27507491
"all_negative","global_ray",2022,-0.19451796
"all_negative","global_ray",2026,-0.075092602
"all_negative","global_ray",2030,-0.10376713
"all_negative","global_ray",2034,-0.11818411
"all_negative","global_ray",2038,-0.08412868
"all_negative","global_ray",2042,-0.43451935
"all_negative","global_ray",2046,-0.33691634
"all_negative","global_ray",2050,-0.18688032
"all_negative","global_ray",2054,-0.31791412
"all_negative","global_ray",2058,-0.13755281
"all_negative","global_ray",2062,-0.06424355
"all_negative","global_ray",2066,-0.27017662
"all_negative","global_ray",2070,-0.16453344
"all_negative","global_ray",2074,-0.14945799
"all_negative","global_ray",2078,-0.0035484329
"all_negative","global_ray",2082,-0.12272159
"all_negative","global_ray",2086,-0.24179015
"all_negative","global_ray",2090,-0.35702719
"all_negative","global_ray",2094,-0.070481644
"all_negative","global_ray",2098,-0.18722284
"all_negative","global_ray",2102,-0.10083176
"all_negative","global_ray",2106,-0.23280285
"all_negative","global_ray",2110,-0.66119717
"all_negative","global_ray",2114,-0.49542025
"all_negative","global_ray",2118,-0.15090637
"all_negative","global_ray",2122,-0.44955443
"all_negative","global_ray",2126,-0.40530494
"all_negative","global_ray",2130,-0.16741758
"all_negative","global_ray",2134,-0.096733663
"all_negative","global_ray",2138,-0.1866699
"all_negative","global_ray",2142,-0.20979014
"all_negative","global_ray",2146,-0.34600465
"all_negative","global_ray",2150,-0.10332759
"all_negative","global_ray",2154,-0.1497826
"all_negative","global_ray",2158,-0.64836885
"all_negative","global_ray",2162,-0.27354922
"all_negative","global_ray",2166,-0.36354066
"all_negative","global_ray",2170,-0.15289031
"all_negative","global_ray",2174,-0.033804611
"all_negative","global_ray",2178,-0.020166882
"all_negative","global_ray",2182,-0.22240766
"all_negative","global_ray",2186,-0.12587906
"all_negative","global_ray",2190,-0.10999381
"all_negative","global_ray",2194,-0.17761305
"all_negative","global_ray",2198,-0.55412888
"all_negative","global_ray",2202,-0.079421438
"all_negative","global_ray",2206,-0.082386698
"all_negative","global_ray",2210,-0.70275836
"all_negative","global_ray",2214,-0.003415225
"all_negative","global_ray",2218,-0.19140717
"all_negative","global_ray",2222,-0.42132277
"all_negative","global_ray",2226,-0.23876573
"all_negative","global_ray",2230,-0.060695774
"all_negative","global_ray",2234,-0.011204504
"all_negative","global_ray",2238,-0.024824988
"all_negative","global_ray",2242,-0.32543429
"all_negative","global_ray",2246,-0.088371599
"all_negative","global_ray",2250,-0.13448815
"all_negative","global_ray",2254,-0.26242124
"all_negative","global_ray",2258,-0.065720585
"all_negative","global_ray",2262,-0.33134888
"all_negative","global_ray",2266,-0.31819883
"all_negative","global_ray",2270,-0.30410547
"all_negative","global_ray",2274,-0.22752478
"all_negative","global_ray",2278,-0.42470178
"all_negative","global_ray",2282,-0.097632673
"all_negative","global_ray",2286,-0.046447364
"all_negative","global_ray",2290,-0.24572132
"all_negative","global_ray",2294,-0.055958629
"all_negative","global_ray",2298,-0.041278446
"all_negative","global_ray",2302,-0.048245727
"all_negative","global_ray",2306,-0.32113237
"all_negative","global_ray",2310,-0.054294521
"all_negative","global_ray",2314,-0.068970699
"all_negative","global_ray",2318,-0.1896694
"all_negative","global_ray",2322,-0.17113425
"all_negative","global_ray",2326,-0.28491658
"all_negative","global_ray",2330,-0.17659538
"all_negative","global_ray",2334,-0.27784425
"all_negative","global_ray",2338,-0.053404251
"all_negative","global_ray",2342,-0.25392766
"all_negative","global_ray",2346,-0.12720909
"all_negative","global_ray",2350,-0.060582353
"all_negative","global_ray",2354,-0.1374793
"all_negative","global_ray",2358,-0.24546402
"all_negative","global_ray",2362,-0.034491153
"all_negative","global_ray",2366,-0.14784196
"all_negative","global_ray",2370,-0.16648506
"all_negative","global_ray",2374,-0.34975337
"all_negative","global_ray",2378,-0.37193348
"all_negative","global_ray",2382,-0.55816865
"all_negative","global_ray",2386,-0.10502898
"all_negative","global_ray",2390,-0.30756351
"all_negative","global_ray",2394,-0.078650088
"all_negative","global_ray",2398,-0.24583932
"all_negative","global_ray",2402,-0.16962056
"all_negative","global_ray",2406,-0.042961633
"all_negative","global_ray",2410,-0.099208953
"all_negative","global_ray",2414,-0.31392427
"all_negative","global_ray",2418,-0.11634404
"all_negative","global_ray",2422,-0.24712642
"all_negative","global_ray",2426,-0.11634721
"all_negative","global_ray",2430,-0.13864043
"all_negative","global_ray",2434,-0.44547753
"all_negative","global_ray",2438,-0.22682005
"all_negative","global_ray",2442,-0.33770945
"all_negative","global_ray",2446,-0.048316738
"all_negative","global_ray",2450,-0.24241399
"all_negative","global_ray",2454,-0.4262759
"all_negative","global_ray",2458,-0.23821587
"all_negative","global_ray",2462,-0.4239525
"all_negative","global_ray",2466,-0.17942037
"all_negative","global_ray",2470,-0.12751535
"all_negative","global_ray",2474,-0.11330287
"all_negative","global_ray",2478,-0.23255501
"all_negative","global_ray",2482,-0.012410781
"all_negative","global_ray",2486,-0.48655272
"all_negative","global_ray",2490,-0.35272152
"all_negative","global_ray",2494,-0.0054684783
"all_negative","global_ray",2498,-0.32107562
"all_negative","global_ray",2502,-0.34364582
"all_negative","global_ray",2506,-0.19225458
"all_negative","global_ray",2510,-0.2279988
"all_negative","global_ray",2514,-0.11111503
"all_negative","global_ray",2518,-0.057669033
"all_negative","global_ray",2522,-0.20968321
"all_negative","global_ray",2526,-0.10609121
"all_negative","global_ray",2530,-0.16469111
"all_negative","global_ray",2534,-0.072974923
"all_negative","global_ray",2538,-0.12979221
"all_negative","global_ray",2542,-0.32830827
"all_negative","global_ray",2546,-0.26126804
"all_negative","global_ray",2550,-0.12711543
"all_negative","global_ray",2554,-0.012603323
"all_negative","global_ray",2558,-0.26204133
"all_negative","global_ray",2562,-0.6859312
"all_negative","global_ray",2566,-0.39319424
"all_negative","global_ray",2570,-0.27916191
"all_negative","global_ray",2574,-0.064231562
"all_negative","global_ray",2578,-0.35701571
"all_negative","global_ray",2582,-0.55453019
"all_negative","global_ray",2586,-0.37991643
"all_negative","global_ray",2590,-0.52495386
"all_negative","global_ray",2594,-0.275503
"all_negative","global_ray",2598,-0.175205
"all_negative","global_ray",2602,-0.13435756
"all_negative","global_ray",2606,-0.20194565
"all_negative","global_ray",2610,-0.065557391
"all_negative","global_ray",2614,-0.070127762
"all_negative","global_ray",2618,-0.10436191
"all_negative","global_ray",2622,-0.10985361
"all_negative","global_ray",2626,-0.050246757
"all_negative","global_ray",2630,-0.14975925
"all_negative","global_ray",2634,-0.082133751
"all_negative","global_ray",2638,-0.080215293
"all_negative","global_ray",2642,-0.24140144
"all_negative","global_ray",2646,-0.32885697
"all_negative","global_ray",2650,-0.2910755
"all_negative","global_ray",2654,-0.076085307
"all_negative","global_ray",2658,-0.35097774
"all_negative","global_ray",2662,-0.36159657
"all_negative","global_ray",2666,-0.044787072
"all_negative","global_ray",2670,-0.44303652
"all_negative","global_ray",2674,-0.27403051
"all_negative","global_ray",2678,-0.16063587
"all_negative","global_ray",2682,-0.069577545
"all_negative","global_ray",2686,-0.055903889
"all_negative","global_ray",2690,-0.022176249
"all_negative","global_ray",2694,-0.046558563
"all_negative","global_ray",2698,-0.34851539
"all_negative","global_ray",2702,-0.22783071
"all_negative","global_ray",2706,-0.11814495
"all_negative","global_ray",2710,-0.39349782
"all_negative","global_ray",2714,-0.23609988
"all_negative","global_ray",2718,-0.63077428
"all_negative","global_ray",2722,-0.024495795
"all_negative","global_ray",2726,-0.22319828
"all_negative","global_ray",2730,-0.039126107
"all_negative","global_ray",2734,-0.48812512
"all_negative","global_ray",2738,-0.083054756
"all_negative","global_ray",2742,-0.3201264
"all_negative","global_ray",2746,-0.41639765
"all_negative","global_ray",2750,-0.026087349
"all_negative","global_ray",2754,-0.25144201
"all_negative","global_ray",2758,-0.46660108
"all_negative","global_ray",2762,-0.10921556
"all_negative","global_ray",2766,-0.014538083
"all_negative","global_ray",2770,-0.13985804
"all_negative","global_ray",2774,-0.2433293
"all_negative","global_ray",2778,-0.062197051
"all_negative","global_ray",2782,-0.28777064
"all_negative","global_ray",2786,-0.068663243
"all_negative","global_ray",2790,-0.65996426
"all_negative","global_ray",2794,-0.031254944
"all_negative","global_ray",2798,-0.23399543
"all_negative","global_ray",2802,-0.002803833
"all_negative","global_ray",2806,-0.40247764
"all_negative","global_ray",2810,-0.23471587
"all_negative","global_ray",2814,-0.4444946
"all_negative","global_ray",2818,-0.49683868
"all_negative","global_ray",2822,-0.0986639
"all_negative","global_ray",2826,-0.72279142
"all_negative","global_ray",2830,-0.16428701
"all_negative","global_ray",2834,-0.059189361
"all_negative","global_ray",2838,-0.19884956
"all_negative","global_ray",2842,-0.15408177
"all_negative","global_ray",2846,-0.19842504
"all_negative","global_ray",2850,-0.56226737
"all_negative","global_ray",2854,-0.051326723
"all_negative","global_ray",2858,-0.58857133
"all_negative","global_ray",2862,-0.38967697
"all_negative","global_ray",2866,-0.00094463904
"all_negative","global_ray",2870,-0.12274212
"all_negative","global_ray",2874,-0.42746896
"all_negative","global_ray",2878,-0.18779904
"all_negative","global_ray",2882,-0.37335804
"all_negative","global_ray",2886,-0.099855017
"all_negative","global_ray",2890,-0.21441805
"all_negative","global_ray",2894,-0.16989966
"all_negative","global_ray",2898,-0.055567432
"all_negative","global_ray",2902,-0.016510523
"all_negative","global_ray",2906,-0.11802292
"all_negative","global_ray",2910,-0.033783585
"all_negative","global_ray",2914,-0.37721089
"all_negative","global_ray",2918,-0.16502414
"all_negative","global_ray",2922,-0.069708915
"all_negative","global_ray",2926,-0.1879412
"all_negative","global_ray",2930,-0.16134565
"all_negative","global_ray",2934,-0.15283246
"all_negative","global_ray",2938,-0.50014043
"all_negative","global_ray",2942,-0.19924755
"all_negative","global_ray",2946,-0.31869497
"all_negative","global_ray",2950,-0.29670395
"all_negative","global_ray",2954,-0.22441761
"all_negative","global_ray",2958,-0.20417815
"all_negative","global_ray",2962,-0.17086019
"all_negative","global_ray",2966,-0.083709931
"all_negative","global_ray",2970,-0.28169295
"all_negative","global_ray",2974,-0.32363761
"all_negative","global_ray",2978,-0.53409386
"all_negative","global_ray",2982,-0.21469876
"all_negative","global_ray",2986,-0.11786651
"all_negative","global_ray",2990,-0.011040381
"all_negative","global_ray",2994,-0.25727852
"all_negative","global_ray",2998,-0.27600098
"all_negative","global_ray",3003,-0.035415917
"all_negative","global_ray",3007,-0.1149669
"all_negative","global_ray",3011,-0.3101786
"all_negative","global_ray",3015,-0.34791658
"all_negative","global_ray",3019,-0.045816839
"all_negative","global_ray",3023,-0.66525002
"all_negative","global_ray",3027,-0.75460643
"all_negative","global_ray",3031,-0.012342806
"all_negative","global_ray",3035,-0.059374447
"all_negative","global_ray",3039,-0.12975833
"all_negative","global_ray",3043,-0.37904391
"all_negative","global_ray",3047,-0.19746125
"all_negative","global_ray",3051,-0.36160989
"all_negative","global_ray",3055,-0.27013362
"all_negative","global_ray",3059,-0.18870662
"all_negative","global_ray",3063,-0.11282758
"all_negative","global_ray",3067,-0.19335488
"all_negative","global_ray",3071,-0.067386558
"all_negative","global_ray",3075,-0.11257199
"all_negative","global_ray",3079,-0.057245439
"all_negative","global_ray",3083,-0.036609054
"all_negative","global_ray",3087,-0.11215331
"all_negative","global_ray",3091,-0.17850775
"all_negative","global_ray",3095,-0.029279401
"all_negative","global_ray",3099,-0.058334139
"all_negative","global_ray",3103,-0.23744679
"all_negative","global_ray",3107,-0.1052761
"all_negative","global_ray",3111,-0.12757218
"all_negative","global_ray",3115,-0.26073923
"all_negative","global_ray",3119,-0.10152908
"all_negative","global_ray",3123,-0.26118081
"all_negative","global_ray",3127,-0.29452194
"all_negative","global_ray",3131,-0.23846678
"all_negative","global_ray",3135,-0.13565384
"all_negative","global_ray",3139,-0.17791431
"all_negative","global_ray",3143,-0.41295136
"all_negative","global_ray",3147,-0.37374422
"all_negative","global_ray",3151,-0.40182259
"all_negative","global_ray",3155,-0.010269079
"all_negative","global_ray",3159,-0.26512896
"all_negative","global_ray",3163,-0.12447829
"all_negative","global_ray",3167,-0.14548157
"all_negative","global_ray",3171,-0.33217721
"all_negative","global_ray",3175,-0.58192718
"all_negative","global_ray",3179,-0.23620032
"all_negative","global_ray",3183,-0.044772153
"all_negative","global_ray",3187,-0.027543421
"all_negative","global_ray",3191,-0.050925864
"all_negative","global_ray",3195,-0.19690654
"all_negative","global_ray",3199,-0.063599296
"all_negative","global_ray",3203,-0.33115496
"all_negative","global_ray",3207,-0.021241761
"all_negative","global_ray",3211,-0.37277834
"all_negative","global_ray",3215,-0.36315748
"all_negative","global_ray",3219,-0.51049511
"all_negative","global_ray",3223,-0.4955087
"all_negative","global_ray",3227,-0.044592958
"all_negative","global_ray",3231,-0.5369816
"all_negative","global_ray",3235,-0.41624947
"all_negative","global_ray",3239,-0.40519782
"all_negative","global_ray",3243,-0.29449082
"all_negative","global_ray",3247,-0.26786655
"all_negative","global_ray",3251,-0.2627306
"all_negative","global_ray",3255,-0.25559367
"all_negative","global_ray",3259,-0.2051771
"all_negative","global_ray",3263,-0.43788648
"all_negative","global_ray",3267,-0.043959741
"all_negative","global_ray",3271,-0.22530128
"all_negative","global_ray",3275,-0.218837
"all_negative","global_ray",3279,-0.20154007
"all_negative","global_ray",3283,-0.011530679
"all_negative","global_ray",3287,-0.11258691
"all_negative","global_ray",3291,-0.0090203798
"all_negative","global_ray",3295,-0.22621081
"all_negative","global_ray",3299,-0.082537691
"all_negative","global_ray",3303,-0.13300794
"all_negative","global_ray",3307,-0.19312474
"all_negative","global_ray",3311,-0.45033258
"all_negative","global_ray",3315,-0.16926707
"all_negative","global_ray",3319,-0.27500577
"all_negative","global_ray",3323,-0.02364394
"all_negative","global_ray",3327,-0.049704434
"all_negative","global_ray",3331,-0.17430565
"all_negative","global_ray",3335,-0.4884795
"all_negative","global_ray",3339,-0.015594292
"all_negative","global_ray",3343,-0.11528333
"all_negative","global_ray",3347,-0.0076710621
"all_negative","global_ray",3351,-0.085091261
"all_negative","global_ray",3355,-0.03341143
"all_negative","global_ray",3359,-0.5201125
"all_negative","global_ray",3363,-0.012899076
"all_negative","global_ray",3367,-0.071748163
"all_negative","global_ray",3371,-0.034797509
"all_negative","global_ray",3375,-0.044751035
"all_negative","global_ray",3379,-0.12241714
"all_negative","global_ray",3383,-0.43926603
"all_negative","global_ray",3387,-0.36684109
"all_negative","global_ray",3391,-0.21256109
"all_negative","global_ray",3395,-0.13998835
"all_negative","global_ray",3399,-0.11104837
"all_negative","global_ray",3403,-0.19124146
"all_negative","global_ray",3407,-0.11261535
"all_negative","global_ray",3411,-0.088792253
"all_negative","global_ray",3415,-0.034267981
"all_negative","global_ray",3419,-0.35284052
"all_negative","global_ray",3423,-0.26316342
"all_negative","global_ray",3427,-0.25186829
"all_negative","global_ray",3431,-0.17057231
"all_negative","global_ray",3435,-0.14754758
"all_negative","global_ray",3439,-0.27035937
"all_negative","global_ray",3443,-0.11416444
"all_negative","global_ray",3447,-0.074904565
"all_negative","global_ray",3451,-0.13267386
"all_negative","global_ray",3455,-0.53767935
"all_negative","global_ray",3459,-0.15775601
"all_negative","global_ray",3463,-0.0014078457
"all_negative","global_ray",3467,-0.12359708
"all_negative","global_ray",3471,-0.15127704
"all_negative","global_ray",3475,-0.50754809
"all_negative","global_ray",3479,-0.036036036
"all_negative","global_ray",3483,-0.10207264
"all_negative","global_ray",3487,-0.18471321
"all_negative","global_ray",3491,-0.13276524
"all_negative","global_ray",3495,-0.037141141
"all_negative","global_ray",3499,-0.28935329
"all_negative","global_ray",3503,-0.15341165
"all_negative","global_ray",3507,-0.038057316
"all_negative","global_ray",3511,-0.00078766804
"all_negative","global_ray",3515,-0.17364574
"all_negative","global_ray",3519,-0.017757894
"all_negative","global_ray",3523,-0.012530317
"all_negative","global_ray",3527,-0.10351351
"all_negative","global_ray",3531,-0.018115295
"all_negative","global_ray",3535,-0.014566285
"all_negative","global_ray",3539,-0.10138392
"all_negative","global_ray",3543,-0.085625223
"all_negative","global_ray",3547,-0.1428622
"all_negative","global_ray",3551,-0.0068790406
"all_negative","global_ray",3555,-0.0042859846
"all_negative","global_ray",3559,-0.27605436
"all_negative","global_ray",3563,-0.39748563
"all_negative","global_ray",3567,-0.3780517
"all_negative","global_ray",3571,-0.018196436
"all_negative","global_ray",3575,-0.070862254
"all_negative","global_ray",3579,-0.18529662
"all_negative","global_ray",3583,-0.17628881
"all_negative","global_ray",3587,-0.35436193
"all_negative","global_ray",3591,-0.69130506
"all_negative","global_ray",3595,-0.21280443
"all_negative","global_ray",3599,-0.086721789
"all_negative","global_ray",3603,-0.097983236
"all_negative","global_ray",3607,-0.23934879
"all_negative","global_ray",3611,-0.28846271
"all_negative","global_ray",3615,-0.106087
"all_negative","global_ray",3619,-0.024581141
"all_negative","global_ray",3623,-0.071732994
"all_negative","global_ray",3627,-0.0092537909
"all_negative","global_ray",3631,-0.17519337
"all_negative","global_ray",3635,-0.078811502
"all_negative","global_ray",3639,-0.095409405
"all_negative","global_ray",3643,-0.28517881
"all_negative","global_ray",3647,-0.030159865
"all_negative","global_ray",3651,-0.043761961
"all_negative","global_ray",3655,-0.056349654
"all_negative","global_ray",3659,-0.091479097
"all_negative","global_ray",3663,-0.01231656
"all_negative","global_ray",3667,-0.0061235731
"all_negative","global_ray",3671,-0.20397545
"all_negative","global_ray",3675,-0.25100437
"all_negative","global_ray",3679,-0.040711162
"all_negative","global_ray",3683,-0.044976904
"all_negative","global_ray",3687,-0.11607642
"all_negative","global_ray",3691,-0.13731621
"all_negative","global_ray",3695,-0.014684114
"all_negative","global_ray",3699,-0.045157026
"all_negative","global_ray",3703,-0.13723802
"all_negative","global_ray",3707,-0.46499235
"all_negative","global_ray",3711,-0.056990353
"all_negative","global_ray",3715,-0.40637931
"all_negative","global_ray",3719,-0.030354611
"all_negative","global_ray",3723,-0.018044748
"all_negative","global_ray",3727,-0.12633358
"all_negative","global_ray",3731,-0.17271741
"all_negative","global_ray",3735,-0.22845158
"all_negative","global_ray",3739,-0.29143257
"all_negative","global_ray",3743,-0.11849719
"all_negative","global_ray",3747,-0.39974832
"all_negative","global_ray",3751,-0.068269834
"all_negative","global_ray",3755,-0.0023791404
"all_negative","global_ray",3759,-0.26756801
"all_negative","global_ray",3763,-0.0016284758
"all_negative","global_ray",3767,-0.43572346
"all_negative","global_ray",3771,-0.043051922
"all_negative","global_ray",3775,-0.02459225
"all_negative","global_ray",3779,-0.26797606
"all_negative","global_ray",3783,-0.17741017
"all_negative","global_ray",3787,-0.17039655
"all_negative","global_ray",3791,-0.082189338
"all_negative","global_ray",3795,-0.31114652
"all_negative","global_ray",3799,-0.14785522
"all_negative","global_ray",3803,-0.066984613
"all_negative","global_ray",3807,-0.023065179
"all_negative","global_ray",3811,-0.41246582
"all_negative","global_ray",3815,-0.12554673
"all_negative","global_ray",3819,-0.12061307
"all_negative","global_ray",3823,-0.037378342
"all_negative","global_ray",3827,-0.12951512
"all_negative","global_ray",3831,-0.0032952479
"all_negative","global_ray",3835,-0.035069466
"all_negative","global_ray",3839,-0.18654041
"all_negative","global_ray",3843,-0.4550555
"all_negative","global_ray",3847,-0.34536058
"all_negative","global_ray",3851,-0.41925224
"all_negative","global_ray",3855,-0.19867532
"all_negative","global_ray",3859,-0.36940044
"all_negative","global_ray",3863,-0.39793837
"all_negative","global_ray",3867,-0.28351197
"all_negative","global_ray",3871,-0.085667006
"all_negative","global_ray",3875,-0.45482031
"all_negative","global_ray",3879,-0.51229972
"all_negative","global_ray",3883,-0.38119349
"all_negative","global_ray",3887,-0.024925256
"all_negative","global_ray",3891,-0.24653354
"all_negative","global_ray",3895,-0.060699243
"all_negative","global_ray",3899,-0.21050387
"all_negative","global_ray",3903,-0.027708685
"all_negative","global_ray",3907,-0.050809615
"all_negative","global_ray",3911,-0.13457813
"all_negative","global_ray",3915,-0.057155074
"all_negative","global_ray",3919,-0.11770894
"all_negative","global_ray",3923,-0.35949258
"all_negative","global_ray",3927,-0.12986927
"all_negative","global_ray",3931,-0.15287118
"all_negative","global_ray",3935,-0.44575396
"all_negative","global_ray",3939,-0.51199174
"all_negative","global_ray",3943,-0.20627714
"all_negative","global_ray",3947,-0.032031521
"all_negative","global_ray",3951,-0.080387818
"all_negative","global_ray",3955,-0.51873589
"all_negative","global_ray",3959,-0.36375387
"all_negative","global_ray",3963,-0.051950182
"all_negative","global_ray",3967,-0.021516736
"all_negative","global_ray",3971,-0.013442454
"all_negative","global_ray",3975,-0.035555389
"all_negative","global_ray",3979,-0.19388569
"all_negative","global_ray",3983,-0.020200421
"all_negative","global_ray",3987,-0.24643045
"all_negative","global_ray",3991,-0.094389427
"all_negative","global_ray",3995,-0.05138972
"all_negative","global_ray",3999,-0.50552644
"all_negative","global_ray",4003,-0.15590824
"all_negative","global_ray",4007,-0.19771035
"all_negative","global_ray",4011,-0.066479367
"all_negative","global_ray",4015,-0.22867687
"all_negative","global_ray",4019,-0.14116296
"all_negative","global_ray",4023,-0.29237273
"all_negative","global_ray",4027,-0.041087024
"all_negative","global_ray",4031,-0.27838891
"all_negative","global_ray",4035,-0.38441492
"all_negative","global_ray",4039,-0.14828684
"all_negative","global_ray",4043,-0.048457823
"all_negative","global_ray",4047,-0.093473747
"all_negative","global_ray",4051,-0.11514679
"all_negative","global_ray",4055,-0.016580161
"all_negative","global_ray",4059,-0.20891427
"all_negative","global_ray",4063,-0.021405122
"all_negative","global_ray",4067,-0.040460851
"all_negative","global_ray",4071,-0.26963479
"all_negative","global_ray",4075,-0.030582896
"all_negative","global_ray",4079,-0.09363996
"all_negative","global_ray",4083,-0.2064715
"all_negative","global_ray",4087,-0.14769
"all_negative","global_ray",4091,-0.23433755
"all_negative","global_ray",4095,-0.016470675
"all_negative","global_ray",4099,-0.28483657
"all_negative","global_ray",4103,-0.3261467
"all_negative","global_ray",4107,-0.065247518
"all_negative","global_ray",4111,-0.12944651
"all_negative","global_ray",4115,-0.56864364
"all_negative","global_ray",4119,-0.26504333
"all_negative","global_ray",4123,-0.10238369
"all_negative","global_ray",4127,-0.031991953
"all_negative","global_ray",4131,-0.111882
"all_negative","global_ray",4135,-0.083420171
"all_negative","global_ray",4139,-0.16796171
"all_negative","global_ray",4143,-0.051654411
"all_negative","global_ray",4147,-0.087935489
"all_negative","global_ray",4151,-0.30414307
"all_negative","global_ray",4155,-0.093685732
"all_negative","global_ray",4159,-0.4937831
"all_negative","global_ray",4163,-0.26675917
"all_negative","global_ray",4167,-0.0027119283
"all_negative","global_ray",4171,-0.20549275
"all_negative","global_ray",4175,-0.32157705
"all_negative","global_ray",4179,-0.26308654
"all_negative","global_ray",4183,-0.20364068
"all_negative","global_ray",4187,-0.13568255
"all_negative","global_ray",4191,-0.13274887
"all_negative","global_ray",4195,-0.11202471
"all_negative","global_ray",4199,-0.067565156
"all_negative","global_ray",4203,-0.063902556
"all_negative","global_ray",4207,-0.16846362
"all_negative","global_ray",4211,-0.14403617
"all_negative","global_ray",4215,-0.42003542
"all_negative","global_ray",4219,-0.45859749
"all_negative","global_ray",4223,-0.49252938
"all_negative","global_ray",4227,-0.097968766
"all_negative","global_ray",4231,-0.00078338438
"all_negative","global_ray",4235,-0.1369738
"all_negative","global_ray",4239,-0.37975965
"all_negative","global_ray",4243,-0.062387908
"all_negative","global_ray",4247,-0.16049911
"all_negative","global_ray",4251,-0.29684835
"all_negative","global_ray",4255,-0.25525079
"all_negative","global_ray",4259,-0.096931191
"all_negative","global_ray",4263,-0.0064668998
"all_negative","global_ray",4267,-0.35732806
"all_negative","global_ray",4271,-0.062718292
"all_negative","global_ray",4275,-0.10677473
"all_negative","global_ray",4279,-0.086911628
"all_negative","global_ray",4283,-0.363791
"all_negative","global_ray",4287,-0.29159694
"all_negative","global_ray",4291,-0.23811087
"all_negative","global_ray",4295,-0.12248989
"all_negative","global_ray",4299,-0.18001288
"all_negative","global_ray",4303,-0.067842521
"all_negative","global_ray",4307,-0.020659755
"all_negative","global_ray",4311,-0.093072391
"all_negative","global_ray",4315,-0.32266327
"all_negative","global_ray",4319,-0.12440837
"all_negative","global_ray",4323,-0.1061048
"all_negative","global_ray",4327,-0.18740188
"all_negative","global_ray",4331,-0.30204074
"all_negative","global_ray",4335,-0.038691001
"all_negative","global_ray",4339,-0.15947449
"all_negative","global_ray",4343,-0.21541113
"all_negative","global_ray",4347,-0.13768014
"all_negative","global_ray",4351,-0.25114615
"all_negative","global_ray",4355,-0.11205379
"all_negative","global_ray",4359,-0.017454289
"all_negative","global_ray",4363,-0.11653239
"all_negative","global_ray",4367,-0.22236144
"all_negative","global_ray",4371,-0.0024798138
"all_negative","global_ray",4375,-0.27443116
"all_negative","global_ray",4379,-0.21387319
"all_negative","global_ray",4383,-0.008013893
"all_negative","global_ray",4387,-0.45277085
"all_negative","global_ray",4391,-0.063262113
"all_negative","global_ray",4395,-0.2183425
"all_negative","global_ray",4399,-0.40627442
"all_negative","global_ray",4403,-0.20081181
"all_negative","global_ray",4407,-0.08414749
"all_negative","global_ray",4411,-0.11673388
"all_negative","global_ray",4415,-0.48116996
"all_negative","global_ray",4419,-0.36334995
"all_negative","global_ray",4423,-0.04136658
"all_negative","global_ray",4427,-0.070650864
"all_negative","global_ray",4431,-0.33181022
"all_negative","global_ray",4435,-0.24593195
"all_negative","global_ray",4439,-0.1858478
"all_negative","global_ray",4443,-0.34057343
"all_negative","global_ray",4447,-0.031065656
"all_negative","global_ray",4451,-0.05486679
"all_negative","global_ray",4455,-0.0038064068
"all_negative","global_ray",4459,-0.51121273
"all_negative","global_ray",4463,-0.10134092
"all_negative","global_ray",4467,-0.31094333
"all_negative","global_ray",4471,-0.45981071
"all_negative","global_ray",4475,-0.08463487
"all_negative","global_ray",4479,-0.059164602
"all_negative","global_ray",4483,-0.12278163
"all_negative","global_ray",4487,-0.19818859
"all_negative","global_ray",4491,-0.41871459
"all_negative","global_ray",4495,-0.44410293
"all_negative","global_ray",4499,-0.074071206
"all_negative","global_ray",4503,-0.43051955
"all_negative","global_ray",4507,-0.1140879
"all_negative","global_ray",4511,-0.041491209
"all_negative","global_ray",4515,-0.24634205
"all_negative","global_ray",4519,-0.046086662
"all_negative","global_ray",4523,-0.12464754
"all_negative","global_ray",4527,-0.017382551
"all_negative","global_ray",4531,-0.20021175
"all_negative","global_ray",4535,-0.10546924
"all_negative","global_ray",4539,-0.37384952
"all_negative","global_ray",4543,-0.079867667
"all_negative","global_ray",4547,-0.055553088
"all_negative","global_ray",4551,-0.04694527
"all_negative","global_ray",4555,-0.030037272
"all_negative","global_ray",4559,-0.45285694
"all_negative","global_ray",4563,-0.075948068
"all_negative","global_ray",4567,-0.17890157
"all_negative","global_ray",4571,-0.36630814
"all_negative","global_ray",4575,-0.023340344
"all_negative","global_ray",4579,-0.16784768
"all_negative","global_ray",4583,-0.038441512
"all_negative","global_ray",4587,-0.15109775
"all_negative","global_ray",4591,-0.076980671
"all_negative","global_ray",4595,-0.17143754
"all_negative","global_ray",4599,-0.5030217
"all_negative","global_ray",4603,-0.13444886
"all_negative","global_ray",4607,-0.026072585
"all_negative","global_ray",4611,-0.041590086
"all_negative","global_ray",4615,-0.39740875
"all_negative","global_ray",4619,-0.40379856
"all_negative","global_ray",4623,-0.043242343
"all_negative","global_ray",4627,-0.23377316
"all_negative","global_ray",4631,-0.28272756
"all_negative","global_ray",4635,-0.016279063
"all_negative","global_ray",4639,-0.078200918
"all_negative","global_ray",4643,-0.53556148
"all_negative","global_ray",4647,-0.35258548
"all_negative","global_ray",4651,-0.50030894
"all_negative","global_ray",4655,-0.40033216
"all_negative","global_ray",4659,-0.089160324
"all_negative","global_ray",4663,-0.087452861
"all_negative","global_ray",4667,-0.023407328
"all_negative","global_ray",4671,-0.30374772
"all_negative","global_ray",4675,-0.33434125
"all_negative","global_ray",4679,-0.13273738
"all_negative","global_ray",4683,-0.2611181
"all_negative","global_ray",4687,-0.10593612
"all_negative","global_ray",4691,-0.15168187
"all_negative","global_ray",4695,-0.23701662
"all_negative","global_ray",4699,-0.19289978
"all_negative","global_ray",4703,-0.27098581
"all_negative","global_ray",4707,-0.18084098
"all_negative","global_ray",4711,-0.30038824
"all_negative","global_ray",4715,-0.59324028
"all_negative","global_ray",4719,-0.49197922
"all_negative","global_ray",4723,-0.28022481
"all_negative","global_ray",4727,-0.01836726
"all_negative","global_ray",4731,-0.081886963
"all_negative","global_ray",4735,-0.22601247
"all_negative","global_ray",4739,-0.16368158
"all_negative","global_ray",4743,-0.45053376
"all_negative","global_ray",4747,-0.377017
"all_negative","global_ray",4751,-0.20868912
"all_negative","global_ray",4755,-0.34554489
"all_negative","global_ray",4759,-0.092383138
"all_negative","global_ray",4763,-0.0057541463
"all_negative","global_ray",4767,-0.08473342
"all_negative","global_ray",4771,-0.011435799
"all_negative","global_ray",4775,-0.10629861
"all_negative","global_ray",4779,-0.038815951
"all_negative","global_ray",4783,-0.14845484
"all_negative","global_ray",4787,-0.18047302
"all_negative","global_ray",4791,-0.42425099
"all_negative","global_ray",4795,-0.059718219
"all_negative","global_ray",4799,-0.018525607
"all_negative","global_ray",4803,-0.058761734
"all_negative","global_ray",4807,-0.48817145
"all_negative","global_ray",4811,-0.34445944
"all_negative","global_ray",4815,-0.30004583
"all_negative","global_ray",4819,-0.082252394
"all_negative","global_ray",4823,-0.07134929
"all_negative","global_ray",4827,-0.029958102
"all_negative","global_ray",4831,-0.0049660451
"all_negative","global_ray",4835,-0.33109891
"all_negative","global_ray",4839,-0.26502458
"all_negative","global_ray",4843,-0.24580374
"all_negative","global_ray",4847,-0.083414885
"all_negative","global_ray",4851,-0.075614679
"all_negative","global_ray",4855,-0.10808677
"all_negative","global_ray",4859,-0.032919407
"all_negative","global_ray",4863,-0.031720009
"all_negative","global_ray",4867,-0.13196577
"all_negative","global_ray",4871,-0.18049939
"all_negative","global_ray",4875,-0.70152558
"all_negative","global_ray",4879,-0.035847819
"all_negative","global_ray",4883,-0.21864201
"all_negative","global_ray",4887,-0.20192583
"all_negative","global_ray",4891,-0.20695847
"all_negative","global_ray",4895,-0.047472825
"all_negative","global_ray",4899,-0.26552891
"all_negative","global_ray",4903,-0.1987234
"all_negative","global_ray",4907,-0.4260928
"all_negative","global_ray",4911,-0.30455859
"all_negative","global_ray",4915,-0.1297491
"all_negative","global_ray",4919,-0.6652976
"all_negative","global_ray",4923,-0.21602466
"all_negative","global_ray",4927,-0.27147666
"all_negative","global_ray",4931,-0.12373976
"all_negative","global_ray",4935,-0.070217371
"all_negative","global_ray",4939,-0.21699258
"all_negative","global_ray",4943,-0.32392806
"all_negative","global_ray",4947,-0.27279716
"all_negative","global_ray",4951,-0.18391759
"all_negative","global_ray",4955,-0.41433425
"all_negative","global_ray",4959,-0.072113744
"all_negative","global_ray",4963,-0.050246632
"all_negative","global_ray",4967,-0.16312428
"all_negative","global_ray",4971,-0.026182088
"all_negative","global_ray",4975,-0.29451816
"all_negative","global_ray",4979,-0.30898954
"all_negative","global_ray",4983,-0.16589599
"all_negative","global_ray",4987,-0.25170761
"all_negative","global_ray",4991,-0.19335936
"all_negative","global_ray",4995,-0.26276234
"all_negative","global_ray",4999,-0.41762849
"all_negative","global_ray",5004,-0.67656149
"all_negative","global_ray",5008,-0.054677816
"all_negative","global_ray",5012,-0.045641863
"all_negative","global_ray",5016,-0.17250781
"all_negative","global_ray",5020,-0.0014055467
"all_negative","global_ray",5024,-0.055450533
"all_negative","global_ray",5028,-0.027547526
"all_negative","global_ray",5032,-0.086031644
"all_negative","global_ray",5036,-0.49212968
"all_negative","global_ray",5040,-0.49257304
"all_negative","global_ray",5044,-0.287925
"all_negative","global_ray",5048,-0.043903467
"all_negative","global_ray",5052,-0.36596711
"all_negative","global_ray",5056,-0.40968067
"all_negative","global_ray",5060,-0.010675506
"all_negative","global_ray",5064,-0.13972469
"all_negative","global_ray",5068,-0.22548608
"all_negative","global_ray",5072,-0.23458313
"all_negative","global_ray",5076,-0.22312971
"all_negative","global_ray",5080,-0.12944786
"all_negative","global_ray",5084,-0.046784675
"all_negative","global_ray",5088,-0.3518215
"all_negative","global_ray",5092,-0.047336338
"all_negative","global_ray",5096,-0.059162478
"all_negative","global_ray",5100,-0.25959558
"all_negative","global_ray",5104,-0.38464667
"all_negative","global_ray",5108,-0.030393568
"all_negative","global_ray",5112,-0.32782232
"all_negative","global_ray",5116,-0.37620405
"all_negative","global_ray",5120,-0.16627868
"all_negative","global_ray",5124,-0.27133348
"all_negative","global_ray",5128,-0.038035382
"all_negative","global_ray",5132,-0.10133335
"all_negative","global_ray",5136,-0.068698808
"all_negative","global_ray",5140,-0.20648702
"all_negative","global_ray",5144,-0.010839014
"all_negative","global_ray",5148,-0.24118116
"all_negative","global_ray",5152,-0.17005419
"all_negative","global_ray",5156,-0.17508492
"all_negative","global_ray",5160,-0.016510351
"all_negative","global_ray",5164,-0.66965354
"all_negative","global_ray",5168,-0.66528823
"all_negative","global_ray",5172,-0.049239098
"all_negative","global_ray",5176,-0.48267018
"all_negative","global_ray",5180,-0.0543118
"all_negative","global_ray",5184,-0.1643095
"all_negative","global_ray",5188,-0.042185958
"all_negative","global_ray",5192,-0.12918956
"all_negative","global_ray",5196,-0.0028756872
"all_negative","global_ray",5200,-0.30858241
"all_negative","global_ray",5204,-0.63370822
"all_negative","global_ray",5208,-0.0017604793
"all_negative","global_ray",5212,-0.23819703
"all_negative","global_ray",5216,-0.35797386
"all_negative","global_ray",5220,-0.37569801
"all_negative","global_ray",5224,-0.33571887
"all_negative","global_ray",5228,-0.002116911
"all_negative","global_ray",5232,-0.018016897
"all_negative","global_ray",5236,-0.03432279
"all_negative","global_ray",5240,-0.11921193
"all_negative","global_ray",5244,-0.044633189
"all_negative","global_ray",5248,-0.15120684
"all_negative","global_ray",5252,-0.055372458
"all_negative","global_ray",5256,-0.0071329492
"all_negative","global_ray",5260,-0.22628501
"all_negative","global_ray",5264,-0.049864529
"all_negative","global_ray",5268,-0.12323997
"all_negative","global_ray",5272,-0.068625992
"all_negative","global_ray",5276,-0.14596098
"all_negative","global_ray",5280,-0.17248399
"all_negative","global_ray",5284,-0.14677563
"all_negative","global_ray",5288,-0.16514596
"all_negative","global_ray",5292,-0.22086876
"all_negative","global_ray",5296,-0.11926232
"all_negative","global_ray",5300,-0.017206771
"all_negative","global_ray",5304,-0.092757154
"all_negative","global_ray",5308,-0.068577932
"all_negative","global_ray",5312,-0.038580097
"all_negative","global_ray",5316,-0.1687145
"all_negative","global_ray",5320,-0.015300429
"all_negative","global_ray",5324,-0.2393789
"all_negative","global_ray",5328,-0.23718301
"all_negative","global_ray",5332,-0.17573625
"all_negative","global_ray",5336,-0.28108462
"all_negative","global_ray",5340,-0.064155424
"all_negative","global_ray",5344,-0.026910848
"all_negative","global_ray",5348,-0.361199
"all_negative","global_ray",5352,-0.50741723
"all_negative","global_ray",5356,-0.14245541
"all_negative","global_ray",5360,-0.28047924
"all_negative","global_ray",5364,-0.15921991
"all_negative","global_ray",5368,-0.14182878
"all_negative","global_ray",5372,-0.055672145
"all_negative","global_ray",5376,-0.30839706
"all_negative","global_ray",5380,-0.36573392
"all_negative","global_ray",5384,-0.17970282
"all_negative","global_ray",5388,-0.27896596
"all_negative","global_ray",5392,-0.12513382
"all_negative","global_ray",5396,-0.23846983
"all_negative","global_ray",5400,-0.13907349
"all_negative","global_ray",5404,-0.37376785
"all_negative","global_ray",5408,-0.48968814
"all_negative","global_ray",5412,-0.044244851
"all_negative","global_ray",5416,-0.015437027
"all_negative","global_ray",5420,-0.072653857
"all_negative","global_ray",5424,-0.43651506
"all_negative","global_ray",5428,-0.074921924
"all_negative","global_ray",5432,-0.097163018
"all_negative","global_ray",5436,-0.27100626
"all_negative","global_ray",5440,-0.099763763
"all_negative","global_ray",5444,-0.46737661
"all_negative","global_ray",5448,-0.48807651
"all_negative","global_ray",5452,-0.0077719279
"all_negative","global_ray",5456,-0.1863282
"all_negative","global_ray",5460,-0.43438131
"all_negative","global_ray",5464,-0.18891998
"all_negative","global_ray",5468,-0.30164749
"all_negative","global_ray",5472,-0.32797519
"all_negative","global_ray",5476,-0.030626302
"all_negative","global_ray",5480,-0.30964518
"all_negative","global_ray",5484,-0.004288519
"all_negative","global_ray",5488,-0.060115643
"all_negative","global_ray",5492,-0.05111934
"all_negative","global_ray",5496,-0.072061624
"all_negative","global_ray",5500,-0.1191654
"all_negative","global_ray",5504,-0.12166322
"all_negative","global_ray",5508,-0.11952891
"all_negative","global_ray",5512,-0.01308133
"all_negative","global_ray",5516,-0.042451561
"all_negative","global_ray",5520,-0.26979152
"all_negative","global_ray",5524,-0.16798998
"all_negative","global_ray",5528,-0.47385972
"all_negative","global_ray",5532,-0.38801958
"all_negative","global_ray",5536,-0.071028587
"all_negative","global_ray",5540,-0.14265063
"all_negative","global_ray",5544,-0.17942119
"all_negative","global_ray",5548,-0.037816638
"all_negative","global_ray",5552,-0.067802947
"all_negative","global_ray",5556,-0.42672163
"all_negative","global_ray",5560,-0.1886564
"all_negative","global_ray",5564,-0.016718951
"all_negative","global_ray",5568,-0.51939386
"all_negative","global_ray",5572,-0.0059029331
"all_negative","global_ray",5576,-0.21657561
"all_negative","global_ray",5580,-0.015259971
"all_negative","global_ray",5584,-0.018052236
"all_negative","global_ray",5588,-0.79051584
"all_negative","global_ray",5592,-0.057803806
"all_negative","global_ray",5596,-0.63552271
"all_negative","global_ray",5600,-0.44067854
"all_negative","global_ray",5604,-0.62679203
"all_negative","global_ray",5608,-0.3585117
"all_negative","global_ray",5612,-0.68332447
"all_negative","global_ray",5616,-0.13014462
"all_negative","global_ray",5620,-0.032956682
"all_negative","global_ray",5624,-0.028000567
"all_negative","global_ray",5628,-0.064084939
"all_negative","global_ray",5632,-0.48905871
"all_negative","global_ray",5636,-0.26733648
"all_negative","global_ray",5640,-0.16182409
"all_negative","global_ray",5644,-0.22807788
"all_negative","global_ray",5648,-0.096277096
"all_negative","global_ray",5652,-0.067197985
"all_negative","global_ray",5656,-0.05592526
"all_negative","global_ray",5660,-0.041473135
"all_negative","global_ray",5664,-0.084154026
"all_negative","global_ray",5668,-0.58118979
"all_negative","global_ray",5672,-0.08636212
"all_negative","global_ray",5676,-0.025586754
"all_negative","global_ray",5680,-0.018820152
"all_negative","global_ray",5684,-0.048552999
"all_negative","global_ray",5688,-0.50565472
"all_negative","global_ray",5692,-0.16395008
"all_negative","global_ray",5696,-0.30239635
"all_negative","global_ray",5700,-0.13908939
"all_negative","global_ray",5704,-0.047210056
"all_negative","global_ray",5708,-0.16743128
"all_negative","global_ray",5712,-0.09143976
"all_negative","global_ray",5716,-0.26772088
"all_negative","global_ray",5720,-0.079045485
"all_negative","global_ray",5724,-0.047702298
"all_negative","global_ray",5728,-0.229531
"all_negative","global_ray",5732,-0.053521399
"all_negative","global_ray",5736,-0.12973022
"all_negative","global_ray",5740,-0.033442752
"all_negative","global_ray",5744,-0.27745545
"all_negative","global_ray",5748,-0.04222262
"all_negative","global_ray",5752,-0.28018984
"all_negative","global_ray",5756,-0.14438755
"all_negative","global_ray",5760,-0.067936861
"all_negative","global_ray",5764,-0.11747882
"all_negative","global_ray",5768,-0.17558961
"all_negative","global_ray",5772,-0.23098968
"all_negative","global_ray",5776,-0.0045444169
"all_negative","global_ray",5780,-0.68333744
"all_negative","global_ray",5784,-0.36330873
"all_negative","global_ray",5788,-0.40415625
"all_negative","global_ray",5792,-0.061762777
"all_negative","global_ray",5796,-0.060142543
"all_negative","global_ray",5800,-0.025777652
"all_negative","global_ray",5804,-0.17174075
"all_negative","global_ray",5808,-0.041645908
"all_negative","global_ray",5812,-0.10836051
"all_negative","global_ray",5816,-0.03596575
"all_negative","global_ray",5820,-0.053059216
"all_negative","global_ray",5824,-0.00041749715
"all_negative","global_ray",5828,-0.024521537
"all_negative","global_ray",5832,-0.19530019
"all_negative","global_ray",5836,-0.019821467
"all_negative","global_ray",5840,-0.27297386
"all_negative","global_ray",5844,-0.44180863
"all_negative","global_ray",5848,-0.35677719
"all_negative","global_ray",5852,-0.069641378
"all_negative","global_ray",5856,-0.45753887
"all_negative","global_ray",5860,-0.047076497
"all_negative","global_ray",5864,-0.1834039
"all_negative","global_ray",5868,-0.080880526
"all_negative","global_ray",5872,-0.18150479
"all_negative","global_ray",5876,-0.066148419
"all_negative","global_ray",5880,-0.10465579
"all_negative","global_ray",5884,-0.048639442
"all_negative","global_ray",5888,-0.024425555
"all_negative","global_ray",5892,-0.17516465
"all_negative","global_ray",5896,-0.20756285
"all_negative","global_ray",5900,-0.23020797
"all_negative","global_ray",5904,-0.1670932
"all_negative","global_ray",5908,-0.048375524
"all_negative","global_ray",5912,-0.55841203
"all_negative","global_ray",5916,-0.018574511
"all_negative","global_ray",5920,-0.2375978
"all_negative","global_ray",5924,-0.13946306
"all_negative","global_ray",5928,-0.0039584151
"all_negative","global_ray",5932,-0.00085324027
"all_negative","global_ray",5936,-0.047848485
"all_negative","global_ray",5940,-0.17393229
"all_negative","global_ray",5944,-0.17480329
"all_negative","global_ray",5948,-0.34650524
"all_negative","global_ray",5952,-0.31077156
"all_negative","global_ray",5956,-0.18837768
"all_negative","global_ray",5960,-0.12902716
"all_negative","global_ray",5964,-0.4001789
"all_negative","global_ray",5968,-0.098244415
"all_negative","global_ray",5972,-0.19852639
"all_negative","global_ray",5976,-0.030271915
"all_negative","global_ray",5980,-0.30011531
"all_negative","global_ray",5984,-0.30153757
"all_negative","global_ray",5988,-0.10415195
"all_negative","global_ray",5992,-0.23481319
"all_negative","global_ray",5996,-0.50561513
"all_negative","global_ray",6000,-0.20490448
"mixed_signs","tri_sign",1,-0.21465849
"mixed_signs","tri_sign",5,-0.27134478
"mixed_signs","tri_sign",9,-0.396244
"mixed_signs","tri_sign",13,-0.15277899
"mixed_signs","tri_sign",17,-0.50571755
"mixed_signs","tri_sign",21,-0.64299412
"mixed_signs","tri_sign",25,-0.12679591
"mixed_signs","tri_sign",29,-0.011938753
"mixed_signs","tri_sign",33,-0.32689088
"mixed_signs","tri_sign",37,-0.20660715
"mixed_signs","tri_sign",41,-0.18666962
"mixed_signs","tri_sign",45,-0.11630011
"mixed_signs","tri_sign",49,-0.26866623
"mixed_signs","tri_sign",53,-0.30059664
"mixed_signs","tri_sign",57,-0.12343207
"mixed_signs","tri_sign",61,-0.13701059
"mixed_signs","tri_sign",65,-0.52002279
"mixed_signs","tri_sign",69,-0.25042354
"mixed_signs","tri_sign",73,-0.35052449
"mixed_signs","tri_sign",77,-0.12083816
"mixed_signs","tri_sign",81,-0.21065901
"mixed_signs","tri_sign",85,-0.17273038
"mixed_signs","tri_sign",89,-0.1225056
"mixed_signs","tri_sign",93,-0.010427763
"mixed_signs","tri_sign",97,-0.074450899
"mixed_signs","tri_sign",101,-0.063074738
"mixed_signs","tri_sign",105,-0.38551952
"mixed_signs","tri_sign",109,-0.016104195
"mixed_signs","tri_sign",113,-0.30583665
"mixed_signs","tri_sign",117,-0.064037252
"mixed_signs","tri_sign",121,-0.1779282
"mixed_signs","tri_sign",125,-0.10628721
"mixed_signs","tri_sign",129,-0.29700964
"mixed_signs","tri_sign",133,-0.69753674
"mixed_signs","tri_sign",137,-0.047306294
"mixed_signs","tri_sign",141,-0.18401585
"mixed_signs","tri_sign",145,-0.022830674
"mixed_signs","tri_sign",149,-0.60015935
"mixed_signs","tri_sign",153,-0.21697194
"mixed_signs","tri_sign",157,-0.35717591
"mixed_signs","tri_sign",161,-0.068077226
"mixed_signs","tri_sign",165,-0.14320045
"mixed_signs","tri_sign",169,-0.11940328
"mixed_signs","tri_sign",173,-0.33599894
"mixed_signs","tri_sign",177,-0.33045943
"mixed_signs","tri_sign",181,-0.40561692
"mixed_signs","tri_sign",185,-0.11283189
"mixed_signs","tri_sign",189,-0.39381093
"mixed_signs","tri_sign",193,-0.43670137
"mixed_signs","tri_sign",197,-0.51486748
"mixed_signs","tri_sign",201,-0.19087974
"mixed_signs","tri_sign",205,-0.03760145
"mixed_signs","tri_sign",209,-0.35683844
"mixed_signs","tri_sign",213,-0.11313269
"mixed_signs","tri_sign",217,-0.064178634
"mixed_signs","tri_sign",221,-0.17119655
"mixed_signs","tri_sign",225,-0.55619962
"mixed_signs","tri_sign",229,-0.52255365
"mixed_signs","tri_sign",233,-0.045218294
"mixed_signs","tri_sign",237,-0.4976136
"mixed_signs","tri_sign",241,-0.47698615
"mixed_signs","tri_sign",245,-0.1220214
"mixed_signs","tri_sign",249,-0.18105852
"mixed_signs","tri_sign",253,-0.054238631
"mixed_signs","tri_sign",257,-0.38024922
"mixed_signs","tri_sign",261,-0.32942075
"mixed_signs","tri_sign",265,-0.24683469
"mixed_signs","tri_sign",269,-0.16098328
"mixed_signs","tri_sign",273,-0.83594542
"mixed_signs","tri_sign",277,-0.60527286
"mixed_signs","tri_sign",281,-0.028497218
"mixed_signs","tri_sign",285,-0.039384568
"mixed_signs","tri_sign",289,-0.37107089
"mixed_signs","tri_sign",293,-0.0086268219
"mixed_signs","tri_sign",297,-0.70450228
"mixed_signs","tri_sign",301,-0.16538422
"mixed_signs","tri_sign",305,-0.32272441
"mixed_signs","tri_sign",309,-0.56450411
"mixed_signs","tri_sign",313,-0.15203498
"mixed_signs","tri_sign",317,-0.1461178
"mixed_signs","tri_sign",321,-0.074824829
"mixed_signs","tri_sign",325,-0.56221646
"mixed_signs","tri_sign",329,-0.024327841
"mixed_signs","tri_sign",333,-0.45956876
"mixed_signs","tri_sign",337,-0.10626813
"mixed_signs","tri_sign",341,-0.24141794
"mixed_signs","tri_sign",345,-0.12854196
"mixed_signs","tri_sign",349,-0.1963001
"mixed_signs","tri_sign",353,-0.14732048
"mixed_signs","tri_sign",357,-0.45223524
"mixed_signs","tri_sign",361,-0.37711823
"mixed_signs","tri_sign",365,-0.58591824
"mixed_signs","tri_sign",369,-0.41359673
"mixed_signs","tri_sign",373,-0.066802284
"mixed_signs","tri_sign",377,-0.059237374
"mixed_signs","tri_sign",381,-0.059426775
"mixed_signs","tri_sign",385,-0.021063294
"mixed_signs","tri_sign",389,-0.084215531
"mixed_signs","tri_sign",393,-0.36765507
"mixed_signs","tri_sign",397,-0.04295441
"mixed_signs","tri_sign",401,-0.07004295
"mixed_signs","tri_sign",405,-0.20060619
"mixed_signs","tri_sign",409,-0.23576946
"mixed_signs","tri_sign",413,-0.063658648
"mixed_signs","tri_sign",417,-0.084699368
"mixed_signs","tri_sign",421,-0.40097018
"mixed_signs","tri_sign",425,-0.14238255
"mixed_signs","tri_sign",429,-0.44661946
"mixed_signs","tri_sign",433,-0.23278848
"mixed_signs","tri_sign",437,-0.40919322
"mixed_signs","tri_sign",441,-0.24379085
"mixed_signs","tri_sign",445,-0.14349141
"mixed_signs","tri_sign",449,-0.21170817
"mixed_signs","tri_sign",453,-0.67330039
"mixed_signs","tri_sign",457,-0.24220976
"mixed_signs","tri_sign",461,-0.27190214
"mixed_signs","tri_sign",465,-0.18900599
"mixed_signs","tri_sign",469,-0.33448046
"mixed_signs","tri_sign",473,-0.27517755
"mixed_signs","tri_sign",477,-0.29320009
"mixed_signs","tri_sign",481,-0.19723243
"mixed_signs","tri_sign",485,-0.13176341
"mixed_signs","tri_sign",489,-0.14694006
"mixed_signs","tri_sign",493,-0.071747658
"mixed_signs","tri_sign",497,-0.14977283
"mixed_signs","tri_sign",501,-0.25917398
"mixed_signs","tri_sign",505,-0.29607638
"mixed_signs","tri_sign",509,-0.16275641
"mixed_signs","tri_sign",513,-0.60431906
"mixed_signs","tri_sign",517,-0.36473343
"mixed_signs","tri_sign",521,-0.046225343
"mixed_signs","tri_sign",525,-0.28624888
"mixed_signs","tri_sign",529,-0.30046312
"mixed_signs","tri_sign",533,-0.35971776
"mixed_signs","tri_sign",537,-0.2180487
"mixed_signs","tri_sign",541,-0.025396069
"mixed_signs","tri_sign",545,-0.14695054
"mixed_signs","tri_sign",549,-0.54367248
"mixed_signs","tri_sign",553,-0.16143649
"mixed_signs","tri_sign",557,-0.049813376
"mixed_signs","tri_sign",561,-0.44736671
"mixed_signs","tri_sign",565,-0.0023979739
"mixed_signs","tri_sign",569,-0.63652299
"mixed_signs","tri_sign",573,-0.38431343
"mixed_signs","tri_sign",577,-0.22769302
"mixed_signs","tri_sign",581,-0.0063900756
"mixed_signs","tri_sign",585,-0.33644176
"mixed_signs","tri_sign",589,-0.16690315
"mixed_signs","tri_sign",593,-0.20041137
"mixed_signs","tri_sign",597,-0.62103793
"mixed_signs","tri_sign",601,-0.1036865
"mixed_signs","tri_sign",605,-0.031210483
"mixed_signs","tri_sign",609,-0.17135979
"mixed_signs","tri_sign",613,-0.038848996
"mixed_signs","tri_sign",617,-0.05179282
"mixed_signs","tri_sign",621,-0.46289356
"mixed_signs","tri_sign",625,-0.14779347
"mixed_signs","tri_sign",629,-0.32390281
"mixed_signs","tri_sign",633,-0.087842468
"mixed_signs","tri_sign",637,-0.41774465
"mixed_signs","tri_sign",641,-0.2207788
"mixed_signs","tri_sign",645,-0.020271819
"mixed_signs","tri_sign",649,-0.044046004
"mixed_signs","tri_sign",653,-0.38569713
"mixed_signs","tri_sign",657,-0.4495323
"mixed_signs","tri_sign",661,-0.12308408
"mixed_signs","tri_sign",665,-0.26045672
"mixed_signs","tri_sign",669,-0.33851223
"mixed_signs","tri_sign",673,-0.34372815
"mixed_signs","tri_sign",677,-0.30882773
"mixed_signs","tri_sign",681,-0.18122167
"mixed_signs","tri_sign",685,-0.26451949
"mixed_signs","tri_sign",689,-0.4984943
"mixed_signs","tri_sign",693,-0.24251936
"mixed_signs","tri_sign",697,-0.23448418
"mixed_signs","tri_sign",701,-0.38059398
"mixed_signs","tri_sign",705,-0.057887653
"mixed_signs","tri_sign",709,-0.018099979
"mixed_signs","tri_sign",713,-0.082219494
"mixed_signs","tri_sign",717,-0.096026069
"mixed_signs","tri_sign",721,-0.32350087
"mixed_signs","tri_sign",725,-0.31043396
"mixed_signs","tri_sign",729,-0.23399579
"mixed_signs","tri_sign",733,-0.09489511
"mixed_signs","tri_sign",737,-0.3610484
"mixed_signs","tri_sign",741,-0.25964165
"mixed_signs","tri_sign",745,-0.40519152
"mixed_signs","tri_sign",749,-0.079797978
"mixed_signs","tri_sign",753,-0.58222182
"mixed_signs","tri_sign",757,-0.099150381
"mixed_signs","tri_sign",761,-0.73814144
"mixed_signs","tri_sign",765,-0.13774464
"mixed_signs","tri_sign",769,-0.53042879
"mixed_signs","tri_sign",773,-0.044520125
"mixed_signs","tri_sign",777,-0.063147004
"mixed_signs","tri_sign",781,-0.41673562
"mixed_signs","tri_sign",785,-0.057078266
"mixed_signs","tri_sign",789,-0.11889122
"mixed_signs","tri_sign",793,-0.31247069
"mixed_signs","tri_sign",797,-0.16974103
"mixed_signs","tri_sign",801,-0.081519605
"mixed_signs","tri_sign",805,-0.67501095
"mixed_signs","tri_sign",809,-0.21950401
"mixed_signs","tri_sign",813,-0.30559678
"mixed_signs","tri_sign",817,-0.30691778
"mixed_signs","tri_sign",821,-0.26507096
"mixed_signs","tri_sign",825,-0.27558563
"mixed_signs","tri_sign",829,-0.44806614
"mixed_signs","tri_sign",833,-0.32768573
"mixed_signs","tri_sign",837,-0.64429408
"mixed_signs","tri_sign",841,-0.053669795
"mixed_signs","tri_sign",845,-0.00051724339
"mixed_signs","tri_sign",849,-0.034578789
"mixed_signs","tri_sign",853,-0.24595106
"mixed_signs","tri_sign",857,-0.10167366
"mixed_signs","tri_sign",861,-0.035163662
"mixed_signs","tri_sign",865,-0.0048742781
"mixed_signs","tri_sign",869,-0.40148685
"mixed_signs","tri_sign",873,-0.10908541
"mixed_signs","tri_sign",877,-0.23778388
"mixed_signs","tri_sign",881,-0.40675958
"mixed_signs","tri_sign",885,-0.18623613
"mixed_signs","tri_sign",889,-0.18994736
"mixed_signs","tri_sign",893,-0.023523197
"mixed_signs","tri_sign",897,-0.25379382
"mixed_signs","tri_sign",901,-0.075730484
"mixed_signs","tri_sign",905,-0.32755288
"mixed_signs","tri_sign",909,-0.28579839
"mixed_signs","tri_sign",913,-0.31725972
"mixed_signs","tri_sign",917,-0.048132233
"mixed_signs","tri_sign",921,-0.021101883
"mixed_signs","tri_sign",925,-0.41884334
"mixed_signs","tri_sign",929,-0.58084136
"mixed_signs","tri_sign",933,-0.16741423
"mixed_signs","tri_sign",937,-0.51731095
"mixed_signs","tri_sign",941,-0.24115788
"mixed_signs","tri_sign",945,-0.10305092
"mixed_signs","tri_sign",949,-0.45430087
"mixed_signs","tri_sign",953,-0.38804156
"mixed_signs","tri_sign",957,-0.03896311
"mixed_signs","tri_sign",961,-0.59375817
"mixed_signs","tri_sign",965,-0.24878959
"mixed_signs","tri_sign",969,-0.12936148
"mixed_signs","tri_sign",973,-0.14703433
"mixed_signs","tri_sign",977,-0.36926321
"mixed_signs","tri_sign",981,-0.49492404
"mixed_signs","tri_sign",985,-0.1629332
"mixed_signs","tri_sign",989,-0.053329261
"mixed_signs","tri_sign",993,-0.52318815
"mixed_signs","tri_sign",997,-0.36485597
"mixed_signs","tri_sign",1002,-0.1297726
"mixed_signs","tri_sign",1006,-0.10153239
"mixed_signs","tri_sign",1010,-0.30850566
"mixed_signs","tri_sign",1014,-0.080627881
"mixed_signs","tri_sign",1018,-0.072469808
"mixed_signs","tri_sign",1022,-0.017024858
"mixed_signs","tri_sign",1026,-0.032455106
"mixed_signs","tri_sign",1030,-0.30019037
"mixed_signs","tri_sign",1034,-0.29831428
"mixed_signs","tri_sign",1038,-0.18463416
"mixed_signs","tri_sign",1042,-0.08990887
"mixed_signs","tri_sign",1046,-0.250678
"mixed_signs","tri_sign",1050,-0.55463841
"mixed_signs","tri_sign",1054,-0.11966924
"mixed_signs","tri_sign",1058,-0.42299744
"mixed_signs","tri_sign",1062,-0.16542467
"mixed_signs","tri_sign",1066,-0.13218423
"mixed_signs","tri_sign",1070,-0.23612904
"mixed_signs","tri_sign",1074,-0.088694266
"mixed_signs","tri_sign",1078,-0.23324281
"mixed_signs","tri_sign",1082,-0.1212084
"mixed_signs","tri_sign",1086,-0.020055139
"mixed_signs","tri_sign",1090,-0.35770527
"mixed_signs","tri_sign",1094,-0.19326671
"mixed_signs","tri_sign",1098,-0.28076099
"mixed_signs","tri_sign",1102,-0.46866603
"mixed_signs","tri_sign",1106,-0.2521426
"mixed_signs","tri_sign",1110,-0.53261677
"mixed_signs","tri_sign",1114,-0.19457808
"mixed_signs","tri_sign",1118,-0.52575607
"mixed_signs","tri_sign",1122,-0.024599287
"mixed_signs","tri_sign",1126,-0.084293414
"mixed_signs","tri_sign",1130,-0.34277187
"mixed_signs","tri_sign",1134,-0.040260218
"mixed_signs","tri_sign",1138,-0.026214697
"mixed_signs","tri_sign",1142,-0.051867327
"mixed_signs","tri_sign",1146,-0.5492314
"mixed_signs","tri_sign",1150,-0.067025393
"mixed_signs","tri_sign",1154,-0.27182427
"mixed_signs","tri_sign",1158,-0.38329837
"mixed_signs","tri_sign",1162,-0.045946092
"mixed_signs","tri_sign",1166,-0.051716518
"mixed_signs","tri_sign",1170,-0.48566121
"mixed_signs","tri_sign",1174,-0.25049345
"mixed_signs","tri_sign",1178,-0.49144167
"mixed_signs","tri_sign",1182,-0.11898176
"mixed_signs","tri_sign",1186,-0.47350508
"mixed_signs","tri_sign",1190,-0.08006445
"mixed_signs","tri_sign",1194,-0.23708837
"mixed_signs","tri_sign",1198,-0.37655565
"mixed_signs","tri_sign",1202,-0.04948834
"mixed_signs","tri_sign",1206,-0.21100437
"mixed_signs","tri_sign",1210,-0.20648211
"mixed_signs","tri_sign",1214,-0.20634065
"mixed_signs","tri_sign",1218,-0.40341983
"mixed_signs","tri_sign",1222,-0.30532018
"mixed_signs","tri_sign",1226,-0.2151351
"mixed_signs","tri_sign",1230,-0.41362546
"mixed_signs","tri_sign",1234,-0.25044469
"mixed_signs","tri_sign",1238,-0.44402264
"mixed_signs","tri_sign",1242,-0.82416176
"mixed_signs","tri_sign",1246,-0.13410706
"mixed_signs","tri_sign",1250,-0.032180036
"mixed_signs","tri_sign",1254,-0.45340045
"mixed_signs","tri_sign",1258,-0.0054687635
"mixed_signs","tri_sign",1262,-0.056045898
"mixed_signs","tri_sign",1266,-0.5421495
"mixed_signs","tri_sign",1270,-0.044970579
"mixed_signs","tri_sign",1274,-0.041534268
"mixed_signs","tri_sign",1278,-0.12644359
"mixed_signs","tri_sign",1282,-0.045383502
"mixed_signs","tri_sign",1286,-0.20729046
"mixed_signs","tri_sign",1290,-0.11100356
"mixed_signs","tri_sign",1294,-0.34171545
"mixed_signs","tri_sign",1298,-0.087593801
"mixed_signs","tri_sign",1302,-0.15114781
"mixed_signs","tri_sign",1306,-0.028419957
"mixed_signs","tri_sign",1310,-0.3467663
"mixed_signs","tri_sign",1314,-0.068299203
"mixed_signs","tri_sign",1318,-0.076819523
"mixed_signs","tri_sign",1322,-0.48909743
"mixed_signs","tri_sign",1326,-0.085666195
"mixed_signs","tri_sign",1330,-0.22438528
"mixed_signs","tri_sign",1334,-0.30608929
"mixed_signs","tri_sign",1338,-0.53262003
"mixed_signs","tri_sign",1342,-0.30911782
"mixed_signs","tri_sign",1346,-0.44174646
"mixed_signs","tri_sign",1350,-0.07622968
"mixed_signs","tri_sign",1354,-0.14246057
"mixed_signs","tri_sign",1358,-0.16577405
"mixed_signs","tri_sign",1362,-0.49423184
"mixed_signs","tri_sign",1366,-0.34615736
"mixed_signs","tri_sign",1370,-0.23712812
"mixed_signs","tri_sign",1374,-0.20872944
"mixed_signs","tri_sign",1378,-0.53876231
"mixed_signs","tri_sign",1382,-0.43722744
"mixed_signs","tri_sign",1386,-0.32987907
"mixed_signs","tri_sign",1390,-0.5501539
"mixed_signs","tri_sign",1394,-0.03163264
"mixed_signs","tri_sign",1398,-0.17903555
"mixed_signs","tri_sign",1402,-0.020336168
"mixed_signs","tri_sign",1406,-0.11192909
"mixed_signs","tri_sign",1410,-0.095977479
"mixed_signs","tri_sign",1414,-0.25692252
"mixed_signs","tri_sign",1418,-0.60270686
"mixed_signs","tri_sign",1422,-0.091611691
"mixed_signs","tri_sign",1426,-0.15031645
"mixed_signs","tri_sign",1430,-0.49094934
"mixed_signs","tri_sign",1434,-0.45728663
"mixed_signs","tri_sign",1438,-0.22536244
"mixed_signs","tri_sign",1442,-0.63023244
"mixed_signs","tri_sign",1446,-0.39947746
"mixed_signs","tri_sign",1450,-0.22165387
"mixed_signs","tri_sign",1454,-0.068473879
"mixed_signs","tri_sign",1458,-0.43432747
"mixed_signs","tri_sign",1462,-0.28125989
"mixed_signs","tri_sign",1466,-0.43267984
"mixed_signs","tri_sign",1470,-0.15698485
"mixed_signs","tri_sign",1474,-0.07803377
"mixed_signs","tri_sign",1478,-0.19060277
"mixed_signs","tri_sign",1482,-0.0020414654
"mixed_signs","tri_sign",1486,-0.22444382
"mixed_signs","tri_sign",1490,-0.34707418
"mixed_signs","tri_sign",1494,-0.022299077
"mixed_signs","tri_sign",1498,-0.12945155
"mixed_signs","tri_sign",1502,-0.11188301
"mixed_signs","tri_sign",1506,-0.009417963
"mixed_signs","tri_sign",1510,-0.29137098
"mixed_signs","tri_sign",1514,-0.37823162
"mixed_signs","tri_sign",1518,-0.36000534
"mixed_signs","tri_sign",1522,-0.29829314
"mixed_signs","tri_sign",1526,-0.33114208
"mixed_signs","tri_sign",1530,-0.33488105
"mixed_signs","tri_sign",1534,-0.40540472
"mixed_signs","tri_sign",1538,-0.13749035
"mixed_signs","tri_sign",1542,-0.40350495
"mixed_signs","tri_sign",1546,-0.12386561
"mixed_signs","tri_sign",1550,-0.076480401
"mixed_signs","tri_sign",1554,-0.10571994
"mixed_signs","tri_sign",1558,-0.50802065
"mixed_signs","tri_sign",1562,-0.021331776
"mixed_signs","tri_sign",1566,-0.20881535
"mixed_signs","tri_sign",1570,-0.07706376
"mixed_signs","tri_sign",1574,-0.0914111
"mixed_signs","tri_sign",1578,-0.13652758
"mixed_signs","tri_sign",1582,-0.24803319
"mixed_signs","tri_sign",1586,-0.038435176
"mixed_signs","tri_sign",1590,-0.05467802
"mixed_signs","tri_sign",1594,-0.1618638
"mixed_signs","tri_sign",1598,-0.038685748
"mixed_signs","tri_sign",1602,-0.14323003
"mixed_signs","tri_sign",1606,-0.17893052
"mixed_signs","tri_sign",1610,-0.49042715
"mixed_signs","tri_sign",1614,-0.15547016
"mixed_signs","tri_sign",1618,-0.28126604
"mixed_signs","tri_sign",1622,-0.17221063
"mixed_signs","tri_sign",1626,-0.072591715
"mixed_signs","tri_sign",1630,-0.31575817
"mixed_signs","tri_sign",1634,-0.19364462
"mixed_signs","tri_sign",1638,-0.014673943
"mixed_signs","tri_sign",1642,-0.0097320447
"mixed_signs","tri_sign",1646,-0.23293512
"mixed_signs","tri_sign",1650,-0.14249039
"mixed_signs","tri_sign",1654,-0.34863895
"mixed_signs","tri_sign",1658,-0.27722715
"mixed_signs","tri_sign",1662,-0.0080084372
"mixed_signs","tri_sign",1666,-0.20961855
"mixed_signs","tri_sign",1670,-0.10096092
"mixed_signs","tri_sign",1674,-0.37021392
"mixed_signs","tri_sign",1678,-0.38407115
"mixed_signs","tri_sign",1682,-0.25097845
"mixed_signs","tri_sign",1686,-0.026753106
"mixed_signs","tri_sign",1690,-0.10408745
"mixed_signs","tri_sign",1694,-0.2758778
"mixed_signs","tri_sign",1698,-0.58955678
"mixed_signs","tri_sign",1702,-0.3048391
"mixed_signs","tri_sign",1706,-0.59939408
"mixed_signs","tri_sign",1710,-0.28391999
"mixed_signs","tri_sign",1714,-0.53452181
"mixed_signs","tri_sign",1718,-0.16988203
"mixed_signs","tri_sign",1722,-0.55965171
"mixed_signs","tri_sign",1726,-0.1119193
"mixed_signs","tri_sign",1730,-0.19153438
"mixed_signs","tri_sign",1734,-0.58036528
"mixed_signs","tri_sign",1738,-0.27299276
"mixed_signs","tri_sign",1742,-0.43275947
"mixed_signs","tri_sign",1746,-0.10125973
"mixed_signs","tri_sign",1750,-0.28915254
"mixed_signs","tri_sign",1754,-0.62810099
"mixed_signs","tri_sign",1758,-0.32595742
"mixed_signs","tri_sign",1762,-0.17922419
"mixed_signs","tri_sign",1766,-0.25734957
"mixed_signs","tri_sign",1770,-0.15898394
"mixed_signs","tri_sign",1774,-0.29391272
"mixed_signs","tri_sign",1778,-0.035368381
"mixed_signs","tri_sign",1782,-0.12487853
"mixed_signs","tri_sign",1786,-0.27977092
"mixed_signs","tri_sign",1790,-0.57220113
"mixed_signs","tri_sign",1794,-0.75158444
"mixed_signs","tri_sign",1798,-0.09128128
"mixed_signs","tri_sign",1802,-0.019197998
"mixed_signs","tri_sign",1806,-0.085283807
"mixed_signs","tri_sign",1810,-0.1628127
"mixed_signs","tri_sign",1814,-0.12773131
"mixed_signs","tri_sign",1818,-0.13599271
"mixed_signs","tri_sign",1822,-0.1618278
"mixed_signs","tri_sign",1826,-0.059841082
"mixed_signs","tri_sign",1830,-0.15499193
"mixed_signs","tri_sign",1834,-0.56123426
"mixed_signs","tri_sign",1838,-0.44710692
"mixed_signs","tri_sign",1842,-0.34272946
"mixed_signs","tri_sign",1846,-0.61025193
"mixed_signs","tri_sign",1850,-0.019003519
"mixed_signs","tri_sign",1854,-0.16927968
"mixed_signs","tri_sign",1858,-0.36294751
"mixed_signs","tri_sign",1862,-0.07856347
"mixed_signs","tri_sign",1866,-0.27981748
"mixed_signs","tri_sign",1870,-0.41261903
"mixed_signs","tri_sign",1874,-0.079863355
"mixed_signs","tri_sign",1878,-0.51071517
"mixed_signs","tri_sign",1882,-0.21581295
"mixed_signs","tri_sign",1886,-0.048782541
"mixed_signs","tri_sign",1890,-0.11616903
"mixed_signs","tri_sign",1894,-0.11405603
"mixed_signs","tri_sign",1898,-0.045622306
"mixed_signs","tri_sign",1902,-0.26156956
"mixed_signs","tri_sign",1906,-0.27778578
"mixed_signs","tri_sign",1910,-0.12338391
"mixed_signs","tri_sign",1914,-0.050189156
"mixed_signs","tri_sign",1918,-0.57184858
"mixed_signs","tri_sign",1922,-0.46970293
"mixed_signs","tri_sign",1926,-0.31674896
"mixed_signs","tri_sign",1930,-0.22283673
"mixed_signs","tri_sign",1934,-0.0206067
"mixed_signs","tri_sign",1938,-0.25261256
"mixed_signs","tri_sign",1942,-0.47787063
"mixed_signs","tri_sign",1946,-0.22021706
"mixed_signs","tri_sign",1950,-0.45913991
"mixed_signs","tri_sign",1954,-0.37528343
"mixed_signs","tri_sign",1958,-0.1505949
"mixed_signs","tri_sign",1962,-0.040434384
"mixed_signs","tri_sign",1966,-0.048766375
"mixed_signs","tri_sign",1970,-0.39930922
"mixed_signs","tri_sign",1974,-0.6228492
"mixed_signs","tri_sign",1978,-0.046999641
"mixed_signs","tri_sign",1982,-0.27621407
"mixed_signs","tri_sign",1986,-0.033552725
"mixed_signs","tri_sign",1990,-0.12041988
"mixed_signs","tri_sign",1994,-0.4347999
"mixed_signs","tri_sign",1998,-0.11007778
"mixed_signs","tri_sign",2002,-0.20955275
"mixed_signs","tri_sign",2006,-0.24355765
"mixed_signs","tri_sign",2010,-0.044059347
"mixed_signs","tri_sign",2014,-0.16035536
"mixed_signs","tri_sign",2018,-0.14211649
"mixed_signs","tri_sign",2022,-0.44172545
"mixed_signs","tri_sign",2026,-0.072815529
"mixed_signs","tri_sign",2030,-0.25428387
"mixed_signs","tri_sign",2034,-0.12765938
"mixed_signs","tri_sign",2038,-0.29420143
"mixed_signs","tri_sign",2042,-0.31466213
"mixed_signs","tri_sign",2046,-0.612211
"mixed_signs","tri_sign",2050,-0.57504304
"mixed_signs","tri_sign",2054,-0.27496432
"mixed_signs","tri_sign",2058,-0.31197781
"mixed_signs","tri_sign",2062,-0.64687733
"mixed_signs","tri_sign",2066,-0.54653794
"mixed_signs","tri_sign",2070,-0.32610477
"mixed_signs","tri_sign",2074,-0.13659708
"mixed_signs","tri_sign",2078,-0.50467096
"mixed_signs","tri_sign",2082,-0.18822319
"mixed_signs","tri_sign",2086,-0.46273834
"mixed_signs","tri_sign",2090,-0.036034667
"mixed_signs","tri_sign",2094,-0.029716368
"mixed_signs","tri_sign",2098,-0.025689895
"mixed_signs","tri_sign",2102,-0.2727562
"mixed_signs","tri_sign",2106,-0.0032959752
"mixed_signs","tri_sign",2110,-0.072408509
"mixed_signs","tri_sign",2114,-0.20045747
"mixed_signs","tri_sign",2118,-0.34444965
"mixed_signs","tri_sign",2122,-0.22376003
"mixed_signs","tri_sign",2126,-0.40534411
"mixed_signs","tri_sign",2130,-0.098046586
"mixed_signs","tri_sign",2134,-0.0067340966
"mixed_signs","tri_sign",2138,-0.28890842
"mixed_signs","tri_sign",2142,-0.35486921
"mixed_signs","tri_sign",2146,-0.011842313
"mixed_signs","tri_sign",2150,-0.32760208
"mixed_signs","tri_sign",2154,-0.30518348
"mixed_signs","tri_sign",2158,-0.38410534
"mixed_signs","tri_sign",2162,-0.49574063
"mixed_signs","tri_sign",2166,-0.18000149
"mixed_signs","tri_sign",2170,-0.03989249
"mixed_signs","tri_sign",2174,-0.12700349
"mixed_signs","tri_sign",2178,-0.39143215
"mixed_signs","tri_sign",2182,-0.039094227
"mixed_signs","tri_sign",2186,-0.37037842
"mixed_signs","tri_sign",2190,-0.31619052
"mixed_signs","tri_sign",2194,-0.25774928
"mixed_signs","tri_sign",2198,-0.35953764
"mixed_signs","tri_sign",2202,-0.40974034
"mixed_signs","tri_sign",2206,-0.30293293
"mixed_signs","tri_sign",2210,-0.14793282
"mixed_signs","tri_sign",2214,-0.14332854
"mixed_signs","tri_sign",2218,-0.2351608
"mixed_signs","tri_sign",2222,-0.20863041
"mixed_signs","tri_sign",2226,-0.61029537
"mixed_signs","tri_sign",2230,-0.25814609
"mixed_signs","tri_sign",2234,-0.10026428
"mixed_signs","tri_sign",2238,-0.12165136
"mixed_signs","tri_sign",2242,-0.073155497
"mixed_signs","tri_sign",2246,-0.27718079
"mixed_signs","tri_sign",2250,-0.093048674
"mixed_signs","tri_sign",2254,-0.40500702
"mixed_signs","tri_sign",2258,-0.2198636
"mixed_signs","tri_sign",2262,-0.75361225
"mixed_signs","tri_sign",2266,-0.38385008
"mixed_signs","tri_sign",2270,-0.33971998
"mixed_signs","tri_sign",2274,-0.24437856
"mixed_signs","tri_sign",2278,-0.16735513
"mixed_signs","tri_sign",2282,-0.037651811
"mixed_signs","tri_sign",2286,-0.12861449
"mixed_signs","tri_sign",2290,-0.22381928
"mixed_signs","tri_sign",2294,-0.30401832
"mixed_signs","tri_sign",2298,-0.042365737
"mixed_signs","tri_sign",2302,-0.4207315
"mixed_signs","tri_sign",2306,-0.19043037
"mixed_signs","tri_sign",2310,-0.27401647
"mixed_signs","tri_sign",2314,-0.12741542
"mixed_signs","tri_sign",2318,-0.2935665
"mixed_signs","tri_sign",2322,-0.1243241
"mixed_signs","tri_sign",2326,-0.26852497
"mixed_signs","tri_sign",2330,-0.063574631
"mixed_signs","tri_sign",2334,-0.27096536
"mixed_signs","tri_sign",2338,-0.67076757
"mixed_signs","tri_sign",2342,-0.22394748
"mixed_signs","tri_sign",2346,-0.0071116192
"mixed_signs","tri_sign",2350,-0.35653915
"mixed_signs","tri_sign",2354,-0.127303
"mixed_signs","tri_sign",2358,-0.13477215
"mixed_signs","tri_sign",2362,-0.53240759
"mixed_signs","tri_sign",2366,-0.027684984
"mixed_signs","tri_sign",2370,-0.31710169
"mixed_signs","tri_sign",2374,-0.39767726
"mixed_signs","tri_sign",2378,-0.21215549
"mixed_signs","tri_sign",2382,-0.47625477
"mixed_signs","tri_sign",2386,-0.022490546
"mixed_signs","tri_sign",2390,-0.051373035
"mixed_signs","tri_sign",2394,-0.39949688
"mixed_signs","tri_sign",2398,-0.16550529
"mixed_signs","tri_sign",2402,-0.57194755
"mixed_signs","tri_sign",2406,-0.10396413
"mixed_signs","tri_sign",2410,-0.14197765
"mixed_signs","tri_sign",2414,-0.13005516
"mixed_signs","tri_sign",2418,-0.38422641
"mixed_signs","tri_sign",2422,-0.038430282
"mixed_signs","tri_sign",2426,-0.058340349
"mixed_signs","tri_sign",2430,-0.18712468
"mixed_signs","tri_sign",2434,-0.41791507
"mixed_signs","tri_sign",2438,-0.094517238
"mixed_signs","tri_sign",2442,-0.29408738
"mixed_signs","tri_sign",2446,-0.11992232
"mixed_signs","tri_sign",2450,-0.25783087
"mixed_signs","tri_sign",2454,-0.24713767
"mixed_signs","tri_sign",2458,-0.80975827
"mixed_signs","tri_sign",2462,-0.089274759
"mixed_signs","tri_sign",2466,-0.41717288
"mixed_signs","tri_sign",2470,-0.3583708
"mixed_signs","tri_sign",2474,-0.53275226
"mixed_signs","tri_sign",2478,-0.18520827
"mixed_signs","tri_sign",2482,-0.23807204
"mixed_signs","tri_sign",2486,-0.56497254
"mixed_signs","tri_sign",2490,-0.023358977
"mixed_signs","tri_sign",2494,-0.019906113
"mixed_signs","tri_sign",2498,-0.696269
"mixed_signs","tri_sign",2502,-0.39587602
"mixed_signs","tri_sign",2506,-0.071315319
"mixed_signs","tri_sign",2510,-0.053331714
"mixed_signs","tri_sign",2514,-0.13229442
"mixed_signs","tri_sign",2518,-0.14141599
"mixed_signs","tri_sign",2522,-0.45109191
"mixed_signs","tri_sign",2526,-0.10426017
"mixed_signs","tri_sign",2530,-0.16163018
"mixed_signs","tri_sign",2534,-0.032242502
"mixed_signs","tri_sign",2538,-0.0056395837
"mixed_signs","tri_sign",2542,-0.38557731
"mixed_signs","tri_sign",2546,-0.091786101
"mixed_signs","tri_sign",2550,-0.13243811
"mixed_signs","tri_sign",2554,-0.16734167
"mixed_signs","tri_sign",2558,-0.22531955
"mixed_signs","tri_sign",2562,-0.026579584
"mixed_signs","tri_sign",2566,-0.38900806
"mixed_signs","tri_sign",2570,-0.40624619
"mixed_signs","tri_sign",2574,-0.23839091
"mixed_signs","tri_sign",2578,-0.31797604
"mixed_signs","tri_sign",2582,-0.41882876
"mixed_signs","tri_sign",2586,-0.54307759
"mixed_signs","tri_sign",2590,-0.11993148
"mixed_signs","tri_sign",2594,-0.47204904
"mixed_signs","tri_sign",2598,-0.63380087
"mixed_signs","tri_sign",2602,-0.65416308
"mixed_signs","tri_sign",2606,-0.10356968
"mixed_signs","tri_sign",2610,-0.15039521
"mixed_signs","tri_sign",2614,-0.41848618
"mixed_signs","tri_sign",2618,-0.23365981
"mixed_signs","tri_sign",2622,-0.017211502
"mixed_signs","tri_sign",2626,-0.15245465
"mixed_signs","tri_sign",2630,-0.09256296
"mixed_signs","tri_sign",2634,-0.09304297
"mixed_signs","tri_sign",2638,-0.18177058
"mixed_signs","tri_sign",2642,-0.039406255
"mixed_signs","tri_sign",2646,-0.073869884
"mixed_signs","tri_sign",2650,-0.046264891
"mixed_signs","tri_sign",2654,-0.82054935
"mixed_signs","tri_sign",2658,-0.1937114
"mixed_signs","tri_sign",2662,-0.23678803
"mixed_signs","tri_sign",2666,-0.094689041
"mixed_signs","tri_sign",2670,-0.21457423
"mixed_signs","tri_sign",2674,-0.28162317
"mixed_signs","tri_sign",2678,-0.12035994
"mixed_signs","tri_sign",2682,-0.068446666
"mixed_signs","tri_sign",2686,-0.30982648
"mixed_signs","tri_sign",2690,-0.12680778
"mixed_signs","tri_sign",2694,-0.052120128
"mixed_signs","tri_sign",2698,-0.13218283
"mixed_signs","tri_sign",2702,-0.18488232
"mixed_signs","tri_sign",2706,-0.43945924
"mixed_signs","tri_sign",2710,-0.16179323
"mixed_signs","tri_sign",2714,-0.40027907
"mixed_signs","tri_sign",2718,-0.31407494
"mixed_signs","tri_sign",2722,-0.011124407
"mixed_signs","tri_sign",2726,-0.33664245
"mixed_signs","tri_sign",2730,-0.094844221
"mixed_signs","tri_sign",2734,-0.03616745
"mixed_signs","tri_sign",2738,-0.13682907
"mixed_signs","tri_sign",2742,-0.22347618
"mixed_signs","tri_sign",2746,-0.05185741
"mixed_signs","tri_sign",2750,-0.22337858
"mixed_signs","tri_sign",2754,-0.35086853
"mixed_signs","tri_sign",2758,-0.22959164
"mixed_signs","tri_sign",2762,-0.65613753
"mixed_signs","tri_sign",2766,-0.58056161
"mixed_signs","tri_sign",2770,-0.058457506
"mixed_signs","tri_sign",2774,-0.16624159
"mixed_signs","tri_sign",2778,-0.069684803
"mixed_signs","tri_sign",2782,-0.29666936
"mixed_signs","tri_sign",2786,-0.1217679
"mixed_signs","tri_sign",2790,-0.13737666
"mixed_signs","tri_sign",2794,-0.31379293
"mixed_signs","tri_sign",2798,-0.15649389
"mixed_signs","tri_sign",2802,-0.22257628
"mixed_signs","tri_sign",2806,-0.069715914
"mixed_signs","tri_sign",2810,-0.32671894
"mixed_signs","tri_sign",2814,-0.30057882
"mixed_signs","tri_sign",2818,-0.0064358133
"mixed_signs","tri_sign",2822,-0.57466042
"mixed_signs","tri_sign",2826,-0.5750345
"mixed_signs","tri_sign",2830,-0.61042685
"mixed_signs","tri_sign",2834,-0.29733172
"mixed_signs","tri_sign",2838,-0.18802924
"mixed_signs","tri_sign",2842,-0.54086553
"mixed_signs","tri_sign",2846,-0.36376703
"mixed_signs","tri_sign",2850,-0.37734575
"mixed_signs","tri_sign",2854,-0.32514645
"mixed_signs","tri_sign",2858,-0.58135626
"mixed_signs","tri_sign",2862,-0.062272996
"mixed_signs","tri_sign",2866,-0.32383038
"mixed_signs","tri_sign",2870,-0.075729013
"mixed_signs","tri_sign",2874,-0.47716421
"mixed_signs","tri_sign",2878,-0.013346017
"mixed_signs","tri_sign",2882,-0.13027478
"mixed_signs","tri_sign",2886,-0.44135016
"mixed_signs","tri_sign",2890,-0.22027603
"mixed_signs","tri_sign",2894,-0.083383836
"mixed_signs","tri_sign",2898,-0.20431759
"mixed_signs","tri_sign",2902,-0.105006
"mixed_signs","tri_sign",2906,-0.13997186
"mixed_signs","tri_sign",2910,-0.12326364
"mixed_signs","tri_sign",2914,-0.48870826
"mixed_signs","tri_sign",2918,-0.57065753
"mixed_signs","tri_sign",2922,-0.41511834
"mixed_signs","tri_sign",2926,-0.19112053
"mixed_signs","tri_sign",2930,-0.48068317
"mixed_signs","tri_sign",2934,-0.34091329
"mixed_signs","tri_sign",2938,-0.23317167
"mixed_signs","tri_sign",2942,-0.34561144
"mixed_signs","tri_sign",2946,-0.3705365
"mixed_signs","tri_sign",2950,-0.10492838
"mixed_signs","tri_sign",2954,-0.085563912
"mixed_signs","tri_sign",2958,-0.472822
"mixed_signs","tri_sign",2962,-0.42229379
"mixed_signs","tri_sign",2966,-0.26532657
"mixed_signs","tri_sign",2970,-0.23531326
"mixed_signs","tri_sign",2974,-0.4262493
"mixed_signs","tri_sign",2978,-0.3148084
"mixed_signs","tri_sign",2982,-0.1226449
"mixed_signs","tri_sign",2986,-0.057563934
"mixed_signs","tri_sign",2990,-0.71616063
"mixed_signs","tri_sign",2994,-0.20589643
"mixed_signs","tri_sign",2998,-0.097250031
"mixed_signs","tri_sign",3003,-0.54665319
"mixed_signs","tri_sign",3007,-0.0057110007
"mixed_signs","tri_sign",3011,-0.54927785
"mixed_signs","tri_sign",3015,-0.26652145
"mixed_signs","tri_sign",3019,-0.064830483
"mixed_signs","tri_sign",3023,-0.27088625
"mixed_signs","tri_sign",3027,-0.064610672
"mixed_signs","tri_sign",3031,-0.44009864
"mixed_signs","tri_sign",3035,-0.4677712
"mixed_signs","tri_sign",3039,-0.2853315
"mixed_signs","tri_sign",3043,-0.34609602
"mixed_signs","tri_sign",3047,-0.13745001
"mixed_signs","tri_sign",3051,-0.14896222
"mixed_signs","tri_sign",3055,-0.19023617
"mixed_signs","tri_sign",3059,-0.26613854
"mixed_signs","tri_sign",3063,-0.12971932
"mixed_signs","tri_sign",3067,-0.08576545
"mixed_signs","tri_sign",3071,-0.14403149
"mixed_signs","tri_sign",3075,-0.26222466
"mixed_signs","tri_sign",3079,-0.23551111
"mixed_signs","tri_sign",3083,-0.17175665
"mixed_signs","tri_sign",3087,-0.027981815
"mixed_signs","tri_sign",3091,-0.23421365
"mixed_signs","tri_sign",3095,-0.33736643
"mixed_signs","tri_sign",3099,-0.24096919
"mixed_signs","tri_sign",3103,-0.043612429
"mixed_signs","tri_sign",3107,-0.13864954
"mixed_signs","tri_sign",3111,-0.15335382
"mixed_signs","tri_sign",3115,-0.096149752
"mixed_signs","tri_sign",3119,-0.23501583
"mixed_signs","tri_sign",3123,-0.28052427
"mixed_signs","tri_sign",3127,-0.080336868
"mixed_signs","tri_sign",3131,-0.63973815
"mixed_signs","tri_sign",3135,-0.17429415
"mixed_signs","tri_sign",3139,-0.0068671709
"mixed_signs","tri_sign",3143,-0.33817901
"mixed_signs","tri_sign",3147,-0.2331507
"mixed_signs","tri_sign",3151,-0.39951861
"mixed_signs","tri_sign",3155,-0.58612599
"mixed_signs","tri_sign",3159,-0.24966355
"mixed_signs","tri_sign",3163,-0.30201038
"mixed_signs","tri_sign",3167,-0.41996353
"mixed_signs","tri_sign",3171,-0.3801802
"mixed_signs","tri_sign",3175,-0.46052043
"mixed_signs","tri_sign",3179,-0.2109044
"mixed_signs","tri_sign",3183,-0.05826121
"mixed_signs","tri_sign",3187,-0.26346609
"mixed_signs","tri_sign",3191,-0.29746505
"mixed_signs","tri_sign",3195,-0.28084731
"mixed_signs","tri_sign",3199,-0.74519288
"mixed_signs","tri_sign",3203,-0.11407983
"mixed_signs","tri_sign",3207,-0.063691241
"mixed_signs","tri_sign",3211,-0.32715379
"mixed_signs","tri_sign",3215,-0.57908358
"mixed_signs","tri_sign",3219,-0.05565031
"mixed_signs","tri_sign",3223,-0.37551138
"mixed_signs","tri_sign",3227,-0.1003331
"mixed_signs","tri_sign",3231,-0.03129828
"mixed_signs","tri_sign",3235,-0.068906648
"mixed_signs","tri_sign",3239,-0.71276692
"mixed_signs","tri_sign",3243,-0.58649383
"mixed_signs","tri_sign",3247,-0.21821512
"mixed_signs","tri_sign",3251,-0.20459674
"mixed_signs","tri_sign",3255,-0.75555298
"mixed_signs","tri_sign",3259,-0.37302595
"mixed_signs","tri_sign",3263,-0.38535325
"mixed_signs","tri_sign",3267,-0.091227071
"mixed_signs","tri_sign",3271,-0.23392673
"mixed_signs","tri_sign",3275,-0.028556676
"mixed_signs","tri_sign",3279,-0.8006031
"mixed_signs","tri_sign",3283,-0.017325418
"mixed_signs","tri_sign",3287,-0.2715325
"mixed_signs","tri_sign",3291,-0.16979802
"mixed_signs","tri_sign",3295,-0.47152561
"mixed_signs","tri_sign",3299,-0.3245939
"mixed_signs","tri_sign",3303,-0.35713375
"mixed_signs","tri_sign",3307,-0.15803311
"mixed_signs","tri_sign",3311,-0.487415
"mixed_signs","tri_sign",3315,-0.22081689
"mixed_signs","tri_sign",3319,-0.37249472
"mixed_signs","tri_sign",3323,-0.18499624
"mixed_signs","tri_sign",3327,-0.014580271
"mixed_signs","tri_sign",3331,-0.01841337
"mixed_signs","tri_sign",3335,-0.42405767
"mixed_signs","tri_sign",3339,-0.041437665
"mixed_signs","tri_sign",3343,-0.36135234
"mixed_signs","tri_sign",3347,-0.34794941
"mixed_signs","tri_sign",3351,-0.26656253
"mixed_signs","tri_sign",3355,-0.29713393
"mixed_signs","tri_sign",3359,-0.44821884
"mixed_signs","tri_sign",3363,-0.12643126
"mixed_signs","tri_sign",3367,-0.080586811
"mixed_signs","tri_sign",3371,-0.22289128
"mixed_signs","tri_sign",3375,-0.28237754
"mixed_signs","tri_sign",3379,-0.13166217
"mixed_signs","tri_sign",3383,-0.23345019
"mixed_signs","tri_sign",3387,-0.65162652
"mixed_signs","tri_sign",3391,-0.054071009
"mixed_signs","tri_sign",3395,-0.075289048
"mixed_signs","tri_sign",3399,-0.51506366
"mixed_signs","tri_sign",3403,-0.080528188
"mixed_signs","tri_sign",3407,-0.17613787
"mixed_signs","tri_sign",3411,-0.13136264
"mixed_signs","tri_sign",3415,-0.069944298
"mixed_signs","tri_sign",3419,-0.012447245
"mixed_signs","tri_sign",3423,-0.05329981
"mixed_signs","tri_sign",3427,-0.12503395
"mixed_signs","tri_sign",3431,-0.04094474
"mixed_signs","tri_sign",3435,-0.015228923
"mixed_signs","tri_sign",3439,-0.17102544
"mixed_signs","tri_sign",3443,-0.54929056
"mixed_signs","tri_sign",3447,-0.20671884
"mixed_signs","tri_sign",3451,-0.62127259
"mixed_signs","tri_sign",3455,-0.096224844
"mixed_signs","tri_sign",3459,-0.25378848
"mixed_signs","tri_sign",3463,-0.18454405
"mixed_signs","tri_sign",3467,-0.26377749
"mixed_signs","tri_sign",3471,-0.68153907
"mixed_signs","tri_sign",3475,-0.23124635
"mixed_signs","tri_sign",3479,-0.1159762
"mixed_signs","tri_sign",3483,-0.080856888
"mixed_signs","tri_sign",3487,-0.5716257
"mixed_signs","tri_sign",3491,-0.011820098
"mixed_signs","tri_sign",3495,-0.065748981
"mixed_signs","tri_sign",3499,-0.063011613
"mixed_signs","tri_sign",3503,-0.063742617
"mixed_signs","tri_sign",3507,-0.2688747
"mixed_signs","tri_sign",3511,-0.15111363
"mixed_signs","tri_sign",3515,-0.22596902
"mixed_signs","tri_sign",3519,-0.13482684
"mixed_signs","tri_sign",3523,-0.35196522
"mixed_signs","tri_sign",3527,-0.036333558
"mixed_signs","tri_sign",3531,-0.44375995
"mixed_signs","tri_sign",3535,-0.31591732
"mixed_signs","tri_sign",3539,-0.20555424
"mixed_signs","tri_sign",3543,-0.23601177
"mixed_signs","tri_sign",3547,-0.20060205
"mixed_signs","tri_sign",3551,-0.53448515
"mixed_signs","tri_sign",3555,-0.076945758
"mixed_signs","tri_sign",3559,-0.446031
"mixed_signs","tri_sign",3563,-0.61898695
"mixed_signs","tri_sign",3567,-0.2478992
"mixed_signs","tri_sign",3571,-0.25933406
"mixed_signs","tri_sign",3575,-0.34728413
"mixed_signs","tri_sign",3579,-0.030574741
"mixed_signs","tri_sign",3583,-0.15188757
"mixed_signs","tri_sign",3587,-0.13845969
"mixed_signs","tri_sign",3591,-0.16956113
"mixed_signs","tri_sign",3595,-0.35483733
"mixed_signs","tri_sign",3599,-0.20960313
"mixed_signs","tri_sign",3603,-0.32000192
"mixed_signs","tri_sign",3607,-0.51885853
"mixed_signs","tri_sign",3611,-0.15238214
"mixed_signs","tri_sign",3615,-0.14447153
"mixed_signs","tri_sign",3619,-0.048900499
"mixed_signs","tri_sign",3623,-0.90878563
"mixed_signs","tri_sign",3627,-0.0099810561
"mixed_signs","tri_sign",3631,-0.044817629
"mixed_signs","tri_sign",3635,-0.13004075
"mixed_signs","tri_sign",3639,-0.21759758
"mixed_signs","tri_sign",3643,-0.03545489
"mixed_signs","tri_sign",3647,-0.14123978
"mixed_signs","tri_sign",3651,-0.31929881
"mixed_signs","tri_sign",3655,-0.025193769
"mixed_signs","tri_sign",3659,-0.3009957
"mixed_signs","tri_sign",3663,-0.17319673
"mixed_signs","tri_sign",3667,-0.19009647
"mixed_signs","tri_sign",3671,-0.33759977
"mixed_signs","tri_sign",3675,-0.1569277
"mixed_signs","tri_sign",3679,-0.29108797
"mixed_signs","tri_sign",3683,-0.0076512588
"mixed_signs","tri_sign",3687,-0.17978053
"mixed_signs","tri_sign",3691,-0.37322165
"mixed_signs","tri_sign",3695,-0.38891275
"mixed_signs","tri_sign",3699,-0.50358702
"mixed_signs","tri_sign",3703,-0.17816317
"mixed_signs","tri_sign",3707,-0.007957912
"mixed_signs","tri_sign",3711,-0.42521659
"mixed_signs","tri_sign",3715,-0.023211008
"mixed_signs","tri_sign",3719,-0.32306874
"mixed_signs","tri_sign",3723,-0.52148743
"mixed_signs","tri_sign",3727,-0.52989645
"mixed_signs","tri_sign",3731,-0.079012284
"mixed_signs","tri_sign",3735,-0.6743728
"mixed_signs","tri_sign",3739,-0.39304738
"mixed_signs","tri_sign",3743,-0.066632928
"mixed_signs","tri_sign",3747,-0.3148387
"mixed_signs","tri_sign",3751,-0.05227375
"mixed_signs","tri_sign",3755,-0.088400341
"mixed_signs","tri_sign",3759,-0.0095465337
"mixed_signs","tri_sign",3763,-0.15327225
"mixed_signs","tri_sign",3767,-0.35863523
"mixed_signs","tri_sign",3771,-0.14454217
"mixed_signs","tri_sign",3775,-0.019921594
"mixed_signs","tri_sign",3779,-0.44895407
"mixed_signs","tri_sign",3783,-0.050733591
"mixed_signs","tri_sign",3787,-0.38774806
"mixed_signs","tri_sign",3791,-0.23066841
"mixed_signs","tri_sign",3795,-0.2130181
"mixed_signs","tri_sign",3799,-0.20600456
"mixed_signs","tri_sign",3803,-0.25198957
"mixed_signs","tri_sign",3807,-0.60774037
"mixed_signs","tri_sign",3811,-0.065134718
"mixed_signs","tri_sign",3815,-0.33428863
"mixed_signs","tri_sign",3819,-0.12171251
"mixed_signs","tri_sign",3823,-0.42935103
"mixed_signs","tri_sign",3827,-0.25913582
"mixed_signs","tri_sign",3831,-0.045741215
"mixed_signs","tri_sign",3835,-0.056495374
"mixed_signs","tri_sign",3839,-0.050776789
"mixed_signs","tri_sign",3843,-0.078895885
"mixed_signs","tri_sign",3847,-0.41708122
"mixed_signs","tri_sign",3851,-0.39958997
"mixed_signs","tri_sign",3855,-0.066799737
"mixed_signs","tri_sign",3859,-0.080248467
"mixed_signs","tri_sign",3863,-0.0055203671
"mixed_signs","tri_sign",3867,-0.57893536
"mixed_signs","tri_sign",3871,-0.096608233
"mixed_signs","tri_sign",3875,-0.11915262
"mixed_signs","tri_sign",3879,-0.2505823
"mixed_signs","tri_sign",3883,-0.024973293
"mixed_signs","tri_sign",3887,-0.30021017
"mixed_signs","tri_sign",3891,-0.10537733
"mixed_signs","tri_sign",3895,-0.27320481
"mixed_signs","tri_sign",3899,-0.29641415
"mixed_signs","tri_sign",3903,-0.40290783
"mixed_signs","tri_sign",3907,-0.36721413
"mixed_signs","tri_sign",3911,-0.096207436
"mixed_signs","tri_sign",3915,-0.32294329
"mixed_signs","tri_sign",3919,-0.43666905
"mixed_signs","tri_sign",3923,-0.071806781
"mixed_signs","tri_sign",3927,-0.51543154
"mixed_signs","tri_sign",3931,-0.038682924
"mixed_signs","tri_sign",3935,-0.10193189
"mixed_signs","tri_sign",3939,-0.36689227
"mixed_signs","tri_sign",3943,-0.066648848
"mixed_signs","tri_sign",3947,-0.040453352
"mixed_signs","tri_sign",3951,-0.16842316
"mixed_signs","tri_sign",3955,-0.13075139
"mixed_signs","tri_sign",3959,-0.11918668
"mixed_signs","tri_sign",3963,-0.11486455
"mixed_signs","tri_sign",3967,-0.36897327
"mixed_signs","tri_sign",3971,-0.58175556
"mixed_signs","tri_sign",3975,-0.011462662
"mixed_signs","tri_sign",3979,-0.25152206
"mixed_signs","tri_sign",3983,-0.21484419
"mixed_signs","tri_sign",3987,-0.24626578
"mixed_signs","tri_sign",3991,-0.30243042
"mixed_signs","tri_sign",3995,-0.42754926
"mixed_signs","tri_sign",3999,-0.19084599
"mixed_signs","tri_sign",4003,-0.03722541
"mixed_signs","tri_sign",4007,-0.32995769
"mixed_signs","tri_sign",4011,-0.042373489
"mixed_signs","tri_sign",4015,-0.21568798
"mixed_signs","tri_sign",4019,-0.10308527
"mixed_signs","tri_sign",4023,-0.4612824
"mixed_signs","tri_sign",4027,-0.60605258
"mixed_signs","tri_sign",4031,-0.1381141
"mixed_signs","tri_sign",4035,-0.25875857
"mixed_signs","tri_sign",4039,-0.52499612
"mixed_signs","tri_sign",4043,-0.055811783
"mixed_signs","tri_sign",4047,-0.12842402
"mixed_signs","tri_sign",4051,-0.069644886
"mixed_signs","tri_sign",4055,-0.51678189
"mixed_signs","tri_sign",4059,-0.15986914
"mixed_signs","tri_sign",4063,-0.07093824
"mixed_signs","tri_sign",4067,-0.20398748
"mixed_signs","tri_sign",4071,-0.31495267
"mixed_signs","tri_sign",4075,-0.41437118
"mixed_signs","tri_sign",4079,-0.0018598744
"mixed_signs","tri_sign",4083,-0.56942025
"mixed_signs","tri_sign",4087,-0.33313221
"mixed_signs","tri_sign",4091,-0.3455965
"mixed_signs","tri_sign",4095,-0.057267685
"mixed_signs","tri_sign",4099,-0.3076256
"mixed_signs","tri_sign",4103,-0.073420357
"mixed_signs","tri_sign",4107,-0.55946343
"mixed_signs","tri_sign",4111,-0.77899711
"mixed_signs","tri_sign",4115,-0.39074811
"mixed_signs","tri_sign",4119,-0.31748025
"mixed_signs","tri_sign",4123,-0.5197245
"mixed_signs","tri_sign",4127,-0.24601336
"mixed_signs","tri_sign",4131,-0.29390774
"mixed_signs","tri_sign",4135,-0.010962574
"mixed_signs","tri_sign",4139,-0.2615488
"mixed_signs","tri_sign",4143,-0.21893736
"mixed_signs","tri_sign",4147,-0.44769517
"mixed_signs","tri_sign",4151,-0.068375208
"mixed_signs","tri_sign",4155,-0.095388266
"mixed_signs","tri_sign",4159,-0.87803225
"mixed_signs","tri_sign",4163,-0.16036897
"mixed_signs","tri_sign",4167,-0.087838064
"mixed_signs","tri_sign",4171,-0.36308687
"mixed_signs","tri_sign",4175,-0.46246776
"mixed_signs","tri_sign",4179,-0.123878
"mixed_signs","tri_sign",4183,-0.342428
"mixed_signs","tri_sign",4187,-0.055163462
"mixed_signs","tri_sign",4191,-0.093301669
"mixed_signs","tri_sign",4195,-0.21963736
"mixed_signs","tri_sign",4199,-0.12325712
"mixed_signs","tri_sign",4203,-0.4913237
"mixed_signs","tri_sign",4207,-0.34804761
"mixed_signs","tri_sign",4211,-0.55844272
"mixed_signs","tri_sign",4215,-0.2205945
"mixed_signs","tri_sign",4219,-0.1502075
"mixed_signs","tri_sign",4223,-0.72799245
"mixed_signs","tri_sign",4227,-0.030911379
"mixed_signs","tri_sign",4231,-0.057705837
"mixed_signs","tri_sign",4235,-0.0054896586
"mixed_signs","tri_sign",4239,-0.31772115
"mixed_signs","tri_sign",4243,-0.18140901
"mixed_signs","tri_sign",4247,-0.19175813
"mixed_signs","tri_sign",4251,-0.56460326
"mixed_signs","tri_sign",4255,-0.18121964
"mixed_signs","tri_sign",4259,-0.17742325
"mixed_signs","tri_sign",4263,-0.34240547
"mixed_signs","tri_sign",4267,-0.03067207
"mixed_signs","tri_sign",4271,-0.071557519
"mixed_signs","tri_sign",4275,-0.12037838
"mixed_signs","tri_sign",4279,-0.29637233
"mixed_signs","tri_sign",4283,-0.24559529
"mixed_signs","tri_sign",4287,-0.060362227
"mixed_signs","tri_sign",4291,-0.15163581
"mixed_signs","tri_sign",4295,-0.17016093
"mixed_signs","tri_sign",4299,-0.034417477
"mixed_signs","tri_sign",4303,-0.0122553
"mixed_signs","tri_sign",4307,-0.27971051
"mixed_signs","tri_sign",4311,-0.4563934
"mixed_signs","tri_sign",4315,-0.26385008
"mixed_signs","tri_sign",4319,-0.081294529
"mixed_signs","tri_sign",4323,-0.011988953
"mixed_signs","tri_sign",4327,-0.06941759
"mixed_signs","tri_sign",4331,-0.011544645
"mixed_signs","tri_sign",4335,-0.45559779
"mixed_signs","tri_sign",4339,-0.43334189
"mixed_signs","tri_sign",4343,-0.044718906
"mixed_signs","tri_sign",4347,-0.059322478
"mixed_signs","tri_sign",4351,-0.25321496
"mixed_signs","tri_sign",4355,-0.050821193
"mixed_signs","tri_sign",4359,-0.16583442
"mixed_signs","tri_sign",4363,-0.062478454
"mixed_signs","tri_sign",4367,-0.033500066
"mixed_signs","tri_sign",4371,-0.053641088
"mixed_signs","tri_sign",4375,-0.55218761
"mixed_signs","tri_sign",4379,-0.35050044
"mixed_signs","tri_sign",4383,-0.45543202
"mixed_signs","tri_sign",4387,-0.14788981
"mixed_signs","tri_sign",4391,-0.14355976
"mixed_signs","tri_sign",4395,-0.33440265
"mixed_signs","tri_sign",4399,-0.21499169
"mixed_signs","tri_sign",4403,-0.69123119
"mixed_signs","tri_sign",4407,-0.11205342
"mixed_signs","tri_sign",4411,-0.035562848
"mixed_signs","tri_sign",4415,-0.5459441
"mixed_signs","tri_sign",4419,-0.006123213
"mixed_signs","tri_sign",4423,-0.061416445
"mixed_signs","tri_sign",4427,-0.51432968
"mixed_signs","tri_sign",4431,-0.35780498
"mixed_signs","tri_sign",4435,-0.07404619
"mixed_signs","tri_sign",4439,-0.20663303
"mixed_signs","tri_sign",4443,-0.28347581
"mixed_signs","tri_sign",4447,-0.49517056
"mixed_signs","tri_sign",4451,-0.22602532
"mixed_signs","tri_sign",4455,-0.38708861
"mixed_signs","tri_sign",4459,-0.021035687
"mixed_signs","tri_sign",4463,-0.38932547
"mixed_signs","tri_sign",4467,-0.55219452
"mixed_signs","tri_sign",4471,-0.47517043
"mixed_signs","tri_sign",4475,-0.072858076
"mixed_signs","tri_sign",4479,-0.40076637
"mixed_signs","tri_sign",4483,-0.023389751
"mixed_signs","tri_sign",4487,-0.017649559
"mixed_signs","tri_sign",4491,-0.37389815
"mixed_signs","tri_sign",4495,-0.13172493
"mixed_signs","tri_sign",4499,-0.11314179
"mixed_signs","tri_sign",4503,-0.17495633
"mixed_signs","tri_sign",4507,-0.020273867
"mixed_signs","tri_sign",4511,-0.41990385
"mixed_signs","tri_sign",4515,-0.22763789
"mixed_signs","tri_sign",4519,-0.47038099
"mixed_signs","tri_sign",4523,-0.3753168
"mixed_signs","tri_sign",4527,-0.14360766
"mixed_signs","tri_sign",4531,-0.15977593
"mixed_signs","tri_sign",4535,-0.17054927
"mixed_signs","tri_sign",4539,-0.67655661
"mixed_signs","tri_sign",4543,-0.29352109
"mixed_signs","tri_sign",4547,-0.056081557
"mixed_signs","tri_sign",4551,-0.25013881
"mixed_signs","tri_sign",4555,-0.090489572
"mixed_signs","tri_sign",4559,-0.20656334
"mixed_signs","tri_sign",4563,-0.47664386
"mixed_signs","tri_sign",4567,-0.33953193
"mixed_signs","tri_sign",4571,-0.10225176
"mixed_signs","tri_sign",4575,-0.07103439
"mixed_signs","tri_sign",4579,-0.096135507
"mixed_signs","tri_sign",4583,-0.16278357
"mixed_signs","tri_sign",4587,-0.26614821
"mixed_signs","tri_sign",4591,-0.23635685
"mixed_signs","tri_sign",4595,-0.067070221
"mixed_signs","tri_sign",4599,-0.36434875
"mixed_signs","tri_sign",4603,-0.071275103
"mixed_signs","tri_sign",4607,-0.16824578
"mixed_signs","tri_sign",4611,-0.067177604
"mixed_signs","tri_sign",4615,-0.13083747
"mixed_signs","tri_sign",4619,-0.47147705
"mixed_signs","tri_sign",4623,-0.07949569
"mixed_signs","tri_sign",4627,-0.1482438
"mixed_signs","tri_sign",4631,-0.41074523
"mixed_signs","tri_sign",4635,-0.041583764
"mixed_signs","tri_sign",4639,-0.048143282
"mixed_signs","tri_sign",4643,-0.25428702
"mixed_signs","tri_sign",4647,-0.065407164
"mixed_signs","tri_sign",4651,-0.039229383
"mixed_signs","tri_sign",4655,-0.13793267
"mixed_signs","tri_sign",4659,-0.27526338
"mixed_signs","tri_sign",4663,-0.57706946
"mixed_signs","tri_sign",4667,-0.039144091
"mixed_signs","tri_sign",4671,-0.0042848783
"mixed_signs","tri_sign",4675,-0.089406761
"mixed_signs","tri_sign",4679,-0.32983973
"mixed_signs","tri_sign",4683,-0.12736445
"mixed_signs","tri_sign",4687,-0.14601626
"mixed_signs","tri_sign",4691,-0.13884099
"mixed_signs","tri_sign",4695,-0.48037562
"mixed_signs","tri_sign",4699,-0.041607993
"mixed_signs","tri_sign",4703,-0.032937566
"mixed_signs","tri_sign",4707,-0.057938457
"mixed_signs","tri_sign",4711,-0.63115421
"mixed_signs","tri_sign",4715,-0.35942703
"mixed_signs","tri_sign",4719,-0.057336127
"mixed_signs","tri_sign",4723,-0.34056608
"mixed_signs","tri_sign",4727,-0.22827731
"mixed_signs","tri_sign",4731,-0.098450713
"mixed_signs","tri_sign",4735,-0.31457701
"mixed_signs","tri_sign",4739,-0.24742786
"mixed_signs","tri_sign",4743,-0.011588936
"mixed_signs","tri_sign",4747,-0.0068034844
"mixed_signs","tri_sign",4751,-0.39980108
"mixed_signs","tri_sign",4755,-0.13180498
"mixed_signs","tri_sign",4759,-0.095047877
"mixed_signs","tri_sign",4763,-0.031771359
"mixed_signs","tri_sign",4767,-0.24622416
"mixed_signs","tri_sign",4771,-0.050275332
"mixed_signs","tri_sign",4775,-0.28403506
"mixed_signs","tri_sign",4779,-0.0614608
"mixed_signs","tri_sign",4783,-0.20523781
"mixed_signs","tri_sign",4787,-0.50326767
"mixed_signs","tri_sign",4791,-0.089569246
"mixed_signs","tri_sign",4795,-0.48707754
"mixed_signs","tri_sign",4799,-0.028033397
"mixed_signs","tri_sign",4803,-0.02892634
"mixed_signs","tri_sign",4807,-0.34680397
"mixed_signs","tri_sign",4811,-0.020203624
"mixed_signs","tri_sign",4815,-0.085539852
"mixed_signs","tri_sign",4819,-0.34400085
"mixed_signs","tri_sign",4823,-0.34505777
"mixed_signs","tri_sign",4827,-0.22607113
"mixed_signs","tri_sign",4831,-0.13071274
"mixed_signs","tri_sign",4835,-0.66357326
"mixed_signs","tri_sign",4839,-0.19626418
"mixed_signs","tri_sign",4843,-0.4695077
"mixed_signs","tri_sign",4847,-0.019395595
"mixed_signs","tri_sign",4851,-0.25839876
"mixed_signs","tri_sign",4855,-0.35583694
"mixed_signs","tri_sign",4859,-0.57034663
"mixed_signs","tri_sign",4863,-0.3783996
"mixed_signs","tri_sign",4867,-0.05182393
"mixed_signs","tri_sign",4871,-0.36047134
"mixed_signs","tri_sign",4875,-0.071400726
"mixed_signs","tri_sign",4879,-0.43115572
"mixed_signs","tri_sign",4883,-0.21952348
"mixed_signs","tri_sign",4887,-0.2201929
"mixed_signs","tri_sign",4891,-0.42932919
"mixed_signs","tri_sign",4895,-0.015821441
"mixed_signs","tri_sign",4899,-0.67581279
"mixed_signs","tri_sign",4903,-0.31676455
"mixed_signs","tri_sign",4907,-0.010495966
"mixed_signs","tri_sign",4911,-0.54063566
"mixed_signs","tri_sign",4915,-0.13491311
"mixed_signs","tri_sign",4919,-0.057619836
"mixed_signs","tri_sign",4923,-0.54980773
"mixed_signs","tri_sign",4927,-0.038625585
"mixed_signs","tri_sign",4931,-0.080095115
"mixed_signs","tri_sign",4935,-0.37654459
"mixed_signs","tri_sign",4939,-0.29914598
"mixed_signs","tri_sign",4943,-0.26404064
"mixed_signs","tri_sign",4947,-0.031797537
"mixed_signs","tri_sign",4951,-0.26302848
"mixed_signs","tri_sign",4955,-0.096767751
"mixed_signs","tri_sign",4959,-0.091992172
"mixed_signs","tri_sign",4963,-0.021399142
"mixed_signs","tri_sign",4967,-0.40096802
"mixed_signs","tri_sign",4971,-0.49700988
"mixed_signs","tri_sign",4975,-0.13609905
"mixed_signs","tri_sign",4979,-0.052231227
"mixed_signs","tri_sign",4983,-0.27163455
"mixed_signs","tri_sign",4987,-0.31091231
"mixed_signs","tri_sign",4991,-0.66043379
"mixed_signs","tri_sign",4995,-0.37767726
"mixed_signs","tri_sign",4999,-0.068270669
"mixed_signs","tri_sign",5004,-0.16662826
"mixed_signs","tri_sign",5008,-0.14034699
"mixed_signs","tri_sign",5012,-0.37984573
"mixed_signs","tri_sign",5016,-0.20738043
"mixed_signs","tri_sign",5020,-0.015127418
"mixed_signs","tri_sign",5024,-0.063674261
"mixed_signs","tri_sign",5028,-0.088671528
"mixed_signs","tri_sign",5032,-0.41783255
"mixed_signs","tri_sign",5036,-0.57677672
"mixed_signs","tri_sign",5040,-0.025791123
"mixed_signs","tri_sign",5044,-0.069428681
"mixed_signs","tri_sign",5048,-0.21688452
"mixed_signs","tri_sign",5052,-0.13919739
"mixed_signs","tri_sign",5056,-0.34828867
"mixed_signs","tri_sign",5060,-0.0872791
"mixed_signs","tri_sign",5064,-0.090060377
"mixed_signs","tri_sign",5068,-0.074014629
"mixed_signs","tri_sign",5072,-0.40002634
"mixed_signs","tri_sign",5076,-0.12199955
"mixed_signs","tri_sign",5080,-0.14420434
"mixed_signs","tri_sign",5084,-0.14882834
"mixed_signs","tri_sign",5088,-0.45914126
"mixed_signs","tri_sign",5092,-0.11480068
"mixed_signs","tri_sign",5096,-0.23369791
"mixed_signs","tri_sign",5100,-0.19612798
"mixed_signs","tri_sign",5104,-0.012254465
"mixed_signs","tri_sign",5108,-0.12444272
"mixed_signs","tri_sign",5112,-0.44778618
"mixed_signs","tri_sign",5116,-0.32167236
"mixed_signs","tri_sign",5120,-0.34623973
"mixed_signs","tri_sign",5124,-0.18849826
"mixed_signs","tri_sign",5128,-0.039674672
"mixed_signs","tri_sign",5132,-0.33373235
"mixed_signs","tri_sign",5136,-0.33002354
"mixed_signs","tri_sign",5140,-0.4808143
"mixed_signs","tri_sign",5144,-0.34488732
"mixed_signs","tri_sign",5148,-0.5030744
"mixed_signs","tri_sign",5152,-0.11678516
"mixed_signs","tri_sign",5156,-0.089622913
"mixed_signs","tri_sign",5160,-0.057813254
"mixed_signs","tri_sign",5164,-0.57478448
"mixed_signs","tri_sign",5168,-0.2599218
"mixed_signs","tri_sign",5172,-0.27781378
"mixed_signs","tri_sign",5176,-0.13881961
"mixed_signs","tri_sign",5180,-0.2606336
"mixed_signs","tri_sign",5184,-0.13340419
"mixed_signs","tri_sign",5188,-0.10710815
"mixed_signs","tri_sign",5192,-0.13575635
"mixed_signs","tri_sign",5196,-0.26174636
"mixed_signs","tri_sign",5200,-0.20225765
"mixed_signs","tri_sign",5204,-0.17474186
"mixed_signs","tri_sign",5208,-0.50747117
"mixed_signs","tri_sign",5212,-0.48089877
"mixed_signs","tri_sign",5216,-0.12986476
"mixed_signs","tri_sign",5220,-0.19283135
"mixed_signs","tri_sign",5224,-0.32759931
"mixed_signs","tri_sign",5228,-0.065178213
"mixed_signs","tri_sign",5232,-0.11728663
"mixed_signs","tri_sign",5236,-0.15100139
"mixed_signs","tri_sign",5240,-0.81017278
"mixed_signs","tri_sign",5244,-0.091221453
"mixed_signs","tri_sign",5248,-0.13988757
"mixed_signs","tri_sign",5252,-0.29570594
"mixed_signs","tri_sign",5256,-0.18106991
"mixed_signs","tri_sign",5260,-0.1691739
"mixed_signs","tri_sign",5264,-0.36836561
"mixed_signs","tri_sign",5268,-0.21144567
"mixed_signs","tri_sign",5272,-0.054151863
"mixed_signs","tri_sign",5276,-0.6629386
"mixed_signs","tri_sign",5280,-0.10523082
"mixed_signs","tri_sign",5284,-0.23462408
"mixed_signs","tri_sign",5288,-0.10692564
"mixed_signs","tri_sign",5292,-0.27114361
"mixed_signs","tri_sign",5296,-0.39080579
"mixed_signs","tri_sign",5300,-0.25231157
"mixed_signs","tri_sign",5304,-0.56594326
"mixed_signs","tri_sign",5308,-0.54309018
"mixed_signs","tri_sign",5312,-0.16406206
"mixed_signs","tri_sign",5316,-0.14713523
"mixed_signs","tri_sign",5320,-0.052235841
"mixed_signs","tri_sign",5324,-0.55422759
"mixed_signs","tri_sign",5328,-0.21514267
"mixed_signs","tri_sign",5332,-0.33022836
"mixed_signs","tri_sign",5336,-0.054672009
"mixed_signs","tri_sign",5340,-0.30565529
"mixed_signs","tri_sign",5344,-0.015643442
"mixed_signs","tri_sign",5348,-0.54354353
"mixed_signs","tri_sign",5352,-0.5790443
"mixed_signs","tri_sign",5356,-0.51007533
"mixed_signs","tri_sign",5360,-0.23578258
"mixed_signs","tri_sign",5364,-0.73701701
"mixed_signs","tri_sign",5368,-0.29388479
"mixed_signs","tri_sign",5372,-0.09216184
"mixed_signs","tri_sign",5376,-0.40997959
"mixed_signs","tri_sign",5380,-0.20674553
"mixed_signs","tri_sign",5384,-0.065920952
"mixed_signs","tri_sign",5388,-0.018700649
"mixed_signs","tri_sign",5392,-0.0076296164
"mixed_signs","tri_sign",5396,-0.18924739
"mixed_signs","tri_sign",5400,-0.42035879
"mixed_signs","tri_sign",5404,-0.020551635
"mixed_signs","tri_sign",5408,-0.27686651
"mixed_signs","tri_sign",5412,-0.68335037
"mixed_signs","tri_sign",5416,-0.17617082
"mixed_signs","tri_sign",5420,-0.32634889
"mixed_signs","tri_sign",5424,-0.43848609
"mixed_signs","tri_sign",5428,-0.26411786
"mixed_signs","tri_sign",5432,-0.4996096
"mixed_signs","tri_sign",5436,-0.44956548
"mixed_signs","tri_sign",5440,-0.0062535553
"mixed_signs","tri_sign",5444,-0.042242349
"mixed_signs","tri_sign",5448,-0.051025668
"mixed_signs","tri_sign",5452,-0.012507309
"mixed_signs","tri_sign",5456,-0.013386558
"mixed_signs","tri_sign",5460,-0.27824916
"mixed_signs","tri_sign",5464,-0.2927775
"mixed_signs","tri_sign",5468,-0.054653354
"mixed_signs","tri_sign",5472,-0.19874449
"mixed_signs","tri_sign",5476,-0.031846332
"mixed_signs","tri_sign",5480,-0.0091184478
"mixed_signs","tri_sign",5484,-0.14277648
"mixed_signs","tri_sign",5488,-0.28430386
"mixed_signs","tri_sign",5492,-0.097149174
"mixed_signs","tri_sign",5496,-0.05663888
"mixed_signs","tri_sign",5500,-0.03350484
"mixed_signs","tri_sign",5504,-0.33252099
"mixed_signs","tri_sign",5508,-0.39139673
"mixed_signs","tri_sign",5512,-0.14586777
"mixed_signs","tri_sign",5516,-0.0021547771
"mixed_signs","tri_sign",5520,-0.3777512
"mixed_signs","tri_sign",5524,-0.30352525
"mixed_signs","tri_sign",5528,-0.17178506
"mixed_signs","tri_sign",5532,-0.20142555
"mixed_signs","tri_sign",5536,-0.13342449
"mixed_signs","tri_sign",5540,-0.45323949
"mixed_signs","tri_sign",5544,-0.17422833
"mixed_signs","tri_sign",5548,-0.074831636
"mixed_signs","tri_sign",5552,-0.45255318
"mixed_signs","tri_sign",5556,-0.3403056
"mixed_signs","tri_sign",5560,-0.46417806
"mixed_signs","tri_sign",5564,-0.096802458
"mixed_signs","tri_sign",5568,-0.098926013
"mixed_signs","tri_sign",5572,-0.46520838
"mixed_signs","tri_sign",5576,-0.40751798
"mixed_signs","tri_sign",5580,-0.48407926
"mixed_signs","tri_sign",5584,-0.19104664
"mixed_signs","tri_sign",5588,-0.13439286
"mixed_signs","tri_sign",5592,-0.54679628
"mixed_signs","tri_sign",5596,-0.0075046379
"mixed_signs","tri_sign",5600,-0.10058162
"mixed_signs","tri_sign",5604,-0.14972643
"mixed_signs","tri_sign",5608,-0.65537608
"mixed_signs","tri_sign",5612,-0.2261508
"mixed_signs","tri_sign",5616,-0.11449569
"mixed_signs","tri_sign",5620,-0.084345035
"mixed_signs","tri_sign",5624,-0.29814282
"mixed_signs","tri_sign",5628,-0.045687608
"mixed_signs","tri_sign",5632,-0.44669477
"mixed_signs","tri_sign",5636,-0.080297614
"mixed_signs","tri_sign",5640,-0.28615998
"mixed_signs","tri_sign",5644,-0.18118329
"mixed_signs","tri_sign",5648,-0.23588662
"mixed_signs","tri_sign",5652,-0.33022016
"mixed_signs","tri_sign",5656,-0.44248067
"mixed_signs","tri_sign",5660,-0.043508319
"mixed_signs","tri_sign",5664,-0.2575107
"mixed_signs","tri_sign",5668,-0.12369931
"mixed_signs","tri_sign",5672,-0.041763784
"mixed_signs","tri_sign",5676,-0.77995332
"mixed_signs","tri_sign",5680,-0.15867568
"mixed_signs","tri_sign",5684,-0.061506699
"mixed_signs","tri_sign",5688,-0.10925075
"mixed_signs","tri_sign",5692,-0.10626059
"mixed_signs","tri_sign",5696,-0.023527896
"mixed_signs","tri_sign",5700,-0.18191694
"mixed_signs","tri_sign",5704,-0.17542338
"mixed_signs","tri_sign",5708,-0.21965045
"mixed_signs","tri_sign",5712,-0.076873482
"mixed_signs","tri_sign",5716,-0.10088203
"mixed_signs","tri_sign",5720,-0.45754381
"mixed_signs","tri_sign",5724,-0.37986266
"mixed_signs","tri_sign",5728,-0.49177275
"mixed_signs","tri_sign",5732,-0.15029196
"mixed_signs","tri_sign",5736,-0.26353356
"mixed_signs","tri_sign",5740,-0.015389569
"mixed_signs","tri_sign",5744,-0.1913042
"mixed_signs","tri_sign",5748,-0.228708
"mixed_signs","tri_sign",5752,-0.025591695
"mixed_signs","tri_sign",5756,-0.019169245
"mixed_signs","tri_sign",5760,-0.12276985
"mixed_signs","tri_sign",5764,-0.32465362
"mixed_signs","tri_sign",5768,-0.11299554
"mixed_signs","tri_sign",5772,-0.23514302
"mixed_signs","tri_sign",5776,-0.29270582
"mixed_signs","tri_sign",5780,-0.27648228
"mixed_signs","tri_sign",5784,-0.11083238
"mixed_signs","tri_sign",5788,-0.58959895
"mixed_signs","tri_sign",5792,-0.3222037
"mixed_signs","tri_sign",5796,-0.16495879
"mixed_signs","tri_sign",5800,-0.11784582
"mixed_signs","tri_sign",5804,-0.19983186
"mixed_signs","tri_sign",5808,-0.32355908
"mixed_signs","tri_sign",5812,-0.11182151
"mixed_signs","tri_sign",5816,-0.25871202
"mixed_signs","tri_sign",5820,-0.082896875
"mixed_signs","tri_sign",5824,-0.3547967
"mixed_signs","tri_sign",5828,-0.56310864
"mixed_signs","tri_sign",5832,-0.01889515
"mixed_signs","tri_sign",5836,-0.23876657
"mixed_signs","tri_sign",5840,-0.18863552
"mixed_signs","tri_sign",5844,-0.090493912
"mixed_signs","tri_sign",5848,-0.11800105
"mixed_signs","tri_sign",5852,-0.092660713
"mixed_signs","tri_sign",5856,-0.093332359
"mixed_signs","tri_sign",5860,-0.30309621
"mixed_signs","tri_sign",5864,-0.18855496
"mixed_signs","tri_sign",5868,-0.31325854
"mixed_signs","tri_sign",5872,-0.4503331
"mixed_signs","tri_sign",5876,-0.19648457
"mixed_signs","tri_sign",5880,-0.4363129
"mixed_signs","tri_sign",5884,-0.79416104
"mixed_signs","tri_sign",5888,-0.29782439
"mixed_signs","tri_sign",5892,-0.12273285
"mixed_signs","tri_sign",5896,-0.47560667
"mixed_signs","tri_sign",5900,-0.1916347
"mixed_signs","tri_sign",5904,-0.44238137
"mixed_signs","tri_sign",5908,-0.14503583
"mixed_signs","tri_sign",5912,-0.097004752
"mixed_signs","tri_sign",5916,-0.1168317
"mixed_signs","tri_sign",5920,-0.21388444
"mixed_signs","tri_sign",5924,-0.33070786
"mixed_signs","tri_sign",5928,-0.0069163442
"mixed_signs","tri_sign",5932,-0.35129276
"mixed_signs","tri_sign",5936,-0.59358504
"mixed_signs","tri_sign",5940,-0.033183298
"mixed_signs","tri_sign",5944,-0.17497468
"mixed_signs","tri_sign",5948,-0.23857636
"mixed_signs","tri_sign",5952,-0.11208306
"mixed_signs","tri_sign",5956,-0.3753018
"mixed_signs","tri_sign",5960,-0.68375259
"mixed_signs","tri_sign",5964,-0.54977169
"mixed_signs","tri_sign",5968,-0.601058
"mixed_signs","tri_sign",5972,-0.33867114
"mixed_signs","tri_sign",5976,-0.047893881
"mixed_signs","tri_sign",5980,-0.36407684
"mixed_signs","tri_sign",5984,-0.1588037
"mixed_signs","tri_sign",5988,-0.095663933
"mixed_signs","tri_sign",5992,-0.15845769
"mixed_signs","tri_sign",5996,-0.16593668
"mixed_signs","tri_sign",6000,-0.044756189
"mixed_signs","global_ray",1,-0.12890558
"mixed_signs","global_ray",5,-0.32952814
"mixed_signs","global_ray",9,-0.042607405
"mixed_signs","global_ray",13,-0.043488555
"mixed_signs","global_ray",17,-0.0678131
"mixed_signs","global_ray",21,-0.55220045
"mixed_signs","global_ray",25,-0.2410545
"mixed_signs","global_ray",29,-0.2238932
"mixed_signs","global_ray",33,-0.15614838
"mixed_signs","global_ray",37,-0.17460324
"mixed_signs","global_ray",41,-0.31376635
"mixed_signs","global_ray",45,-0.51714126
"mixed_signs","global_ray",49,-0.1403369
"mixed_signs","global_ray",53,-0.38303219
"mixed_signs","global_ray",57,-0.049875477
"mixed_signs","global_ray",61,-0.17503729
"mixed_signs","global_ray",65,-0.20829749
"mixed_signs","global_ray",69,-0.37485802
"mixed_signs","global_ray",73,-0.35704149
"mixed_signs","global_ray",77,-0.093733501
"mixed_signs","global_ray",81,-0.28807486
"mixed_signs","global_ray",85,-0.024545795
"mixed_signs","global_ray",89,-0.14071602
"mixed_signs","global_ray",93,-0.20136728
"mixed_signs","global_ray",97,-0.63569156
"mixed_signs","global_ray",101,-0.0098737999
"mixed_signs","global_ray",105,-0.24778467
"mixed_signs","global_ray",109,-0.18202979
"mixed_signs","global_ray",113,-0.36543771
"mixed_signs","global_ray",117,-0.11669125
"mixed_signs","global_ray",121,-0.21547204
"mixed_signs","global_ray",125,-0.02908371
"mixed_signs","global_ray",129,-0.038009203
"mixed_signs","global_ray",133,-0.045839136
"mixed_signs","global_ray",137,-0.23997613
"mixed_signs","global_ray",141,-0.14614403
"mixed_signs","global_ray",145,-0.1875367
"mixed_signs","global_ray",149,-0.31456911
"mixed_signs","global_ray",153,-0.30730615
"mixed_signs","global_ray",157,-0.3381279
"mixed_signs","global_ray",161,-0.63953597
"mixed_signs","global_ray",165,-0.039373653
"mixed_signs","global_ray",169,-0.061494367
"mixed_signs","global_ray",173,-0.083945854
"mixed_signs","global_ray",177,-0.20723195
"mixed_signs","global_ray",181,-0.58295573
"mixed_signs","global_ray",185,-0.040765444
"mixed_signs","global_ray",189,-0.2994784
"mixed_signs","global_ray",193,-0.22847848
"mixed_signs","global_ray",197,-0.3244529
"mixed_signs","global_ray",201,-0.28840363
"mixed_signs","global_ray",205,-0.023976581
"mixed_signs","global_ray",209,-0.026511178
"mixed_signs","global_ray",213,-0.43104629
"mixed_signs","global_ray",217,-0.26370375
"mixed_signs","global_ray",221,-0.079650826
"mixed_signs","global_ray",225,-0.030144635
"mixed_signs","global_ray",229,-0.54038055
"mixed_signs","global_ray",233,-0.15958937
"mixed_signs","global_ray",237,-0.17373206
"mixed_signs","global_ray",241,-0.10440995
"mixed_signs","global_ray",245,-0.17387684
"mixed_signs","global_ray",249,-0.11659288
"mixed_signs","global_ray",253,-0.086863508
"mixed_signs","global_ray",257,-0.32654505
"mixed_signs","global_ray",261,-0.3188286
"mixed_signs","global_ray",265,-0.070032035
"mixed_signs","global_ray",269,-0.063549424
"mixed_signs","global_ray",273,-0.024237878
"mixed_signs","global_ray",277,-0.042022162
"mixed_signs","global_ray",281,-0.23595263
"mixed_signs","global_ray",285,-0.18716942
"mixed_signs","global_ray",289,-0.13740129
"mixed_signs","global_ray",293,-0.11862745
"mixed_signs","global_ray",297,-0.21712903
"mixed_signs","global_ray",301,-0.0125586
"mixed_signs","global_ray",305,-0.26350432
"mixed_signs","global_ray",309,-0.025580497
"mixed_signs","global_ray",313,-0.03447721
"mixed_signs","global_ray",317,-0.38275126
"mixed_signs","global_ray",321,-0.043457179
"mixed_signs","global_ray",325,-0.033557692
"mixed_signs","global_ray",329,-0.00086434364
"mixed_signs","global_ray",333,-0.10912204
"mixed_signs","global_ray",337,-0.15293751
"mixed_signs","global_ray",341,-0.14229032
"mixed_signs","global_ray",345,-0.37210561
"mixed_signs","global_ray",349,-0.035496776
"mixed_signs","global_ray",353,-0.014527196
"mixed_signs","global_ray",357,-0.063401175
"mixed_signs","global_ray",361,-0.1046436
"mixed_signs","global_ray",365,-0.14090777
"mixed_signs","global_ray",369,-0.1249827
"mixed_signs","global_ray",373,-0.16404096
"mixed_signs","global_ray",377,-0.10541942
"mixed_signs","global_ray",381,-0.20264371
"mixed_signs","global_ray",385,-0.014811019
"mixed_signs","global_ray",389,-0.5009454
"mixed_signs","global_ray",393,-0.25455432
"mixed_signs","global_ray",397,-0.15489311
"mixed_signs","global_ray",401,-0.25207576
"mixed_signs","global_ray",405,-0.44056599
"mixed_signs","global_ray",409,-0.36963054
"mixed_signs","global_ray",413,-0.15393168
"mixed_signs","global_ray",417,-0.019554737
"mixed_signs","global_ray",421,-0.14652105
"mixed_signs","global_ray",425,-0.076776567
"mixed_signs","global_ray",429,-0.27668664
"mixed_signs","global_ray",433,-0.071522322
"mixed_signs","global_ray",437,-0.56200616
"mixed_signs","global_ray",441,-0.12852637
"mixed_signs","global_ray",445,-0.14927412
"mixed_signs","global_ray",449,-0.027239766
"mixed_signs","global_ray",453,-0.255272
"mixed_signs","global_ray",457,-0.56206702
"mixed_signs","global_ray",461,-0.30772006
"mixed_signs","global_ray",465,-0.041168753
"mixed_signs","global_ray",469,-0.5322328
"mixed_signs","global_ray",473,-0.32622986
"mixed_signs","global_ray",477,-0.59402202
"mixed_signs","global_ray",481,-0.46183571
"mixed_signs","global_ray",485,-0.58653392
"mixed_signs","global_ray",489,-0.065722151
"mixed_signs","global_ray",493,-0.050624063
"mixed_signs","global_ray",497,-0.28997331
"mixed_signs","global_ray",501,-0.27728676
"mixed_signs","global_ray",505,-0.6346218
"mixed_signs","global_ray",509,-0.20097989
"mixed_signs","global_ray",513,-0.18091289
"mixed_signs","global_ray",517,-0.30681626
"mixed_signs","global_ray",521,-0.12294197
"mixed_signs","global_ray",525,-0.23322269
"mixed_signs","global_ray",529,-0.31832619
"mixed_signs","global_ray",533,-0.24937157
"mixed_signs","global_ray",537,-0.0086519038
"mixed_signs","global_ray",541,-0.3439221
"mixed_signs","global_ray",545,-0.64700638
"mixed_signs","global_ray",549,-0.25669383
"mixed_signs","global_ray",553,-0.27381685
"mixed_signs","global_ray",557,-0.45097145
"mixed_signs","global_ray",561,-0.11732217
"mixed_signs","global_ray",565,-0.056507669
"mixed_signs","global_ray",569,-0.51767973
"mixed_signs","global_ray",573,-0.25464958
"mixed_signs","global_ray",577,-0.41788026
"mixed_signs","global_ray",581,-0.16150563
"mixed_signs","global_ray",585,-0.0089579103
"mixed_signs","global_ray",589,-0.37326182
"mixed_signs","global_ray",593,-0.13139182
"mixed_signs","global_ray",597,-0.11776515
"mixed_signs","global_ray",601,-0.39486709
"mixed_signs","global_ray",605,-0.36711036
"mixed_signs","global_ray",609,-0.14726064
"mixed_signs","global_ray",613,-0.29487036
"mixed_signs","global_ray",617,-0.0024274106
"mixed_signs","global_ray",621,-0.33010084
"mixed_signs","global_ray",625,-0.36846698
"mixed_signs","global_ray",629,-0.22582047
"mixed_signs","global_ray",633,-0.038900561
"mixed_signs","global_ray",637,-0.016908842
"mixed_signs","global_ray",641,-0.059830813
"mixed_signs","global_ray",645,-0.07604417
"mixed_signs","global_ray",649,-0.24022235
"mixed_signs","global_ray",653,-0.19243093
"mixed_signs","global_ray",657,-0.29052827
"mixed_signs","global_ray",661,-0.34125108
"mixed_signs","global_ray",665,-0.31848029
"mixed_signs","global_ray",669,-0.47207136
"mixed_signs","global_ray",673,-0.25129165
"mixed_signs","global_ray",677,-0.25167045
"mixed_signs","global_ray",681,-0.80203347
"mixed_signs","global_ray",685,-0.23390608
"mixed_signs","global_ray",689,-0.15849544
"mixed_signs","global_ray",693,-0.29366498
"mixed_signs","global_ray",697,-0.11910475
"mixed_signs","global_ray",701,-0.048668714
"mixed_signs","global_ray",705,-0.40842751
"mixed_signs","global_ray",709,-0.40275996
"mixed_signs","global_ray",713,-0.0084480188
"mixed_signs","global_ray",717,-0.032870088
"mixed_signs","global_ray",721,-0.34441739
"mixed_signs","global_ray",725,-0.076853865
"mixed_signs","global_ray",729,-0.29502837
"mixed_signs","global_ray",733,-0.04332633
"mixed_signs","global_ray",737,-0.33054754
"mixed_signs","global_ray",741,-0.43182219
"mixed_signs","global_ray",745,-0.16554685
"mixed_signs","global_ray",749,-0.15487125
"mixed_signs","global_ray",753,-0.11429655
"mixed_signs","global_ray",757,-0.48404206
"mixed_signs","global_ray",761,-0.32740711
"mixed_signs","global_ray",765,-0.13337981
"mixed_signs","global_ray",769,-0.62354539
"mixed_signs","global_ray",773,-0.50550454
"mixed_signs","global_ray",777,-0.47186988
"mixed_signs","global_ray",781,-0.15367109
"mixed_signs","global_ray",785,-0.50646042
"mixed_signs","global_ray",789,-0.020994425
"mixed_signs","global_ray",793,-0.34789415
"mixed_signs","global_ray",797,-0.61814933
"mixed_signs","global_ray",801,-0.49633589
"mixed_signs","global_ray",805,-0.12375216
"mixed_signs","global_ray",809,-0.49985277
"mixed_signs","global_ray",813,-0.10958118
"mixed_signs","global_ray",817,-0.071815681
"mixed_signs","global_ray",821,-0.1311034
"mixed_signs","global_ray",825,-0.30354627
"mixed_signs","global_ray",829,-0.12970306
"mixed_signs","global_ray",833,-0.42549696
"mixed_signs","global_ray",837,-0.098844198
"mixed_signs","global_ray",841,-0.12186638
"mixed_signs","global_ray",845,-0.49584583
"mixed_signs","global_ray",849,-0.18064035
"mixed_signs","global_ray",853,-0.2033288
"mixed_signs","global_ray",857,-0.13616763
"mixed_signs","global_ray",861,-0.21691489
"mixed_signs","global_ray",865,-0.25199044
"mixed_signs","global_ray",869,-0.061196452
"mixed_signs","global_ray",873,-0.21280174
"mixed_signs","global_ray",877,-0.048992685
"mixed_signs","global_ray",881,-0.034419274
"mixed_signs","global_ray",885,-0.068191443
"mixed_signs","global_ray",889,-0.28504405
"mixed_signs","global_ray",893,-0.12282156
"mixed_signs","global_ray",897,-0.1899367
"mixed_signs","global_ray",901,-0.066621656
"mixed_signs","global_ray",905,-0.30337124
"mixed_signs","global_ray",909,-0.13354456
"mixed_signs","global_ray",913,-0.094052405
"mixed_signs","global_ray",917,-0.0080375578
"mixed_signs","global_ray",921,-0.11940199
"mixed_signs","global_ray",925,-0.38444564
"mixed_signs","global_ray",929,-0.0010249613
"mixed_signs","global_ray",933,-0.66511644
"mixed_signs","global_ray",937,-0.015715559
"mixed_signs","global_ray",941,-0.20279088
"mixed_signs","global_ray",945,-0.10235475
"mixed_signs","global_ray",949,-0.44085774
"mixed_signs","global_ray",953,-0.37016329
"mixed_signs","global_ray",957,-0.26594658
"mixed_signs","global_ray",961,-0.26674607
"mixed_signs","global_ray",965,-0.62248167
"mixed_signs","global_ray",969,-0.17675347
"mixed_signs","global_ray",973,-0.20070066
"mixed_signs","global_ray",977,-0.045502239
"mixed_signs","global_ray",981,-0.023871672
"mixed_signs","global_ray",985,-0.080421016
"mixed_signs","global_ray",989,-0.5392758
"mixed_signs","global_ray",993,-0.32927517
"mixed_signs","global_ray",997,-0.43941587
"mixed_signs","global_ray",1002,-0.11819923
"mixed_signs","global_ray",1006,-0.21949373
"mixed_signs","global_ray",1010,-0.09381128
"mixed_signs","global_ray",1014,-7.5426361e-06
"mixed_signs","global_ray",1018,-0.33786531
"mixed_signs","global_ray",1022,-0.233796
"mixed_signs","global_ray",1026,-0.29515108
"mixed_signs","global_ray",1030,-0.23791806
"mixed_signs","global_ray",1034,-0.26669912
"mixed_signs","global_ray",1038,-0.30152
"mixed_signs","global_ray",1042,-0.16664621
"mixed_signs","global_ray",1046,-0.47330424
"mixed_signs","global_ray",1050,-0.13567983
"mixed_signs","global_ray",1054,-0.066522306
"mixed_signs","global_ray",1058,-0.11191636
"mixed_signs","global_ray",1062,-0.079421075
"mixed_signs","global_ray",1066,-0.0056341122
"mixed_signs","global_ray",1070,-0.42024298
"mixed_signs","global_ray",1074,-0.41528574
"mixed_signs","global_ray",1078,-0.66021504
"mixed_signs","global_ray",1082,-0.073594271
"mixed_signs","global_ray",1086,-0.1919193
"mixed_signs","global_ray",1090,-0.02533432
"mixed_signs","global_ray",1094,-0.068286837
"mixed_signs","global_ray",1098,-0.079761003
"mixed_signs","global_ray",1102,-0.36792298
"mixed_signs","global_ray",1106,-0.41851587
"mixed_signs","global_ray",1110,-0.014666861
"mixed_signs","global_ray",1114,-0.12548825
"mixed_signs","global_ray",1118,-0.088654265
"mixed_signs","global_ray",1122,-0.072319695
"mixed_signs","global_ray",1126,-0.53605706
"mixed_signs","global_ray",1130,-0.49558648
"mixed_signs","global_ray",1134,-0.26647117
"mixed_signs","global_ray",1138,-0.44674768
"mixed_signs","global_ray",1142,-0.6717213
"mixed_signs","global_ray",1146,-0.54682682
"mixed_signs","global_ray",1150,-0.40627461
"mixed_signs","global_ray",1154,-0.32149017
"mixed_signs","global_ray",1158,-0.067433268
"mixed_signs","global_ray",1162,-0.50060282
"mixed_signs","global_ray",1166,-0.35491514
"mixed_signs","global_ray",1170,-0.39821071
"mixed_signs","global_ray",1174,-0.25713322
"mixed_signs","global_ray",1178,-0.024262637
"mixed_signs","global_ray",1182,-0.15380769
"mixed_signs","global_ray",1186,-0.25631164
"mixed_signs","global_ray",1190,-0.11339235
"mixed_signs","global_ray",1194,-0.041850912
"mixed_signs","global_ray",1198,-0.20517751
"mixed_signs","global_ray",1202,-0.059978859
"mixed_signs","global_ray",1206,-0.056692641
"mixed_signs","global_ray",1210,-0.11339781
"mixed_signs","global_ray",1214,-0.030410735
"mixed_signs","global_ray",1218,-0.10051899
"mixed_signs","global_ray",1222,-0.42445218
"mixed_signs","global_ray",1226,-0.3427833
"mixed_signs","global_ray",1230,-0.045416436
"mixed_signs","global_ray",1234,-0.12488344
"mixed_signs","global_ray",1238,-0.39157899
"mixed_signs","global_ray",1242,-0.29049381
"mixed_signs","global_ray",1246,-0.55639683
"mixed_signs","global_ray",1250,-0.06137049
"mixed_signs","global_ray",1254,-0.49596324
"mixed_signs","global_ray",1258,-0.018270026
"mixed_signs","global_ray",1262,-0.089103922
"mixed_signs","global_ray",1266,-0.21522061
"mixed_signs","global_ray",1270,-0.50845813
"mixed_signs","global_ray",1274,-0.56406889
"mixed_signs","global_ray",1278,-0.61451032
"mixed_signs","global_ray",1282,-0.27925126
"mixed_signs","global_ray",1286,-0.030902044
"mixed_signs","global_ray",1290,-0.45768411
"mixed_signs","global_ray",1294,-0.42366637
"mixed_signs","global_ray",1298,-0.11075686
"mixed_signs","global_ray",1302,-0.065419547
"mixed_signs","global_ray",1306,-0.15689555
"mixed_signs","global_ray",1310,-0.19391897
"mixed_signs","global_ray",1314,-0.039703261
"mixed_signs","global_ray",1318,-0.2407695
"mixed_signs","global_ray",1322,-0.28233302
"mixed_signs","global_ray",1326,-0.50561747
"mixed_signs","global_ray",1330,-0.39796027
"mixed_signs","global_ray",1334,-0.19413472
"mixed_signs","global_ray",1338,-0.37780363
"mixed_signs","global_ray",1342,-0.09117813
"mixed_signs","global_ray",1346,-0.27374148
"mixed_signs","global_ray",1350,-0.45183141
"mixed_signs","global_ray",1354,-0.098881696
"mixed_signs","global_ray",1358,-0.050915818
"mixed_signs","global_ray",1362,-0.48861257
"mixed_signs","global_ray",1366,-0.13293403
"mixed_signs","global_ray",1370,-0.075909209
"mixed_signs","global_ray",1374,-0.2426782
"mixed_signs","global_ray",1378,-0.22172573
"mixed_signs","global_ray",1382,-0.4803976
"mixed_signs","global_ray",1386,-0.70793025
"mixed_signs","global_ray",1390,-0.060007756
"mixed_signs","global_ray",1394,-0.15704137
"mixed_signs","global_ray",1398,-0.26931516
"mixed_signs","global_ray",1402,-0.25203691
"mixed_signs","global_ray",1406,-0.072535381
"mixed_signs","global_ray",1410,-0.035304606
"mixed_signs","global_ray",1414,-0.35819628
"mixed_signs","global_ray",1418,-0.37084211
"mixed_signs","global_ray",1422,-0.22514338
"mixed_signs","global_ray",1426,-0.09685104
"mixed_signs","global_ray",1430,-0.11558583
"mixed_signs","global_ray",1434,-0.29766215
"mixed_signs","global_ray",1438,-0.52716817
"mixed_signs","global_ray",1442,-0.081477334
"mixed_signs","global_ray",1446,-0.17511351
"mixed_signs","global_ray",1450,-0.047119999
"mixed_signs","global_ray",1454,-0.18023679
"mixed_signs","global_ray",1458,-0.77606986
"mixed_signs","global_ray",1462,-0.064348786
"mixed_signs","global_ray",1466,-0.51638424
"mixed_signs","global_ray",1470,-0.43791832
"mixed_signs","global_ray",1474,-0.080662483
"mixed_signs","global_ray",1478,-0.20025495
"mixed_signs","global_ray",1482,-0.20593709
"mixed_signs","global_ray",1486,-0.12635322
"mixed_signs","global_ray",1490,-0.25613055
"mixed_signs","global_ray",1494,-0.42663546
"mixed_signs","global_ray",1498,-0.040729665
"mixed_signs","global_ray",1502,-0.39905724
"mixed_signs","global_ray",1506,-0.23831786
"mixed_signs","global_ray",1510,-0.037039844
"mixed_signs","global_ray",1514,-0.55134829
"mixed_signs","global_ray",1518,-0.23806997
"mixed_signs","global_ray",1522,-0.16642742
"mixed_signs","global_ray",1526,-0.24344445
"mixed_signs","global_ray",1530,-0.4439036
"mixed_signs","global_ray",1534,-0.0714997
"mixed_signs","global_ray",1538,-0.31394188
"mixed_signs","global_ray",1542,-0.2372203
"mixed_signs","global_ray",1546,-0.14022001
"mixed_signs","global_ray",1550,-0.29810936
"mixed_signs","global_ray",1554,-0.21526689
"mixed_signs","global_ray",1558,-0.3403543
"mixed_signs","global_ray",1562,-0.10342282
"mixed_signs","global_ray",1566,-0.1694393
"mixed_signs","global_ray",1570,-0.30864967
"mixed_signs","global_ray",1574,-0.14163029
"mixed_signs","global_ray",1578,-0.27732335
"mixed_signs","global_ray",1582,-0.3888123
"mixed_signs","global_ray",1586,-0.035240394
"mixed_signs","global_ray",1590,-0.32391126
"mixed_signs","global_ray",1594,-0.46803264
"mixed_signs","global_ray",1598,-0.11929512
"mixed_signs","global_ray",1602,-0.66544776
"mixed_signs","global_ray",1606,-0.34251999
"mixed_signs","global_ray",1610,-0.71910006
"mixed_signs","global_ray",1614,-0.090547107
"mixed_signs","global_ray",1618,-0.0023687421
"mixed_signs","global_ray",1622,-0.41376817
"mixed_signs","global_ray",1626,-0.3706182
"mixed_signs","global_ray",1630,-0.17698362
"mixed_signs","global_ray",1634,-0.25586935
"mixed_signs","global_ray",1638,-0.24028462
"mixed_signs","global_ray",1642,-0.061649587
"mixed_signs","global_ray",1646,-0.06246172
"mixed_signs","global_ray",1650,-0.10883811
"mixed_signs","global_ray",1654,-0.012107914
"mixed_signs","global_ray",1658,-0.29768226
"mixed_signs","global_ray",1662,-0.17250102
"mixed_signs","global_ray",1666,-0.16614802
"mixed_signs","global_ray",1670,-0.21370154
"mixed_signs","global_ray",1674,-0.43388694
"mixed_signs","global_ray",1678,-0.23425248
"mixed_signs","global_ray",1682,-0.22360791
"mixed_signs","global_ray",1686,-0.21448641
"mixed_signs","global_ray",1690,-0.021600838
"mixed_signs","global_ray",1694,-0.01871915
"mixed_signs","global_ray",1698,-0.11233776
"mixed_signs","global_ray",1702,-0.19734976
"mixed_signs","global_ray",1706,-0.052369492
"mixed_signs","global_ray",1710,-0.071794667
"mixed_signs","global_ray",1714,-0.20117367
"mixed_signs","global_ray",1718,-0.19915032
"mixed_signs","global_ray",1722,-0.014822676
"mixed_signs","global_ray",1726,-0.035076493
"mixed_signs","global_ray",1730,-0.31572678
"mixed_signs","global_ray",1734,-0.28864415
"mixed_signs","global_ray",1738,-0.050504956
"mixed_signs","global_ray",1742,-0.48644054
"mixed_signs","global_ray",1746,-0.056849811
"mixed_signs","global_ray",1750,-0.040226304
"mixed_signs","global_ray",1754,-0.20115201
"mixed_signs","global_ray",1758,-0.21752905
"mixed_signs","global_ray",1762,-0.11598872
"mixed_signs","global_ray",1766,-0.7559458
"mixed_signs","global_ray",1770,-0.105009
"mixed_signs","global_ray",1774,-0.66430964
"mixed_signs","global_ray",1778,-0.54544024
"mixed_signs","global_ray",1782,-0.58516038
"mixed_signs","global_ray",1786,-0.089171083
"mixed_signs","global_ray",1790,-0.718179
"mixed_signs","global_ray",1794,-0.096504577
"mixed_signs","global_ray",1798,-0.49176615
"mixed_signs","global_ray",1802,-0.28714397
"mixed_signs","global_ray",1806,-0.1738636
"mixed_signs","global_ray",1810,-0.20535297
"mixed_signs","global_ray",1814,-0.28207196
"mixed_signs","global_ray",1818,-0.018828877
"mixed_signs","global_ray",1822,-0.21417715
"mixed_signs","global_ray",1826,-0.076231888
"mixed_signs","global_ray",1830,-0.31220786
"mixed_signs","global_ray",1834,-0.26752036
"mixed_signs","global_ray",1838,-0.19788654
"mixed_signs","global_ray",1842,-0.21478609
"mixed_signs","global_ray",1846,-0.093767117
"mixed_signs","global_ray",1850,-0.25545475
"mixed_signs","global_ray",1854,-0.029393701
"mixed_signs","global_ray",1858,-0.13508368
"mixed_signs","global_ray",1862,-0.14124989
"mixed_signs","global_ray",1866,-0.073651609
"mixed_signs","global_ray",1870,-0.0075004579
"mixed_signs","global_ray",1874,-0.067922109
"mixed_signs","global_ray",1878,-0.31424621
"mixed_signs","global_ray",1882,-0.11564274
"mixed_signs","global_ray",1886,-0.19318819
"mixed_signs","global_ray",1890,-0.13219823
"mixed_signs","global_ray",1894,-0.10138331
"mixed_signs","global_ray",1898,-0.26041456
"mixed_signs","global_ray",1902,-0.089342845
"mixed_signs","global_ray",1906,-0.33260557
"mixed_signs","global_ray",1910,-0.032206028
"mixed_signs","global_ray",1914,-0.25035182
"mixed_signs","global_ray",1918,-0.53491301
"mixed_signs","global_ray",1922,-0.22904263
"mixed_signs","global_ray",1926,-0.26097842
"mixed_signs","global_ray",1930,-0.4031687
"mixed_signs","global_ray",1934,-0.27082067
"mixed_signs","global_ray",1938,-0.016950204
"mixed_signs","global_ray",1942,-0.53915779
"mixed_signs","global_ray",1946,-0.63802927
"mixed_signs","global_ray",1950,-0.14902626
"mixed_signs","global_ray",1954,-0.44245169
"mixed_signs","global_ray",1958,-0.21426421
"mixed_signs","global_ray",1962,-0.033817553
"mixed_signs","global_ray",1966,-0.10618543
"mixed_signs","global_ray",1970,-0.073211647
"mixed_signs","global_ray",1974,-0.082933575
"mixed_signs","global_ray",1978,-0.030392335
"mixed_signs","global_ray",1982,-0.28434862
"mixed_signs","global_ray",1986,-0.3584306
"mixed_signs","global_ray",1990,-0.17543937
"mixed_signs","global_ray",1994,-0.089647165
"mixed_signs","global_ray",1998,-0.12098406
"mixed_signs","global_ray",2002,-0.11781327
"mixed_signs","global_ray",2006,-0.4165046
"mixed_signs","global_ray",2010,-0.31402547
"mixed_signs","global_ray",2014,-0.15676315
"mixed_signs","global_ray",2018,-0.083574769
"mixed_signs","global_ray",2022,-0.039885034
"mixed_signs","global_ray",2026,-0.19802568
"mixed_signs","global_ray",2030,-0.099275712
"mixed_signs","global_ray",2034,-0.14112615
"mixed_signs","global_ray",2038,-0.17130029
"mixed_signs","global_ray",2042,-0.16023462
"mixed_signs","global_ray",2046,-0.35138558
"mixed_signs","global_ray",2050,-0.32048571
"mixed_signs","global_ray",2054,-0.51112639
"mixed_signs","global_ray",2058,-0.20393648
"mixed_signs","global_ray",2062,-0.44687403
"mixed_signs","global_ray",2066,-0.36700719
"mixed_signs","global_ray",2070,-0.16614043
"mixed_signs","global_ray",2074,-0.13467562
"mixed_signs","global_ray",2078,-0.25793597
"mixed_signs","global_ray",2082,-0.44080444
"mixed_signs","global_ray",2086,-0.077846686
"mixed_signs","global_ray",2090,-0.11510967
"mixed_signs","global_ray",2094,-0.2479047
"mixed_signs","global_ray",2098,-0.28114232
"mixed_signs","global_ray",2102,-0.28386867
"mixed_signs","global_ray",2106,-0.041883269
"mixed_signs","global_ray",2110,-0.28064686
"mixed_signs","global_ray",2114,-0.079503549
"mixed_signs","global_ray",2118,-0.27159562
"mixed_signs","global_ray",2122,-0.014442785
"mixed_signs","global_ray",2126,-0.37437033
"mixed_signs","global_ray",2130,-0.079278188
"mixed_signs","global_ray",2134,-0.42098083
"mixed_signs","global_ray",2138,-0.11259265
"mixed_signs","global_ray",2142,-0.32836313
"mixed_signs","global_ray",2146,-0.1883147
"mixed_signs","global_ray",2150,-0.13164615
"mixed_signs","global_ray",2154,-0.11453381
"mixed_signs","global_ray",2158,-0.28388286
"mixed_signs","global_ray",2162,-0.060918644
"mixed_signs","global_ray",2166,-0.041243693
"mixed_signs","global_ray",2170,-0.23247013
"mixed_signs","global_ray",2174,-0.097408766
"mixed_signs","global_ray",2178,-0.093900774
"mixed_signs","global_ray",2182,-0.11528159
"mixed_signs","global_ray",2186,-0.11943838
"mixed_signs","global_ray",2190,-0.02479821
"mixed_signs","global_ray",2194,-0.12888702
"mixed_signs","global_ray",2198,-0.17042441
"mixed_signs","global_ray",2202,-0.011336961
"mixed_signs","global_ray",2206,-0.18147328
"mixed_signs","global_ray",2210,-0.61716925
"mixed_signs","global_ray",2214,-0.20550752
"mixed_signs","global_ray",2218,-0.093275926
"mixed_signs","global_ray",2222,-0.5048618
"mixed_signs","global_ray",2226,-0.19908466
"mixed_signs","global_ray",2230,-0.30708912
"mixed_signs","global_ray",2234,-0.0035170851
"mixed_signs","global_ray",2238,-0.21254426
"mixed_signs","global_ray",2242,-0.47224886
"mixed_signs","global_ray",2246,-0.14471227
"mixed_signs","global_ray",2250,-0.17306031
"mixed_signs","global_ray",2254,-0.021718706
"mixed_signs","global_ray",2258,-0.15582898
"mixed_signs","global_ray",2262,-0.11990696
"mixed_signs","global_ray",2266,-0.35274314
"mixed_signs","global_ray",2270,-0.22410132
"mixed_signs","global_ray",2274,-0.11924157
"mixed_signs","global_ray",2278,-0.49470311
"mixed_signs","global_ray",2282,-0.3230405
"mixed_signs","global_ray",2286,-0.14866794
"mixed_signs","global_ray",2290,-0.36543554
"mixed_signs","global_ray",2294,-0.10191482
"mixed_signs","global_ray",2298,-0.20253736
"mixed_signs","global_ray",2302,-0.1886838
"mixed_signs","global_ray",2306,-0.61814749
"mixed_signs","global_ray",2310,-0.097630935
"mixed_signs","global_ray",2314,-0.02419024
"mixed_signs","global_ray",2318,-0.13864466
"mixed_signs","global_ray",2322,-0.42802803
"mixed_signs","global_ray",2326,-0.25151488
"mixed_signs","global_ray",2330,-0.072598478
"mixed_signs","global_ray",2334,-0.3492044
"mixed_signs","global_ray",2338,-0.18170383
"mixed_signs","global_ray",2342,-0.60198559
"mixed_signs","global_ray",2346,-0.41845698
"mixed_signs","global_ray",2350,-0.23533963
"mixed_signs","global_ray",2354,-0.30026164
"mixed_signs","global_ray",2358,-0.18318079
"mixed_signs","global_ray",2362,-0.039806739
"mixed_signs","global_ray",2366,-0.46018754
"mixed_signs","global_ray",2370,-0.47495045
"mixed_signs","global_ray",2374,-0.2453863
"mixed_signs","global_ray",2378,-0.53079963
"mixed_signs","global_ray",2382,-0.46444302
"mixed_signs","global_ray",2386,-0.16659411
"mixed_signs","global_ray",2390,-0.34735808
"mixed_signs","global_ray",2394,-0.42308068
"mixed_signs","global_ray",2398,-0.21754708
"mixed_signs","global_ray",2402,-0.18561723
"mixed_signs","global_ray",2406,-0.10541837
"mixed_signs","global_ray",2410,-0.04416918
"mixed_signs","global_ray",2414,-0.25374513
"mixed_signs","global_ray",2418,-0.24859651
"mixed_signs","global_ray",2422,-0.37344541
"mixed_signs","global_ray",2426,-0.30637322
"mixed_signs","global_ray",2430,-0.46868842
"mixed_signs","global_ray",2434,-0.040328813
"mixed_signs","global_ray",2438,-0.32642409
"mixed_signs","global_ray",2442,-0.13701202
"mixed_signs","global_ray",2446,-0.16911578
"mixed_signs","global_ray",2450,-0.003381568
"mixed_signs","global_ray",2454,-0.090651771
"mixed_signs","global_ray",2458,-0.15854113
"mixed_signs","global_ray",2462,-0.0992541
"mixed_signs","global_ray",2466,-0.51278877
"mixed_signs","global_ray",2470,-0.41364898
"mixed_signs","global_ray",2474,-0.22793385
"mixed_signs","global_ray",2478,-0.072819355
"mixed_signs","global_ray",2482,-0.11528065
"mixed_signs","global_ray",2486,-0.058392251
"mixed_signs","global_ray",2490,-0.12378219
"mixed_signs","global_ray",2494,-0.22992162
"mixed_signs","global_ray",2498,-0.24041189
"mixed_signs","global_ray",2502,-0.31039386
"mixed_signs","global_ray",2506,-0.72304898
"mixed_signs","global_ray",2510,-0.22455301
"mixed_signs","global_ray",2514,-0.10180262
"mixed_signs","global_ray",2518,-0.13880303
"mixed_signs","global_ray",2522,-0.056253586
"mixed_signs","global_ray",2526,-0.7969091
"mixed_signs","global_ray",2530,-0.53404359
"mixed_signs","global_ray",2534,-0.023711248
"mixed_signs","global_ray",2538,-0.39762932
"mixed_signs","global_ray",2542,-0.15139076
"mixed_signs","global_ray",2546,-0.35212276
"mixed_signs","global_ray",2550,-0.58355986
"mixed_signs","global_ray",2554,-0.75864128
"mixed_signs","global_ray",2558,-0.46899013
"mixed_signs","global_ray",2562,-0.33553346
"mixed_signs","global_ray",2566,-0.023102403
"mixed_signs","global_ray",2570,-0.17227907
"mixed_signs","global_ray",2574,-0.32927539
"mixed_signs","global_ray",2578,-0.5641838
"mixed_signs","global_ray",2582,-0.063509289
"mixed_signs","global_ray",2586,-0.36829702
"mixed_signs","global_ray",2590,-0.056663064
"mixed_signs","global_ray",2594,-0.19171333
"mixed_signs","global_ray",2598,-0.21203807
"mixed_signs","global_ray",2602,-0.65509104
"mixed_signs","global_ray",2606,-0.28621292
"mixed_signs","global_ray",2610,-0.043241874
"mixed_signs","global_ray",2614,-0.24869586
"mixed_signs","global_ray",2618,-0.10341985
"mixed_signs","global_ray",2622,-0.027907358
"mixed_signs","global_ray",2626,-0.17342297
"mixed_signs","global_ray",2630,-0.26868962
"mixed_signs","global_ray",2634,-0.27920364
"mixed_signs","global_ray",2638,-0.13226766
"mixed_signs","global_ray",2642,-0.54943805
"mixed_signs","global_ray",2646,-0.2601996
"mixed_signs","global_ray",2650,-0.34755742
"mixed_signs","global_ray",2654,-0.074085283
"mixed_signs","global_ray",2658,-0.21596176
"mixed_signs","global_ray",2662,-0.49256708
"mixed_signs","global_ray",2666,-0.26240282
"mixed_signs","global_ray",2670,-0.04320205
"mixed_signs","global_ray",2674,-0.17864253
"mixed_signs","global_ray",2678,-0.032874403
"mixed_signs","global_ray",2682,-0.14467975
"mixed_signs","global_ray",2686,-0.077660818
"mixed_signs","global_ray",2690,-0.22366365
"mixed_signs","global_ray",2694,-0.03936829
"mixed_signs","global_ray",2698,-0.28574958
"mixed_signs","global_ray",2702,-0.10204882
"mixed_signs","global_ray",2706,-0.2385733
"mixed_signs","global_ray",2710,-0.28573194
"mixed_signs","global_ray",2714,-0.47833565
"mixed_signs","global_ray",2718,-0.38786769
"mixed_signs","global_ray",2722,-0.38473003
"mixed_signs","global_ray",2726,-0.17703093
"mixed_signs","global_ray",2730,-0.71388872
"mixed_signs","global_ray",2734,-0.42227857
"mixed_signs","global_ray",2738,-0.11150564
"mixed_signs","global_ray",2742,-0.014388737
"mixed_signs","global_ray",2746,-0.19029847
"mixed_signs","global_ray",2750,-0.091407429
"mixed_signs","global_ray",2754,-0.21565156
"mixed_signs","global_ray",2758,-0.16702908
"mixed_signs","global_ray",2762,-0.020248307
"mixed_signs","global_ray",2766,-0.12283731
"mixed_signs","global_ray",2770,-0.002379059
"mixed_signs","global_ray",2774,-0.057615591
"mixed_signs","global_ray",2778,-0.050370084
"mixed_signs","global_ray",2782,-0.12834736
"mixed_signs","global_ray",2786,-0.14938454
"mixed_signs","global_ray",2790,-0.21582775
"mixed_signs","global_ray",2794,-0.17062907
"mixed_signs","global_ray",2798,-0.16401117
"mixed_signs","global_ray",2802,-0.22718214
"mixed_signs","global_ray",2806,-0.0201414
"mixed_signs","global_ray",2810,-0.037878847
"mixed_signs","global_ray",2814,-0.1770308
"mixed_signs","global_ray",2818,-0.13187342
"mixed_signs","global_ray",2822,-0.26994734
"mixed_signs","global_ray",2826,-0.42198844
"mixed_signs","global_ray",2830,-0.13468349
"mixed_signs","global_ray",2834,-0.028255539
"mixed_signs","global_ray",2838,-0.28779735
"mixed_signs","global_ray",2842,-0.26383479
"mixed_signs","global_ray",2846,-0.27317692
"mixed_signs","global_ray",2850,-0.47269414
"mixed_signs","global_ray",2854,-0.23557587
"mixed_signs","global_ray",2858,-0.26717569
"mixed_signs","global_ray",2862,-0.069357253
"mixed_signs","global_ray",2866,-0.095049434
"mixed_signs","global_ray",2870,-0.11837972
"mixed_signs","global_ray",2874,-0.37520183
"mixed_signs","global_ray",2878,-0.2853722
"mixed_signs","global_ray",2882,-0.17179826
"mixed_signs","global_ray",2886,-0.19847683
"mixed_signs","global_ray",2890,-0.052486546
"mixed_signs","global_ray",2894,-0.058892467
"mixed_signs","global_ray",2898,-0.087841746
"mixed_signs","global_ray",2902,-0.017559916
"mixed_signs","global_ray",2906,-0.026676925
"mixed_signs","global_ray",2910,-0.15690205
"mixed_signs","global_ray",2914,-0.32313224
"mixed_signs","global_ray",2918,-0.11696375
"mixed_signs","global_ray",2922,-0.1928233
"mixed_signs","global_ray",2926,-0.22818239
"mixed_signs","global_ray",2930,-0.11371156
"mixed_signs","global_ray",2934,-0.16318929
"mixed_signs","global_ray",2938,-0.19349604
"mixed_signs","global_ray",2942,-0.27527495
"mixed_signs","global_ray",2946,-0.34304609
"mixed_signs","global_ray",2950,-0.21486434
"mixed_signs","global_ray",2954,-0.45300128
"mixed_signs","global_ray",2958,-0.36728406
"mixed_signs","global_ray",2962,-0.028685759
"mixed_signs","global_ray",2966,-0.24075163
"mixed_signs","global_ray",2970,-0.2329437
"mixed_signs","global_ray",2974,-0.42314983
"mixed_signs","global_ray",2978,-0.030626118
"mixed_signs","global_ray",2982,-0.18826166
"mixed_signs","global_ray",2986,-0.231637
"mixed_signs","global_ray",2990,-0.055833453
"mixed_signs","global_ray",2994,-0.16964609
"mixed_signs","global_ray",2998,-0.26617767
"mixed_signs","global_ray",3003,-0.73433525
"mixed_signs","global_ray",3007,-0.27022225
"mixed_signs","global_ray",3011,-0.60577749
"mixed_signs","global_ray",3015,-0.41748391
"mixed_signs","global_ray",3019,-0.25801293
"mixed_signs","global_ray",3023,-0.52926998
"mixed_signs","global_ray",3027,-0.012761443
"mixed_signs","global_ray",3031,-0.18554296
"mixed_signs","global_ray",3035,-0.04193422
"mixed_signs","global_ray",3039,-0.31163542
"mixed_signs","global_ray",3043,-0.070165968
"mixed_signs","global_ray",3047,-0.082509919
"mixed_signs","global_ray",3051,-0.30230851
"mixed_signs","global_ray",3055,-0.17147194
"mixed_signs","global_ray",3059,-0.22936932
"mixed_signs","global_ray",3063,-0.29207127
"mixed_signs","global_ray",3067,-0.27260489
"mixed_signs","global_ray",3071,-0.41142636
"mixed_signs","global_ray",3075,-0.0016097732
"mixed_signs","global_ray",3079,-0.040923959
"mixed_signs","global_ray",3083,-0.12634686
"mixed_signs","global_ray",3087,-0.067585029
"mixed_signs","global_ray",3091,-0.60641233
"mixed_signs","global_ray",3095,-0.38330501
"mixed_signs","global_ray",3099,-0.19704238
"mixed_signs","global_ray",3103,-0.35978313
"mixed_signs","global_ray",3107,-0.039306881
"mixed_signs","global_ray",3111,-0.29180597
"mixed_signs","global_ray",3115,-0.18621702
"mixed_signs","global_ray",3119,-0.15468816
"mixed_signs","global_ray",3123,-0.18445099
"mixed_signs","global_ray",3127,-0.11636765
"mixed_signs","global_ray",3131,-0.0033624562
"mixed_signs","global_ray",3135,-0.17027208
"mixed_signs","global_ray",3139,-0.026965545
"mixed_signs","global_ray",3143,-0.69643537
"mixed_signs","global_ray",3147,-0.28753859
"mixed_signs","global_ray",3151,-0.72179173
"mixed_signs","global_ray",3155,-0.43804853
"mixed_signs","global_ray",3159,-0.032162048
"mixed_signs","global_ray",3163,-0.41248048
"mixed_signs","global_ray",3167,-0.1482245
"mixed_signs","global_ray",3171,-0.071829262
"mixed_signs","global_ray",3175,-0.069718995
"mixed_signs","global_ray",3179,-0.47724353
"mixed_signs","global_ray",3183,-0.16870413
"mixed_signs","global_ray",3187,-0.47369318
"mixed_signs","global_ray",3191,-0.31462531
"mixed_signs","global_ray",3195,-0.1492155
"mixed_signs","global_ray",3199,-0.40323131
"mixed_signs","global_ray",3203,-0.21644951
"mixed_signs","global_ray",3207,-0.18530711
"mixed_signs","global_ray",3211,-0.41089698
"mixed_signs","global_ray",3215,-0.20074186
"mixed_signs","global_ray",3219,-0.11556148
"mixed_signs","global_ray",3223,-0.043328648
"mixed_signs","global_ray",3227,-0.18815486
"mixed_signs","global_ray",3231,-0.05095688
"mixed_signs","global_ray",3235,-0.0053502202
"mixed_signs","global_ray",3239,-0.15776428
"mixed_signs","global_ray",3243,-0.14871327
"mixed_signs","global_ray",3247,-0.12904539
"mixed_signs","global_ray",3251,-0.2723592
"mixed_signs","global_ray",3255,-0.30137944
"mixed_signs","global_ray",3259,-0.084806057
"mixed_signs","global_ray",3263,-0.2864948
"mixed_signs","global_ray",3267,-0.3245418
"mixed_signs","global_ray",3271,-0.22454601
"mixed_signs","global_ray",3275,-0.17038949
"mixed_signs","global_ray",3279,-0.36367553
"mixed_signs","global_ray",3283,-0.20097572
"mixed_signs","global_ray",3287,-0.040416233
"mixed_signs","global_ray",3291,-0.87851465
"mixed_signs","global_ray",3295,-0.34357082
"mixed_signs","global_ray",3299,-0.076532944
"mixed_signs","global_ray",3303,-0.26794544
"mixed_signs","global_ray",3307,-0.11539559
"mixed_signs","global_ray",3311,-0.385156
"mixed_signs","global_ray",3315,-0.64146927
"mixed_signs","global_ray",3319,-0.18405707
"mixed_signs","global_ray",3323,-0.034251299
"mixed_signs","global_ray",3327,-0.1101516
"mixed_signs","global_ray",3331,-0.56918831
"mixed_signs","global_ray",3335,-0.62011223
"mixed_signs","global_ray",3339,-0.25230246
"mixed_signs","global_ray",3343,-0.20251049
"mixed_signs","global_ray",3347,-0.10753363
"mixed_signs","global_ray",3351,-0.0088105491
"mixed_signs","global_ray",3355,-0.042841216
"mixed_signs","global_ray",3359,-0.077502702
"mixed_signs","global_ray",3363,-0.45297103
"mixed_signs","global_ray",3367,-0.60186178
"mixed_signs","global_ray",3371,-0.22529196
"mixed_signs","global_ray",3375,-0.1101232
"mixed_signs","global_ray",3379,-0.085217698
"mixed_signs","global_ray",3383,-0.57814739
"mixed_signs","global_ray",3387,-0.40957153
"mixed_signs","global_ray",3391,-0.28581097
"mixed_signs","global_ray",3395,-0.0081884975
"mixed_signs","global_ray",3399,-0.40330186
"mixed_signs","global_ray",3403,-0.24061455
"mixed_signs","global_ray",3407,-0.032909943
"mixed_signs","global_ray",3411,-0.053699497
"mixed_signs","global_ray",3415,-0.5668932
"mixed_signs","global_ray",3419,-0.045141354
"mixed_signs","global_ray",3423,-0.22775835
"mixed_signs","global_ray",3427,-0.17107265
"mixed_signs","global_ray",3431,-0.3585762
"mixed_signs","global_ray",3435,-0.027684159
"mixed_signs","global_ray",3439,-0.25942243
"mixed_signs","global_ray",3443,-0.18317778
"mixed_signs","global_ray",3447,-0.054705643
"mixed_signs","global_ray",3451,-0.16815295
"mixed_signs","global_ray",3455,-0.09980033
"mixed_signs","global_ray",3459,-0.027501776
"mixed_signs","global_ray",3463,-0.20214215
"mixed_signs","global_ray",3467,-0.0090327788
"mixed_signs","global_ray",3471,-0.12257117
"mixed_signs","global_ray",3475,-0.57552891
"mixed_signs","global_ray",3479,-0.50626244
"mixed_signs","global_ray",3483,-0.21019484
"mixed_signs","global_ray",3487,-0.23004327
"mixed_signs","global_ray",3491,-0.45236571
"mixed_signs","global_ray",3495,-0.49641389
"mixed_signs","global_ray",3499,-0.14752827
"mixed_signs","global_ray",3503,-0.1646815
"mixed_signs","global_ray",3507,-0.35316802
"mixed_signs","global_ray",3511,-0.2938886
"mixed_signs","global_ray",3515,-0.12367004
"mixed_signs","global_ray",3519,-0.4850854
"mixed_signs","global_ray",3523,-0.098716027
"mixed_signs","global_ray",3527,-0.16352035
"mixed_signs","global_ray",3531,-0.31874161
"mixed_signs","global_ray",3535,-0.23823382
"mixed_signs","global_ray",3539,-0.10993429
"mixed_signs","global_ray",3543,-0.01811511
"mixed_signs","global_ray",3547,-0.47644386
"mixed_signs","global_ray",3551,-0.018253565
"mixed_signs","global_ray",3555,-0.048546749
"mixed_signs","global_ray",3559,-0.16802037
"mixed_signs","global_ray",3563,-0.3910298
"mixed_signs","global_ray",3567,-0.26715697
"mixed_signs","global_ray",3571,-0.21574265
"mixed_signs","global_ray",3575,-0.12176322
"mixed_signs","global_ray",3579,-0.19508845
"mixed_signs","global_ray",3583,-0.13778999
"mixed_signs","global_ray",3587,-0.41982929
"mixed_signs","global_ray",3591,-0.57066432
"mixed_signs","global_ray",3595,-0.38032832
"mixed_signs","global_ray",3599,-0.49515634
"mixed_signs","global_ray",3603,-0.11047819
"mixed_signs","global_ray",3607,-0.13562627
"mixed_signs","global_ray",3611,-0.12350682
"mixed_signs","global_ray",3615,-0.37172768
"mixed_signs","global_ray",3619,-0.13405867
"mixed_signs","global_ray",3623,-0.1281292
"mixed_signs","global_ray",3627,-0.10278709
"mixed_signs","global_ray",3631,-0.075068154
"mixed_signs","global_ray",3635,-0.3295569
"mixed_signs","global_ray",3639,-0.25487188
"mixed_signs","global_ray",3643,-0.014055846
"mixed_signs","global_ray",3647,-0.22695646
"mixed_signs","global_ray",3651,-0.26087713
"mixed_signs","global_ray",3655,-0.30363633
"mixed_signs","global_ray",3659,-0.21867307
"mixed_signs","global_ray",3663,-0.51658199
"mixed_signs","global_ray",3667,-0.5285013
"mixed_signs","global_ray",3671,-0.21498007
"mixed_signs","global_ray",3675,-0.051576929
"mixed_signs","global_ray",3679,-0.32737776
"mixed_signs","global_ray",3683,-0.19944181
"mixed_signs","global_ray",3687,-0.18071365
"mixed_signs","global_ray",3691,-0.030721118
"mixed_signs","global_ray",3695,-0.15809752
"mixed_signs","global_ray",3699,-0.52314865
"mixed_signs","global_ray",3703,-0.3016661
"mixed_signs","global_ray",3707,-0.2328518
"mixed_signs","global_ray",3711,-0.020729072
"mixed_signs","global_ray",3715,-0.0022020697
"mixed_signs","global_ray",3719,-0.35154476
"mixed_signs","global_ray",3723,-0.23706611
"mixed_signs","global_ray",3727,-0.46996522
"mixed_signs","global_ray",3731,-0.64733887
"mixed_signs","global_ray",3735,-0.10765865
"mixed_signs","global_ray",3739,-0.32992089
"mixed_signs","global_ray",3743,-0.072126137
"mixed_signs","global_ray",3747,-0.33233892
"mixed_signs","global_ray",3751,-0.56678121
"mixed_signs","global_ray",3755,-0.42444071
"mixed_signs","global_ray",3759,-0.13163889
"mixed_signs","global_ray",3763,-0.18125237
"mixed_signs","global_ray",3767,-0.077703062
"mixed_signs","global_ray",3771,-0.40895399
"mixed_signs","global_ray",3775,-0.17110747
"mixed_signs","global_ray",3779,-0.21138476
"mixed_signs","global_ray",3783,-0.10570538
"mixed_signs","global_ray",3787,-0.21243708
"mixed_signs","global_ray",3791,-0.079860011
"mixed_signs","global_ray",3795,-0.30710415
"mixed_signs","global_ray",3799,-0.22797363
"mixed_signs","global_ray",3803,-0.19264529
"mixed_signs","global_ray",3807,-0.51842986
"mixed_signs","global_ray",3811,-0.25753238
"mixed_signs","global_ray",3815,-0.10991991
"mixed_signs","global_ray",3819,-0.4507871
"mixed_signs","global_ray",3823,-0.65604698
"mixed_signs","global_ray",3827,-0.20544087
"mixed_signs","global_ray",3831,-0.12556853
"mixed_signs","global_ray",3835,-0.12966705
"mixed_signs","global_ray",3839,-0.018779449
"mixed_signs","global_ray",3843,-0.67175486
"mixed_signs","global_ray",3847,-0.47183245
"mixed_signs","global_ray",3851,-0.30559346
"mixed_signs","global_ray",3855,-0.037341897
"mixed_signs","global_ray",3859,-0.22134474
"mixed_signs","global_ray",3863,-0.12318939
"mixed_signs","global_ray",3867,-0.1752482
"mixed_signs","global_ray",3871,-0.3148814
"mixed_signs","global_ray",3875,-0.048246784
"mixed_signs","global_ray",3879,-0.10961092
"mixed_signs","global_ray",3883,-0.057799142
"mixed_signs","global_ray",3887,-0.3074971
"mixed_signs","global_ray",3891,-0.51853723
"mixed_signs","global_ray",3895,-0.068938334
"mixed_signs","global_ray",3899,-0.34920853
"mixed_signs","global_ray",3903,-0.098332674
"mixed_signs","global_ray",3907,-0.12540763
"mixed_signs","global_ray",3911,-0.15421435
"mixed_signs","global_ray",3915,-0.044082981
"mixed_signs","global_ray",3919,-0.17077184
"mixed_signs","global_ray",3923,-0.17237697
"mixed_signs","global_ray",3927,-0.02175823
"mixed_signs","global_ray",3931,-0.040063609
"mixed_signs","global_ray",3935,-0.15529486
"mixed_signs","global_ray",3939,-0.088620723
"mixed_signs","global_ray",3943,-0.32912303
"mixed_signs","global_ray",3947,-0.052957452
"mixed_signs","global_ray",3951,-0.072668077
"mixed_signs","global_ray",3955,-0.37301489
"mixed_signs","global_ray",3959,-0.25821479
"mixed_signs","global_ray",3963,-0.020923932
"mixed_signs","global_ray",3967,-0.038382492
"mixed_signs","global_ray",3971,-0.43978204
"mixed_signs","global_ray",3975,-0.25793195
"mixed_signs","global_ray",3979,-0.36045133
"mixed_signs","global_ray",3983,-0.21854765
"mixed_signs","global_ray",3987,-0.049256829
"mixed_signs","global_ray",3991,-0.6491831
"mixed_signs","global_ray",3995,-0.53937721
"mixed_signs","global_ray",3999,-0.46922484
"mixed_signs","global_ray",4003,-0.40291762
"mixed_signs","global_ray",4007,-0.00054411831
"mixed_signs","global_ray",4011,-0.16026955
"mixed_signs","global_ray",4015,-0.25732937
"mixed_signs","global_ray",4019,-0.26288301
"mixed_signs","global_ray",4023,-0.016446467
"mixed_signs","global_ray",4027,-0.099180059
"mixed_signs","global_ray",4031,-0.70711101
"mixed_signs","global_ray",4035,-0.41251314
"mixed_signs","global_ray",4039,-0.065026624
"mixed_signs","global_ray",4043,-0.25004985
"mixed_signs","global_ray",4047,-0.52742575
"mixed_signs","global_ray",4051,-0.12262089
"mixed_signs","global_ray",4055,-0.18696694
"mixed_signs","global_ray",4059,-0.25979522
"mixed_signs","global_ray",4063,-0.39287063
"mixed_signs","global_ray",4067,-0.055276859
"mixed_signs","global_ray",4071,-0.65522682
"mixed_signs","global_ray",4075,-0.33216513
"mixed_signs","global_ray",4079,-0.016153374
"mixed_signs","global_ray",4083,-0.054530583
"mixed_signs","global_ray",4087,-0.070305843
"mixed_signs","global_ray",4091,-0.7165314
"mixed_signs","global_ray",4095,-0.076280362
"mixed_signs","global_ray",4099,-0.4919478
"mixed_signs","global_ray",4103,-0.13955791
"mixed_signs","global_ray",4107,-0.57060658
"mixed_signs","global_ray",4111,-0.069824511
"mixed_signs","global_ray",4115,-0.16042058
"mixed_signs","global_ray",4119,-0.42387797
"mixed_signs","global_ray",4123,-0.35284368
"mixed_signs","global_ray",4127,-0.48718817
"mixed_signs","global_ray",4131,-0.28434221
"mixed_signs","global_ray",4135,-0.099785858
"mixed_signs","global_ray",4139,-0.071970456
"mixed_signs","global_ray",4143,-0.063250191
"mixed_signs","global_ray",4147,-0.11507296
"mixed_signs","global_ray",4151,-0.039968527
"mixed_signs","global_ray",4155,-0.1454623
"mixed_signs","global_ray",4159,-0.34336693
"mixed_signs","global_ray",4163,-0.19226851
"mixed_signs","global_ray",4167,-0.4590289
"mixed_signs","global_ray",4171,-0.48038576
"mixed_signs","global_ray",4175,-0.15337832
"mixed_signs","global_ray",4179,-0.083545444
"mixed_signs","global_ray",4183,-0.14168078
"mixed_signs","global_ray",4187,-0.20508655
"mixed_signs","global_ray",4191,-0.40338775
"mixed_signs","global_ray",4195,-0.0048494539
"mixed_signs","global_ray",4199,-0.01587849
"mixed_signs","global_ray",4203,-0.26950652
"mixed_signs","global_ray",4207,-0.44297159
"mixed_signs","global_ray",4211,-0.38973506
"mixed_signs","global_ray",4215,-0.28251848
"mixed_signs","global_ray",4219,-0.15068017
"mixed_signs","global_ray",4223,-0.3737383
"mixed_signs","global_ray",4227,-0.40540403
"mixed_signs","global_ray",4231,-0.33480941
"mixed_signs","global_ray",4235,-0.092894256
"mixed_signs","global_ray",4239,-0.80234764
"mixed_signs","global_ray",4243,-0.092729637
"mixed_signs","global_ray",4247,-0.55691118
"mixed_signs","global_ray",4251,-0.30494294
"mixed_signs","global_ray",4255,-0.20919109
"mixed_signs","global_ray",4259,-0.32550771
"mixed_signs","global_ray",4263,-0.15027347
"mixed_signs","global_ray",4267,-0.37767925
"mixed_signs","global_ray",4271,-0.4822658
"mixed_signs","global_ray",4275,-0.18162912
"mixed_signs","global_ray",4279,-0.15618821
"mixed_signs","global_ray",4283,-0.02269434
"mixed_signs","global_ray",4287,-0.10103475
"mixed_signs","global_ray",4291,-0.17629677
"mixed_signs","global_ray",4295,-0.21007945
"mixed_signs","global_ray",4299,-0.39445633
"mixed_signs","global_ray",4303,-0.38096542
"mixed_signs","global_ray",4307,-0.18157387
"mixed_signs","global_ray",4311,-0.5718877
"mixed_signs","global_ray",4315,-0.52667389
"mixed_signs","global_ray",4319,-0.42469286
"mixed_signs","global_ray",4323,-0.2060582
"mixed_signs","global_ray",4327,-0.11995618
"mixed_signs","global_ray",4331,-0.30108189
"mixed_signs","global_ray",4335,-0.068670188
"mixed_signs","global_ray",4339,-0.099276364
"mixed_signs","global_ray",4343,-0.44253163
"mixed_signs","global_ray",4347,-0.21155534
"mixed_signs","global_ray",4351,-0.027742689
"mixed_signs","global_ray",4355,-0.2081566
"mixed_signs","global_ray",4359,-0.18123176
"mixed_signs","global_ray",4363,-0.094398035
"mixed_signs","global_ray",4367,-0.097173344
"mixed_signs","global_ray",4371,-0.044187997
"mixed_signs","global_ray",4375,-0.24558132
"mixed_signs","global_ray",4379,-0.15122728
"mixed_signs","global_ray",4383,-0.3022458
"mixed_signs","global_ray",4387,-0.0062785229
"mixed_signs","global_ray",4391,-0.10216498
"mixed_signs","global_ray",4395,-0.16879273
"mixed_signs","global_ray",4399,-0.26341881
"mixed_signs","global_ray",4403,-0.22647539
"mixed_signs","global_ray",4407,-0.053446472
"mixed_signs","global_ray",4411,-0.43299814
"mixed_signs","global_ray",4415,-0.023885394
"mixed_signs","global_ray",4419,-0.23353854
"mixed_signs","global_ray",4423,-0.016357734
"mixed_signs","global_ray",4427,-0.028327806
"mixed_signs","global_ray",4431,-0.27488374
"mixed_signs","global_ray",4435,-0.065434321
"mixed_signs","global_ray",4439,-0.13122366
"mixed_signs","global_ray",4443,-0.42036966
"mixed_signs","global_ray",4447,-0.035818545
"mixed_signs","global_ray",4451,-0.0013550295
"mixed_signs","global_ray",4455,-0.3209215
"mixed_signs","global_ray",4459,-0.20191066
"mixed_signs","global_ray",4463,-0.33506004
"mixed_signs","global_ray",4467,-0.42433663
"mixed_signs","global_ray",4471,-0.30998971
"mixed_signs","global_ray",4475,-0.61915576
"mixed_signs","global_ray",4479,-0.18390323
"mixed_signs","global_ray",4483,-0.094648826
"mixed_signs","global_ray",4487,-0.068223252
"mixed_signs","global_ray",4491,-0.048661904
"mixed_signs","global_ray",4495,-0.2129312
"mixed_signs","global_ray",4499,-0.34247815
"mixed_signs","global_ray",4503,-0.32900677
"mixed_signs","global_ray",4507,-0.19404098
"mixed_signs","global_ray",4511,-0.25184435
"mixed_signs","global_ray",4515,-0.24843781
"mixed_signs","global_ray",4519,-0.1375903
"mixed_signs","global_ray",4523,-0.50590916
"mixed_signs","global_ray",4527,-0.3923706
"mixed_signs","global_ray",4531,-0.070882112
"mixed_signs","global_ray",4535,-0.21540351
"mixed_signs","global_ray",4539,-0.088623674
"mixed_signs","global_ray",4543,-0.22411549
"mixed_signs","global_ray",4547,-0.23081071
"mixed_signs","global_ray",4551,-0.18329025
"mixed_signs","global_ray",4555,-0.7271681
"mixed_signs","global_ray",4559,-0.0007177072
"mixed_signs","global_ray",4563,-0.3462949
"mixed_signs","global_ray",4567,-0.15875715
"mixed_signs","global_ray",4571,-0.063429278
"mixed_signs","global_ray",4575,-0.10354402
"mixed_signs","global_ray",4579,-0.20978062
"mixed_signs","global_ray",4583,-0.50355263
"mixed_signs","global_ray",4587,-0.25997196
"mixed_signs","global_ray",4591,-0.12947459
"mixed_signs","global_ray",4595,-0.088299404
"mixed_signs","global_ray",4599,-0.16603522
"mixed_signs","global_ray",4603,-0.1477699
"mixed_signs","global_ray",4607,-0.29564583
"mixed_signs","global_ray",4611,-0.028813958
"mixed_signs","global_ray",4615,-0.048185918
"mixed_signs","global_ray",4619,-0.35671629
"mixed_signs","global_ray",4623,-0.36079427
"mixed_signs","global_ray",4627,-0.15579712
"mixed_signs","global_ray",4631,-0.23548976
"mixed_signs","global_ray",4635,-0.31138999
"mixed_signs","global_ray",4639,-0.33815033
"mixed_signs","global_ray",4643,-0.43487254
"mixed_signs","global_ray",4647,-0.29209455
"mixed_signs","global_ray",4651,-0.53679304
"mixed_signs","global_ray",4655,-0.41605391
"mixed_signs","global_ray",4659,-0.27752394
"mixed_signs","global_ray",4663,-0.0079976119
"mixed_signs","global_ray",4667,-0.059531266
"mixed_signs","global_ray",4671,-0.087425509
"mixed_signs","global_ray",4675,-0.30928176
"mixed_signs","global_ray",4679,-0.10274584
"mixed_signs","global_ray",4683,-0.031196203
"mixed_signs","global_ray",4687,-0.1745524
"mixed_signs","global_ray",4691,-0.16100843
"mixed_signs","global_ray",4695,-0.35423632
"mixed_signs","global_ray",4699,-0.23195537
"mixed_signs","global_ray",4703,-0.038331391
"mixed_signs","global_ray",4707,-0.054671298
"mixed_signs","global_ray",4711,-0.010283022
"mixed_signs","global_ray",4715,-0.49691229
"mixed_signs","global_ray",4719,-0.099064596
"mixed_signs","global_ray",4723,-0.55776887
"mixed_signs","global_ray",4727,-0.26749981
"mixed_signs","global_ray",4731,-0.26956021
"mixed_signs","global_ray",4735,-0.45422613
"mixed_signs","global_ray",4739,-0.38292396
"mixed_signs","global_ray",4743,-0.014526158
"mixed_signs","global_ray",4747,-0.22772504
"mixed_signs","global_ray",4751,-0.16912914
"mixed_signs","global_ray",4755,-0.050448114
"mixed_signs","global_ray",4759,-0.075695169
"mixed_signs","global_ray",4763,-0.096207156
"mixed_signs","global_ray",4767,-0.5730083
"mixed_signs","global_ray",4771,-0.31053892
"mixed_signs","global_ray",4775,-0.107331
"mixed_signs","global_ray",4779,-0.035311505
"mixed_signs","global_ray",4783,-0.1686729
"mixed_signs","global_ray",4787,-0.25597779
"mixed_signs","global_ray",4791,-0.22266296
"mixed_signs","global_ray",4795,-0.010096217
"mixed_signs","global_ray",4799,-0.58419784
"mixed_signs","global_ray",4803,-0.019486279
"mixed_signs","global_ray",4807,-0.45823379
"mixed_signs","global_ray",4811,-0.075396856
"mixed_signs","global_ray",4815,-0.23975847
"mixed_signs","global_ray",4819,-0.17665305
"mixed_signs","global_ray",4823,-0.35149475
"mixed_signs","global_ray",4827,-0.2660343
"mixed_signs","global_ray",4831,-0.56070535
"mixed_signs","global_ray",4835,-0.33331242
"mixed_signs","global_ray",4839,-0.40691896
"mixed_signs","global_ray",4843,-0.2021342
"mixed_signs","global_ray",4847,-0.0040023007
"mixed_signs","global_ray",4851,-0.18180713
"mixed_signs","global_ray",4855,-0.04478889
"mixed_signs","global_ray",4859,-0.17879219
"mixed_signs","global_ray",4863,-0.087240041
"mixed_signs","global_ray",4867,-0.19607206
"mixed_signs","global_ray",4871,-0.44118557
"mixed_signs","global_ray",4875,-0.38089037
"mixed_signs","global_ray",4879,-0.14394538
"mixed_signs","global_ray",4883,-0.050786885
"mixed_signs","global_ray",4887,-0.10711491
"mixed_signs","global_ray",4891,-0.21835492
"mixed_signs","global_ray",4895,-0.029082157
"mixed_signs","global_ray",4899,-0.084585879
"mixed_signs","global_ray",4903,-0.21654161
"mixed_signs","global_ray",4907,-0.25615388
"mixed_signs","global_ray",4911,-0.21433938
"mixed_signs","global_ray",4915,-0.21348815
"mixed_signs","global_ray",4919,-0.24759185
"mixed_signs","global_ray",4923,-0.29330959
"mixed_signs","global_ray",4927,-0.30813497
"mixed_signs","global_ray",4931,-0.072784931
"mixed_signs","global_ray",4935,-0.33701516
"mixed_signs","global_ray",4939,-0.065541068
"mixed_signs","global_ray",4943,-0.40552302
"mixed_signs","global_ray",4947,-0.27349601
"mixed_signs","global_ray",4951,-0.42155521
"mixed_signs","global_ray",4955,-0.30921433
"mixed_signs","global_ray",4959,-0.39810051
"mixed_signs","global_ray",4963,-0.61820335
"mixed_signs","global_ray",4967,-0.3627148
"mixed_signs","global_ray",4971,-0.091836486
"mixed_signs","global_ray",4975,-0.21241481
"mixed_signs","global_ray",4979,-0.057597571
"mixed_signs","global_ray",4983,-0.13632429
"mixed_signs","global_ray",4987,-0.24606703
"mixed_signs","global_ray",4991,-0.41224229
"mixed_signs","global_ray",4995,-0.1363828
"mixed_signs","global_ray",4999,-0.2270083
"mixed_signs","global_ray",5004,-0.35845114
"mixed_signs","global_ray",5008,-0.07977299
"mixed_signs","global_ray",5012,-0.11067547
"mixed_signs","global_ray",5016,-0.3830581
"mixed_signs","global_ray",5020,-0.22249594
"mixed_signs","global_ray",5024,-0.028886577
"mixed_signs","global_ray",5028,-0.30257595
"mixed_signs","global_ray",5032,-0.43915609
"mixed_signs","global_ray",5036,-0.25262137
"mixed_signs","global_ray",5040,-0.50033341
"mixed_signs","global_ray",5044,-0.65537485
"mixed_signs","global_ray",5048,-0.12338143
"mixed_signs","global_ray",5052,-0.18293768
"mixed_signs","global_ray",5056,-0.072697752
"mixed_signs","global_ray",5060,-0.12850517
"mixed_signs","global_ray",5064,-0.26539142
"mixed_signs","global_ray",5068,-0.045010673
"mixed_signs","global_ray",5072,-0.45657003
"mixed_signs","global_ray",5076,-0.44762267
"mixed_signs","global_ray",5080,-0.061095228
"mixed_signs","global_ray",5084,-0.097906476
"mixed_signs","global_ray",5088,-0.26043917
"mixed_signs","global_ray",5092,-0.081022321
"mixed_signs","global_ray",5096,-0.04313261
"mixed_signs","global_ray",5100,-0.28747962
"mixed_signs","global_ray",5104,-0.076832136
"mixed_signs","global_ray",5108,-0.41892513
"mixed_signs","global_ray",5112,-0.63126767
"mixed_signs","global_ray",5116,-0.72222096
"mixed_signs","global_ray",5120,-0.09856763
"mixed_signs","global_ray",5124,-0.35395092
"mixed_signs","global_ray",5128,-0.61204157
"mixed_signs","global_ray",5132,-0.11099569
"mixed_signs","global_ray",5136,-0.60847671
"mixed_signs","global_ray",5140,-0.13458742
"mixed_signs","global_ray",5144,-0.22899999
"mixed_signs","global_ray",5148,-0.47161544
"mixed_signs","global_ray",5152,-0.05949499
"mixed_signs","global_ray",5156,-0.22418876
"mixed_signs","global_ray",5160,-0.37210319
"mixed_signs","global_ray",5164,-0.66060879
"mixed_signs","global_ray",5168,-0.47931044
"mixed_signs","global_ray",5172,-0.040611165
"mixed_signs","global_ray",5176,-0.14932072
"mixed_signs","global_ray",5180,-0.41250716
"mixed_signs","global_ray",5184,-0.164134
"mixed_signs","global_ray",5188,-0.11146915
"mixed_signs","global_ray",5192,-0.71157147
"mixed_signs","global_ray",5196,-0.20203063
"mixed_signs","global_ray",5200,-0.12652489
"mixed_signs","global_ray",5204,-0.33260188
"mixed_signs","global_ray",5208,-0.17736314
"mixed_signs","global_ray",5212,-0.30494708
"mixed_signs","global_ray",5216,-0.071961147
"mixed_signs","global_ray",5220,-0.33714567
"mixed_signs","global_ray",5224,-0.18681367
"mixed_signs","global_ray",5228,-0.0019706073
"mixed_signs","global_ray",5232,-0.09417284
"mixed_signs","global_ray",5236,-0.044939158
"mixed_signs","global_ray",5240,-0.23319007
"mixed_signs","global_ray",5244,-0.40421667
"mixed_signs","global_ray",5248,-0.015221262
"mixed_signs","global_ray",5252,-0.10306352
"mixed_signs","global_ray",5256,-0.12156788
"mixed_signs","global_ray",5260,-0.073975021
"mixed_signs","global_ray",5264,-0.20957167
"mixed_signs","global_ray",5268,-0.10061359
"mixed_signs","global_ray",5272,-0.31911101
"mixed_signs","global_ray",5276,-0.14427183
"mixed_signs","global_ray",5280,-0.062620089
"mixed_signs","global_ray",5284,-0.013591943
"mixed_signs","global_ray",5288,-0.43661866
"mixed_signs","global_ray",5292,-0.36744147
"mixed_signs","global_ray",5296,-0.18276638
"mixed_signs","global_ray",5300,-0.3742836
"mixed_signs","global_ray",5304,-0.38206529
"mixed_signs","global_ray",5308,-0.31899768
"mixed_signs","global_ray",5312,-0.087515911
"mixed_signs","global_ray",5316,-0.04247052
"mixed_signs","global_ray",5320,-0.14845521
"mixed_signs","global_ray",5324,-0.49811277
"mixed_signs","global_ray",5328,-0.43913692
"mixed_signs","global_ray",5332,-0.21641729
"mixed_signs","global_ray",5336,-0.028507092
"mixed_signs","global_ray",5340,-0.19962132
"mixed_signs","global_ray",5344,-0.11757239
"mixed_signs","global_ray",5348,-0.29268095
"mixed_signs","global_ray",5352,-0.35254755
"mixed_signs","global_ray",5356,-0.16085453
"mixed_signs","global_ray",5360,-0.14423919
"mixed_signs","global_ray",5364,-0.16215151
"mixed_signs","global_ray",5368,-0.29439982
"mixed_signs","global_ray",5372,-0.088472667
"mixed_signs","global_ray",5376,-0.15102562
"mixed_signs","global_ray",5380,-0.094449593
"mixed_signs","global_ray",5384,-0.18003305
"mixed_signs","global_ray",5388,-0.23372213
"mixed_signs","global_ray",5392,-0.3760243
"mixed_signs","global_ray",5396,-0.17289324
"mixed_signs","global_ray",5400,-0.16650632
"mixed_signs","global_ray",5404,-0.3844336
"mixed_signs","global_ray",5408,-0.50457971
"mixed_signs","global_ray",5412,-0.19467299
"mixed_signs","global_ray",5416,-0.54426451
"mixed_signs","global_ray",5420,-0.35677779
"mixed_signs","global_ray",5424,-0.47430854
"mixed_signs","global_ray",5428,-0.081498306
"mixed_signs","global_ray",5432,-0.015365869
"mixed_signs","global_ray",5436,-0.12598538
"mixed_signs","global_ray",5440,-0.045171259
"mixed_signs","global_ray",5444,-0.61419923
"mixed_signs","global_ray",5448,-0.27496182
"mixed_signs","global_ray",5452,-0.34733043
"mixed_signs","global_ray",5456,-0.34176326
"mixed_signs","global_ray",5460,-0.098565637
"mixed_signs","global_ray",5464,-0.1575853
"mixed_signs","global_ray",5468,-0.32311631
"mixed_signs","global_ray",5472,-0.37402259
"mixed_signs","global_ray",5476,-0.19507475
"mixed_signs","global_ray",5480,-0.52976211
"mixed_signs","global_ray",5484,-0.2080487
"mixed_signs","global_ray",5488,-0.13548313
"mixed_signs","global_ray",5492,-0.07874123
"mixed_signs","global_ray",5496,-0.32211933
"mixed_signs","global_ray",5500,-0.010200406
"mixed_signs","global_ray",5504,-0.50074479
"mixed_signs","global_ray",5508,-0.27627249
"mixed_signs","global_ray",5512,-0.39468986
"mixed_signs","global_ray",5516,-0.21311964
"mixed_signs","global_ray",5520,-0.47625795
"mixed_signs","global_ray",5524,-0.12875653
"mixed_signs","global_ray",5528,-0.67955112
"mixed_signs","global_ray",5532,-0.50838507
"mixed_signs","global_ray",5536,-0.077701076
"mixed_signs","global_ray",5540,-0.21526586
"mixed_signs","global_ray",5544,-0.092363579
"mixed_signs","global_ray",5548,-0.18795638
"mixed_signs","global_ray",5552,-0.35920772
"mixed_signs","global_ray",5556,-0.4151826
"mixed_signs","global_ray",5560,-0.61481671
"mixed_signs","global_ray",5564,-0.57401271
"mixed_signs","global_ray",5568,-0.17754848
"mixed_signs","global_ray",5572,-0.068042808
"mixed_signs","global_ray",5576,-0.073585866
"mixed_signs","global_ray",5580,-0.063121409
"mixed_signs","global_ray",5584,-0.34099332
"mixed_signs","global_ray",5588,-0.011097188
"mixed_signs","global_ray",5592,-0.3781691
"mixed_signs","global_ray",5596,-0.1208477
"mixed_signs","global_ray",5600,-0.58334669
"mixed_signs","global_ray",5604,-0.0040859625
"mixed_signs","global_ray",5608,-0.048982963
"mixed_signs","global_ray",5612,-0.49548274
"mixed_signs","global_ray",5616,-0.068438245
"mixed_signs","global_ray",5620,-0.27387434
"mixed_signs","global_ray",5624,-0.32828813
"mixed_signs","global_ray",5628,-0.74649729
"mixed_signs","global_ray",5632,-0.45699806
"mixed_signs","global_ray",5636,-0.2852774
"mixed_signs","global_ray",5640,-0.24062919
"mixed_signs","global_ray",5644,-0.20302804
"mixed_signs","global_ray",5648,-0.068959192
"mixed_signs","global_ray",5652,-0.078896781
"mixed_signs","global_ray",5656,-0.38124879
"mixed_signs","global_ray",5660,-0.22143079
"mixed_signs","global_ray",5664,-0.21055502
"mixed_signs","global_ray",5668,-0.29233928
"mixed_signs","global_ray",5672,-0.38201595
"mixed_signs","global_ray",5676,-0.32425977
"mixed_signs","global_ray",5680,-0.3742024
"mixed_signs","global_ray",5684,-0.099345491
"mixed_signs","global_ray",5688,-0.11272389
"mixed_signs","global_ray",5692,-0.033120335
"mixed_signs","global_ray",5696,-0.14598819
"mixed_signs","global_ray",5700,-0.089083711
"mixed_signs","global_ray",5704,-0.011419149
"mixed_signs","global_ray",5708,-0.14715102
"mixed_signs","global_ray",5712,-0.23939545
"mixed_signs","global_ray",5716,-0.23244566
"mixed_signs","global_ray",5720,-0.47941491
"mixed_signs","global_ray",5724,-0.20019114
"mixed_signs","global_ray",5728,-0.25755222
"mixed_signs","global_ray",5732,-0.31566692
"mixed_signs","global_ray",5736,-0.05174556
"mixed_signs","global_ray",5740,-0.21117465
"mixed_signs","global_ray",5744,-0.076917718
"mixed_signs","global_ray",5748,-0.10402498
"mixed_signs","global_ray",5752,-0.01987123
"mixed_signs","global_ray",5756,-0.39625272
"mixed_signs","global_ray",5760,-0.49943298
"mixed_signs","global_ray",5764,-0.24959277
"mixed_signs","global_ray",5768,-0.16904374
"mixed_signs","global_ray",5772,-0.038693567
"mixed_signs","global_ray",5776,-0.19736984
"mixed_signs","global_ray",5780,-0.18137008
"mixed_signs","global_ray",5784,-0.328061
"mixed_signs","global_ray",5788,-0.055517372
"mixed_signs","global_ray",5792,-0.23093926
"mixed_signs","global_ray",5796,-0.080099933
"mixed_signs","global_ray",5800,-0.2581653
"mixed_signs","global_ray",5804,-0.12405474
"mixed_signs","global_ray",5808,-0.031750632
"mixed_signs","global_ray",5812,-0.032652332
"mixed_signs","global_ray",5816,-0.047049301
"mixed_signs","global_ray",5820,-0.16334563
"mixed_signs","global_ray",5824,-0.086083125
"mixed_signs","global_ray",5828,-0.14281673
"mixed_signs","global_ray",5832,-0.44350808
"mixed_signs","global_ray",5836,-0.34921508
"mixed_signs","global_ray",5840,-0.29873614
"mixed_signs","global_ray",5844,-0.24905625
"mixed_signs","global_ray",5848,-0.19397479
"mixed_signs","global_ray",5852,-0.16469002
"mixed_signs","global_ray",5856,-0.077543518
"mixed_signs","global_ray",5860,-0.31990294
"mixed_signs","global_ray",5864,-0.075987137
"mixed_signs","global_ray",5868,-0.25861635
"mixed_signs","global_ray",5872,-0.31758711
"mixed_signs","global_ray",5876,-0.36898815
"mixed_signs","global_ray",5880,-0.44299407
"mixed_signs","global_ray",5884,-0.10577672
"mixed_signs","global_ray",5888,-0.17747099
"mixed_signs","global_ray",5892,-0.42704215
"mixed_signs","global_ray",5896,-0.05657432
"mixed_signs","global_ray",5900,-0.16766201
"mixed_signs","global_ray",5904,-0.41601241
"mixed_signs","global_ray",5908,-0.33316825
"mixed_signs","global_ray",5912,-0.12664865
"mixed_signs","global_ray",5916,-0.029217401
"mixed_signs","global_ray",5920,-0.13689913
"mixed_signs","global_ray",5924,-0.11700866
"mixed_signs","global_ray",5928,-0.033552858
"mixed_signs","global_ray",5932,-0.090385444
"mixed_signs","global_ray",5936,-0.26203157
"mixed_signs","global_ray",5940,-0.027428225
"mixed_signs","global_ray",5944,-0.30171504
"mixed_signs","global_ray",5948,-0.19359513
"mixed_signs","global_ray",5952,-0.0081566018
"mixed_signs","global_ray",5956,-0.1151804
"mixed_signs","global_ray",5960,-0.18792589
"mixed_signs","global_ray",5964,-0.24762109
"mixed_signs","global_ray",5968,-0.14933833
"mixed_signs","global_ray",5972,-0.43686862
"mixed_signs","global_ray",5976,-0.31314649
"mixed_signs","global_ray",5980,-0.056581267
"mixed_signs","global_ray",5984,-0.40882279
"mixed_signs","global_ray",5988,-0.18737686
"mixed_signs","global_ray",5992,-0.26807587
"mixed_signs","global_ray",5996,-0.15384947
"mixed_signs","global_ray",6000,-0.61857099
"heterogeneous_box","direct_box",1,-0.025210863
"heterogeneous_box","direct_box",5,-0.048148688
"heterogeneous_box","direct_box",9,-0.00082902869
"heterogeneous_box","direct_box",13,0.026291752
"heterogeneous_box","direct_box",17,-0.015038154
"heterogeneous_box","direct_box",21,0.054923865
"heterogeneous_box","direct_box",25,-0.034408898
"heterogeneous_box","direct_box",29,-0.0019166605
"heterogeneous_box","direct_box",33,0.047516926
"heterogeneous_box","direct_box",37,0.014774107
"heterogeneous_box","direct_box",41,0.011502075
"heterogeneous_box","direct_box",45,0.012578388
"heterogeneous_box","direct_box",49,-0.047427063
"heterogeneous_box","direct_box",53,-0.012122136
"heterogeneous_box","direct_box",57,0.00012415624
"heterogeneous_box","direct_box",61,-0.01550902
"heterogeneous_box","direct_box",65,-0.026917057
"heterogeneous_box","direct_box",69,0.051622272
"heterogeneous_box","direct_box",73,0.052353642
"heterogeneous_box","direct_box",77,-0.00087643321
"heterogeneous_box","direct_box",81,-0.064332349
"heterogeneous_box","direct_box",85,-0.030598851
"heterogeneous_box","direct_box",89,-0.043660414
"heterogeneous_box","direct_box",93,-0.025118278
"heterogeneous_box","direct_box",97,0.051714402
"heterogeneous_box","direct_box",101,-0.0046188078
"heterogeneous_box","direct_box",105,-0.050469288
"heterogeneous_box","direct_box",109,-0.039774795
"heterogeneous_box","direct_box",113,-0.034761482
"heterogeneous_box","direct_box",117,-0.0072151455
"heterogeneous_box","direct_box",121,0.044003453
"heterogeneous_box","direct_box",125,-0.0012871321
"heterogeneous_box","direct_box",129,0.03261058
"heterogeneous_box","direct_box",133,-0.042098876
"heterogeneous_box","direct_box",137,-0.031671409
"heterogeneous_box","direct_box",141,-0.058732545
"heterogeneous_box","direct_box",145,-0.054859088
"heterogeneous_box","direct_box",149,0.053220085
"heterogeneous_box","direct_box",153,-0.025145291
"heterogeneous_box","direct_box",157,-0.0096890637
"heterogeneous_box","direct_box",161,0.059031312
"heterogeneous_box","direct_box",165,0.0056710774
"heterogeneous_box","direct_box",169,-0.050213109
"heterogeneous_box","direct_box",173,0.04091812
"heterogeneous_box","direct_box",177,0.0036361586
"heterogeneous_box","direct_box",181,0.059792315
"heterogeneous_box","direct_box",185,-0.037115499
"heterogeneous_box","direct_box",189,-0.0061036539
"heterogeneous_box","direct_box",193,-0.026244426
"heterogeneous_box","direct_box",197,-0.025012392
"heterogeneous_box","direct_box",201,-0.043964763
"heterogeneous_box","direct_box",205,0.061100761
"heterogeneous_box","direct_box",209,0.045267412
"heterogeneous_box","direct_box",213,-0.0040570713
"heterogeneous_box","direct_box",217,-0.016008757
"heterogeneous_box","direct_box",221,0.0067222242
"heterogeneous_box","direct_box",225,-0.06712215
"heterogeneous_box","direct_box",229,-0.044327146
"heterogeneous_box","direct_box",233,0.05553055
"heterogeneous_box","direct_box",237,0.045622101
"heterogeneous_box","direct_box",241,0.012062176
"heterogeneous_box","direct_box",245,-0.059780666
"heterogeneous_box","direct_box",249,0.045252725
"heterogeneous_box","direct_box",253,0.061408988
"heterogeneous_box","direct_box",257,0.029418663
"heterogeneous_box","direct_box",261,0.0074900571
"heterogeneous_box","direct_box",265,-0.050556198
"heterogeneous_box","direct_box",269,-0.0036286256
"heterogeneous_box","direct_box",273,-0.024636834
"heterogeneous_box","direct_box",277,-0.0025646357
"heterogeneous_box","direct_box",281,0.045570531
"heterogeneous_box","direct_box",285,-0.0148662
"heterogeneous_box","direct_box",289,0.016192943
"heterogeneous_box","direct_box",293,-0.069325241
"heterogeneous_box","direct_box",297,-0.029327939
"heterogeneous_box","direct_box",301,0.051522479
"heterogeneous_box","direct_box",305,0.051662437
"heterogeneous_box","direct_box",309,-0.013375678
"heterogeneous_box","direct_box",313,0.037494738
"heterogeneous_box","direct_box",317,-0.0057258436
"heterogeneous_box","direct_box",321,0.039549761
"heterogeneous_box","direct_box",325,0.055767391
"heterogeneous_box","direct_box",329,0.0049389213
"heterogeneous_box","direct_box",333,0.056463884
"heterogeneous_box","direct_box",337,-0.0067368183
"heterogeneous_box","direct_box",341,0.031927935
"heterogeneous_box","direct_box",345,0.021009681
"heterogeneous_box","direct_box",349,0.023689951
"heterogeneous_box","direct_box",353,0.0470636
"heterogeneous_box","direct_box",357,0.016647506
"heterogeneous_box","direct_box",361,-0.0064396076
"heterogeneous_box","direct_box",365,0.0049813093
"heterogeneous_box","direct_box",369,-0.068344479
"heterogeneous_box","direct_box",373,0.0016598234
"heterogeneous_box","direct_box",377,0.025074917
"heterogeneous_box","direct_box",381,-0.01440474
"heterogeneous_box","direct_box",385,0.012684744
"heterogeneous_box","direct_box",389,0.05720736
"heterogeneous_box","direct_box",393,0.035025208
"heterogeneous_box","direct_box",397,-0.049333909
"heterogeneous_box","direct_box",401,-0.0085734996
"heterogeneous_box","direct_box",405,-0.049574218
"heterogeneous_box","direct_box",409,0.061473139
"heterogeneous_box","direct_box",413,0.025279372
"heterogeneous_box","direct_box",417,-0.057945817
"heterogeneous_box","direct_box",421,-0.032879102
"heterogeneous_box","direct_box",425,-0.051200843
"heterogeneous_box","direct_box",429,0.013159243
"heterogeneous_box","direct_box",433,0.058459506
"heterogeneous_box","direct_box",437,0.043595646
"heterogeneous_box","direct_box",441,0.014291891
"heterogeneous_box","direct_box",445,0.027547968
"heterogeneous_box","direct_box",449,0.0052364698
"heterogeneous_box","direct_box",453,0.060477616
"heterogeneous_box","direct_box",457,-0.060535277
"heterogeneous_box","direct_box",461,-0.0053634626
"heterogeneous_box","direct_box",465,0.016523899
"heterogeneous_box","direct_box",469,-0.018336234
"heterogeneous_box","direct_box",473,0.017524529
"heterogeneous_box","direct_box",477,-0.011340194
"heterogeneous_box","direct_box",481,-0.030396882
"heterogeneous_box","direct_box",485,-0.064386981
"heterogeneous_box","direct_box",489,0.027731549
"heterogeneous_box","direct_box",493,-0.022389017
"heterogeneous_box","direct_box",497,-0.008269048
"heterogeneous_box","direct_box",501,-0.010028295
"heterogeneous_box","direct_box",505,0.014997218
"heterogeneous_box","direct_box",509,0.0091908849
"heterogeneous_box","direct_box",513,-0.040257424
"heterogeneous_box","direct_box",517,-0.046303742
"heterogeneous_box","direct_box",521,-0.0066577316
"heterogeneous_box","direct_box",525,0.059015256
"heterogeneous_box","direct_box",529,0.055520555
"heterogeneous_box","direct_box",533,0.0061547386
"heterogeneous_box","direct_box",537,0.022988101
"heterogeneous_box","direct_box",541,-0.030286134
"heterogeneous_box","direct_box",545,-0.040706896
"heterogeneous_box","direct_box",549,-0.034314657
"heterogeneous_box","direct_box",553,0.057258506
"heterogeneous_box","direct_box",557,-0.047128913
"heterogeneous_box","direct_box",561,0.0078154625
"heterogeneous_box","direct_box",565,0.037133889
"heterogeneous_box","direct_box",569,-0.025138267
"heterogeneous_box","direct_box",573,-0.020016904
"heterogeneous_box","direct_box",577,-0.052040054
"heterogeneous_box","direct_box",581,0.025831188
"heterogeneous_box","direct_box",585,-0.023796434
"heterogeneous_box","direct_box",589,0.049320924
"heterogeneous_box","direct_box",593,-0.02955591
"heterogeneous_box","direct_box",597,-0.018632103
"heterogeneous_box","direct_box",601,-0.016026705
"heterogeneous_box","direct_box",605,-0.013647588
"heterogeneous_box","direct_box",609,-0.010837924
"heterogeneous_box","direct_box",613,0.0010457166
"heterogeneous_box","direct_box",617,0.011923579
"heterogeneous_box","direct_box",621,0.024664733
"heterogeneous_box","direct_box",625,-0.068852607
"heterogeneous_box","direct_box",629,0.054387688
"heterogeneous_box","direct_box",633,-0.028601762
"heterogeneous_box","direct_box",637,0.020662284
"heterogeneous_box","direct_box",641,-0.04810357
"heterogeneous_box","direct_box",645,-0.048230798
"heterogeneous_box","direct_box",649,0.016863685
"heterogeneous_box","direct_box",653,0.038699912
"heterogeneous_box","direct_box",657,-0.046646012
"heterogeneous_box","direct_box",661,-0.052571368
"heterogeneous_box","direct_box",665,0.017169703
"heterogeneous_box","direct_box",669,0.0052529237
"heterogeneous_box","direct_box",673,-0.022993168
"heterogeneous_box","direct_box",677,0.033901202
"heterogeneous_box","direct_box",681,0.0023550792
"heterogeneous_box","direct_box",685,-0.062093157
"heterogeneous_box","direct_box",689,0.019337385
"heterogeneous_box","direct_box",693,-0.041398655
"heterogeneous_box","direct_box",697,-0.030345937
"heterogeneous_box","direct_box",701,0.054903652
"heterogeneous_box","direct_box",705,-0.055285015
"heterogeneous_box","direct_box",709,-0.070571659
"heterogeneous_box","direct_box",713,-0.051617673
"heterogeneous_box","direct_box",717,-0.011403968
"heterogeneous_box","direct_box",721,-0.061637306
"heterogeneous_box","direct_box",725,-0.020684745
"heterogeneous_box","direct_box",729,0.028810317
"heterogeneous_box","direct_box",733,0.013749988
"heterogeneous_box","direct_box",737,0.055228584
"heterogeneous_box","direct_box",741,-0.024852072
"heterogeneous_box","direct_box",745,0.032715466
"heterogeneous_box","direct_box",749,0.061597047
"heterogeneous_box","direct_box",753,0.05561801
"heterogeneous_box","direct_box",757,0.0037181575
"heterogeneous_box","direct_box",761,-0.050981896
"heterogeneous_box","direct_box",765,-0.027478621
"heterogeneous_box","direct_box",769,0.02014136
"heterogeneous_box","direct_box",773,-0.034080594
"heterogeneous_box","direct_box",777,-0.017437196
"heterogeneous_box","direct_box",781,-0.030253282
"heterogeneous_box","direct_box",785,0.022142994
"heterogeneous_box","direct_box",789,0.041778407
"heterogeneous_box","direct_box",793,0.058251841
"heterogeneous_box","direct_box",797,0.023684964
"heterogeneous_box","direct_box",801,0.035229272
"heterogeneous_box","direct_box",805,-0.0062139868
"heterogeneous_box","direct_box",809,0.047110168
"heterogeneous_box","direct_box",813,-0.00054734882
"heterogeneous_box","direct_box",817,-0.05790073
"heterogeneous_box","direct_box",821,0.059574978
"heterogeneous_box","direct_box",825,0.0090549701
"heterogeneous_box","direct_box",829,0.052044653
"heterogeneous_box","direct_box",833,0.029131977
"heterogeneous_box","direct_box",837,-0.0098052248
"heterogeneous_box","direct_box",841,-0.055032109
"heterogeneous_box","direct_box",845,0.0067807448
"heterogeneous_box","direct_box",849,-0.030371226
"heterogeneous_box","direct_box",853,0.039602011
"heterogeneous_box","direct_box",857,0.027101692
"heterogeneous_box","direct_box",861,-0.05540325
"heterogeneous_box","direct_box",865,-0.043157346
"heterogeneous_box","direct_box",869,-0.054488036
"heterogeneous_box","direct_box",873,0.021947765
"heterogeneous_box","direct_box",877,-0.068022129
"heterogeneous_box","direct_box",881,-0.021156443
"heterogeneous_box","direct_box",885,-0.047276393
"heterogeneous_box","direct_box",889,-0.027600362
"heterogeneous_box","direct_box",893,-0.035748355
"heterogeneous_box","direct_box",897,0.047238999
"heterogeneous_box","direct_box",901,-0.034389405
"heterogeneous_box","direct_box",905,-0.0042498043
"heterogeneous_box","direct_box",909,-0.017942572
"heterogeneous_box","direct_box",913,0.032074505
"heterogeneous_box","direct_box",917,0.050966883
"heterogeneous_box","direct_box",921,-0.041437299
"heterogeneous_box","direct_box",925,-0.017353276
"heterogeneous_box","direct_box",929,0.060421792
"heterogeneous_box","direct_box",933,-0.026182087
"heterogeneous_box","direct_box",937,-0.0021551043
"heterogeneous_box","direct_box",941,-0.042336396
"heterogeneous_box","direct_box",945,-0.052711682
"heterogeneous_box","direct_box",949,-0.010665396
"heterogeneous_box","direct_box",953,0.0022568698
"heterogeneous_box","direct_box",957,-0.044591182
"heterogeneous_box","direct_box",961,-0.056549269
"heterogeneous_box","direct_box",965,-0.0159145
"heterogeneous_box","direct_box",969,-0.063012015
"heterogeneous_box","direct_box",973,-0.013704659
"heterogeneous_box","direct_box",977,0.053279149
"heterogeneous_box","direct_box",981,-0.063077717
"heterogeneous_box","direct_box",985,0.016219474
"heterogeneous_box","direct_box",989,-0.03185767
"heterogeneous_box","direct_box",993,0.054885211
"heterogeneous_box","direct_box",997,-0.034473806
"heterogeneous_box","direct_box",1002,-0.0083682177
"heterogeneous_box","direct_box",1006,-0.063971567
"heterogeneous_box","direct_box",1010,-0.061820216
"heterogeneous_box","direct_box",1014,0.026444754
"heterogeneous_box","direct_box",1018,0.030152023
"heterogeneous_box","direct_box",1022,0.041301684
"heterogeneous_box","direct_box",1026,-0.022939453
"heterogeneous_box","direct_box",1030,-0.052234474
"heterogeneous_box","direct_box",1034,0.010949763
"heterogeneous_box","direct_box",1038,-0.031695944
"heterogeneous_box","direct_box",1042,-0.063062237
"heterogeneous_box","direct_box",1046,0.050603268
"heterogeneous_box","direct_box",1050,0.044678249
"heterogeneous_box","direct_box",1054,-0.054018663
"heterogeneous_box","direct_box",1058,0.002636983
"heterogeneous_box","direct_box",1062,-0.055993666
"heterogeneous_box","direct_box",1066,0.028031598
"heterogeneous_box","direct_box",1070,0.032671249
"heterogeneous_box","direct_box",1074,-0.0063398237
"heterogeneous_box","direct_box",1078,-0.03827594
"heterogeneous_box","direct_box",1082,-0.017955286
"heterogeneous_box","direct_box",1086,0.058064704
"heterogeneous_box","direct_box",1090,0.0092176727
"heterogeneous_box","direct_box",1094,0.042161544
"heterogeneous_box","direct_box",1098,-0.058535523
"heterogeneous_box","direct_box",1102,-0.007962
"heterogeneous_box","direct_box",1106,-0.00021228968
"heterogeneous_box","direct_box",1110,-0.043720516
"heterogeneous_box","direct_box",1114,-0.018763018
"heterogeneous_box","direct_box",1118,0.060246895
"heterogeneous_box","direct_box",1122,-0.044057985
"heterogeneous_box","direct_box",1126,0.049396278
"heterogeneous_box","direct_box",1130,-0.008308737
"heterogeneous_box","direct_box",1134,0.048537411
"heterogeneous_box","direct_box",1138,0.058860799
"heterogeneous_box","direct_box",1142,0.0076048721
"heterogeneous_box","direct_box",1146,-0.029526364
"heterogeneous_box","direct_box",1150,-0.039832862
"heterogeneous_box","direct_box",1154,0.016286989
"heterogeneous_box","direct_box",1158,0.029920097
"heterogeneous_box","direct_box",1162,0.0062527382
"heterogeneous_box","direct_box",1166,-0.06281744
"heterogeneous_box","direct_box",1170,-0.033915561
"heterogeneous_box","direct_box",1174,-0.047702522
"heterogeneous_box","direct_box",1178,-0.058352945
"heterogeneous_box","direct_box",1182,0.0064309468
"heterogeneous_box","direct_box",1186,-0.0002353469
"heterogeneous_box","direct_box",1190,0.051358565
"heterogeneous_box","direct_box",1194,0.016499475
"heterogeneous_box","direct_box",1198,-0.0082029706
"heterogeneous_box","direct_box",1202,0.0054940989
"heterogeneous_box","direct_box",1206,-0.066806288
"heterogeneous_box","direct_box",1210,0.016113005
"heterogeneous_box","direct_box",1214,-0.069937281
"heterogeneous_box","direct_box",1218,0.054210455
"heterogeneous_box","direct_box",1222,-0.041832431
"heterogeneous_box","direct_box",1226,-0.041190197
"heterogeneous_box","direct_box",1230,0.0080644386
"heterogeneous_box","direct_box",1234,0.028017691
"heterogeneous_box","direct_box",1238,0.014965094
"heterogeneous_box","direct_box",1242,-0.0075938491
"heterogeneous_box","direct_box",1246,0.038263738
"heterogeneous_box","direct_box",1250,0.01476823
"heterogeneous_box","direct_box",1254,0.013724976
"heterogeneous_box","direct_box",1258,0.035853961
"heterogeneous_box","direct_box",1262,0.054945806
"heterogeneous_box","direct_box",1266,0.054146051
"heterogeneous_box","direct_box",1270,0.059704663
"heterogeneous_box","direct_box",1274,-0.009801895
"heterogeneous_box","direct_box",1278,-0.035506414
"heterogeneous_box","direct_box",1282,-0.0037166219
"heterogeneous_box","direct_box",1286,0.034703064
"heterogeneous_box","direct_box",1290,-0.0080688944
"heterogeneous_box","direct_box",1294,-0.036603983
"heterogeneous_box","direct_box",1298,0.00025692914
"heterogeneous_box","direct_box",1302,-0.0072881422
"heterogeneous_box","direct_box",1306,-0.012440123
"heterogeneous_box","direct_box",1310,-0.061690651
"heterogeneous_box","direct_box",1314,-0.070957408
"heterogeneous_box","direct_box",1318,-0.027724442
"heterogeneous_box","direct_box",1322,0.0084509892
"heterogeneous_box","direct_box",1326,-0.014927241
"heterogeneous_box","direct_box",1330,0.015432948
"heterogeneous_box","direct_box",1334,0.021376326
"heterogeneous_box","direct_box",1338,0.030310626
"heterogeneous_box","direct_box",1342,-0.046434419
"heterogeneous_box","direct_box",1346,0.0049391737
"heterogeneous_box","direct_box",1350,-0.021174861
"heterogeneous_box","direct_box",1354,0.0090371085
"heterogeneous_box","direct_box",1358,-0.038598585
"heterogeneous_box","direct_box",1362,-0.013341898
"heterogeneous_box","direct_box",1366,-0.0039878017
"heterogeneous_box","direct_box",1370,-0.0061762478
"heterogeneous_box","direct_box",1374,-0.0077514613
"heterogeneous_box","direct_box",1378,0.028082162
"heterogeneous_box","direct_box",1382,0.035365292
"heterogeneous_box","direct_box",1386,-0.046801194
"heterogeneous_box","direct_box",1390,-0.046962887
"heterogeneous_box","direct_box",1394,-0.044336789
"heterogeneous_box","direct_box",1398,-0.0026003146
"heterogeneous_box","direct_box",1402,-0.0017003906
"heterogeneous_box","direct_box",1406,0.037540278
"heterogeneous_box","direct_box",1410,0.038552423
"heterogeneous_box","direct_box",1414,-0.067481977
"heterogeneous_box","direct_box",1418,0.030913878
"heterogeneous_box","direct_box",1422,-0.0066188444
"heterogeneous_box","direct_box",1426,0.042242857
"heterogeneous_box","direct_box",1430,0.047276303
"heterogeneous_box","direct_box",1434,0.042473179
"heterogeneous_box","direct_box",1438,-0.061710974
"heterogeneous_box","direct_box",1442,-0.057145239
"heterogeneous_box","direct_box",1446,-0.00057790116
"heterogeneous_box","direct_box",1450,-0.039451577
"heterogeneous_box","direct_box",1454,-0.069767964
"heterogeneous_box","direct_box",1458,-0.071316527
"heterogeneous_box","direct_box",1462,-0.014106116
"heterogeneous_box","direct_box",1466,-0.04584044
"heterogeneous_box","direct_box",1470,-0.053443498
"heterogeneous_box","direct_box",1474,-0.029841981
"heterogeneous_box","direct_box",1478,-0.03296393
"heterogeneous_box","direct_box",1482,-0.01004392
"heterogeneous_box","direct_box",1486,-0.0050946868
"heterogeneous_box","direct_box",1490,-0.023534323
"heterogeneous_box","direct_box",1494,0.045316276
"heterogeneous_box","direct_box",1498,-0.061199914
"heterogeneous_box","direct_box",1502,-0.03592861
"heterogeneous_box","direct_box",1506,0.029031625
"heterogeneous_box","direct_box",1510,0.015699049
"heterogeneous_box","direct_box",1514,0.0282332
"heterogeneous_box","direct_box",1518,-0.051366449
"heterogeneous_box","direct_box",1522,-0.045036468
"heterogeneous_box","direct_box",1526,-0.044642773
"heterogeneous_box","direct_box",1530,-0.0042829737
"heterogeneous_box","direct_box",1534,0.028949329
"heterogeneous_box","direct_box",1538,-0.063663877
"heterogeneous_box","direct_box",1542,0.0347644
"heterogeneous_box","direct_box",1546,0.028359157
"heterogeneous_box","direct_box",1550,-0.059991938
"heterogeneous_box","direct_box",1554,0.024837732
"heterogeneous_box","direct_box",1558,-0.067992877
"heterogeneous_box","direct_box",1562,-0.011101529
"heterogeneous_box","direct_box",1566,-0.069158071
"heterogeneous_box","direct_box",1570,0.012596714
"heterogeneous_box","direct_box",1574,-0.042649466
"heterogeneous_box","direct_box",1578,-0.034877826
"heterogeneous_box","direct_box",1582,0.046726251
"heterogeneous_box","direct_box",1586,-0.018552139
"heterogeneous_box","direct_box",1590,0.026101598
"heterogeneous_box","direct_box",1594,0.041169843
"heterogeneous_box","direct_box",1598,0.033456159
"heterogeneous_box","direct_box",1602,0.026097613
"heterogeneous_box","direct_box",1606,0.018495674
"heterogeneous_box","direct_box",1610,0.048534074
"heterogeneous_box","direct_box",1614,0.010627468
"heterogeneous_box","direct_box",1618,-0.032400082
"heterogeneous_box","direct_box",1622,-0.02012493
"heterogeneous_box","direct_box",1626,0.0078455885
"heterogeneous_box","direct_box",1630,-0.064402676
"heterogeneous_box","direct_box",1634,-0.018232143
"heterogeneous_box","direct_box",1638,0.044296853
"heterogeneous_box","direct_box",1642,-0.067981225
"heterogeneous_box","direct_box",1646,-0.0018599363
"heterogeneous_box","direct_box",1650,-0.028968856
"heterogeneous_box","direct_box",1654,0.012789685
"heterogeneous_box","direct_box",1658,-0.0017149408
"heterogeneous_box","direct_box",1662,-0.06063897
"heterogeneous_box","direct_box",1666,-0.030183543
"heterogeneous_box","direct_box",1670,-0.042317141
"heterogeneous_box","direct_box",1674,0.021199322
"heterogeneous_box","direct_box",1678,-0.045177376
"heterogeneous_box","direct_box",1682,-0.011328699
"heterogeneous_box","direct_box",1686,-0.036383735
"heterogeneous_box","direct_box",1690,0.036926084
"heterogeneous_box","direct_box",1694,-0.016082236
"heterogeneous_box","direct_box",1698,-0.039370065
"heterogeneous_box","direct_box",1702,-0.053955006
"heterogeneous_box","direct_box",1706,0.024954416
"heterogeneous_box","direct_box",1710,-0.025125186
"heterogeneous_box","direct_box",1714,-0.019825397
"heterogeneous_box","direct_box",1718,0.059826095
"heterogeneous_box","direct_box",1722,-0.024288447
"heterogeneous_box","direct_box",1726,0.021380331
"heterogeneous_box","direct_box",1730,0.033365778
"heterogeneous_box","direct_box",1734,0.059525055
"heterogeneous_box","direct_box",1738,0.02820803
"heterogeneous_box","direct_box",1742,-0.031733662
"heterogeneous_box","direct_box",1746,0.051954835
"heterogeneous_box","direct_box",1750,-0.0065957468
"heterogeneous_box","direct_box",1754,-0.0070575051
"heterogeneous_box","direct_box",1758,0.039848246
"heterogeneous_box","direct_box",1762,-0.0095888103
"heterogeneous_box","direct_box",1766,-0.039754267
"heterogeneous_box","direct_box",1770,0.043379577
"heterogeneous_box","direct_box",1774,-0.04055955
"heterogeneous_box","direct_box",1778,0.021789998
"heterogeneous_box","direct_box",1782,0.0279749
"heterogeneous_box","direct_box",1786,-0.068362494
"heterogeneous_box","direct_box",1790,-0.053694412
"heterogeneous_box","direct_box",1794,0.049622516
"heterogeneous_box","direct_box",1798,-0.068567847
"heterogeneous_box","direct_box",1802,0.034402889
"heterogeneous_box","direct_box",1806,0.013727642
"heterogeneous_box","direct_box",1810,-0.050153363
"heterogeneous_box","direct_box",1814,-0.048604038
"heterogeneous_box","direct_box",1818,-0.042482189
"heterogeneous_box","direct_box",1822,-0.053447003
"heterogeneous_box","direct_box",1826,-0.021409799
"heterogeneous_box","direct_box",1830,0.053015985
"heterogeneous_box","direct_box",1834,-0.0098882162
"heterogeneous_box","direct_box",1838,0.012005458
"heterogeneous_box","direct_box",1842,-0.035079843
"heterogeneous_box","direct_box",1846,0.042420564
"heterogeneous_box","direct_box",1850,0.041630092
"heterogeneous_box","direct_box",1854,0.055718812
"heterogeneous_box","direct_box",1858,-0.057317097
"heterogeneous_box","direct_box",1862,-0.069580548
"heterogeneous_box","direct_box",1866,-0.044691457
"heterogeneous_box","direct_box",1870,0.054733779
"heterogeneous_box","direct_box",1874,0.020527297
"heterogeneous_box","direct_box",1878,0.011788872
"heterogeneous_box","direct_box",1882,0.00040790933
"heterogeneous_box","direct_box",1886,-0.039598715
"heterogeneous_box","direct_box",1890,-0.05058578
"heterogeneous_box","direct_box",1894,-0.002977192
"heterogeneous_box","direct_box",1898,-0.036389729
"heterogeneous_box","direct_box",1902,0.046353617
"heterogeneous_box","direct_box",1906,0.042686535
"heterogeneous_box","direct_box",1910,0.061960127
"heterogeneous_box","direct_box",1914,-0.065995418
"heterogeneous_box","direct_box",1918,0.022391862
"heterogeneous_box","direct_box",1922,-0.063178354
"heterogeneous_box","direct_box",1926,0.01163714
"heterogeneous_box","direct_box",1930,-0.0079485162
"heterogeneous_box","direct_box",1934,-0.0068573178
"heterogeneous_box","direct_box",1938,0.036821989
"heterogeneous_box","direct_box",1942,0.01761279
"heterogeneous_box","direct_box",1946,-0.056966491
"heterogeneous_box","direct_box",1950,0.010105371
"heterogeneous_box","direct_box",1954,-0.033117573
"heterogeneous_box","direct_box",1958,-0.048727708
"heterogeneous_box","direct_box",1962,-0.052032143
"heterogeneous_box","direct_box",1966,-0.068654036
"heterogeneous_box","direct_box",1970,0.047361827
"heterogeneous_box","direct_box",1974,-0.02684053
"heterogeneous_box","direct_box",1978,0.033435668
"heterogeneous_box","direct_box",1982,-0.035343292
"heterogeneous_box","direct_box",1986,0.013422962
"heterogeneous_box","direct_box",1990,0.036260228
"heterogeneous_box","direct_box",1994,0.029094767
"heterogeneous_box","direct_box",1998,-0.020163754
"heterogeneous_box","direct_box",2002,-0.010983207
"heterogeneous_box","direct_box",2006,-0.013293113
"heterogeneous_box","direct_box",2010,0.052212943
"heterogeneous_box","direct_box",2014,-0.023073288
"heterogeneous_box","direct_box",2018,-0.018726061
"heterogeneous_box","direct_box",2022,0.03746751
"heterogeneous_box","direct_box",2026,-0.0033221254
"heterogeneous_box","direct_box",2030,0.028090803
"heterogeneous_box","direct_box",2034,-0.0067682139
"heterogeneous_box","direct_box",2038,-0.064013235
"heterogeneous_box","direct_box",2042,0.037596935
"heterogeneous_box","direct_box",2046,0.042531772
"heterogeneous_box","direct_box",2050,-0.062165712
"heterogeneous_box","direct_box",2054,0.032198138
"heterogeneous_box","direct_box",2058,0.0041957713
"heterogeneous_box","direct_box",2062,-0.068485587
"heterogeneous_box","direct_box",2066,-0.019727359
"heterogeneous_box","direct_box",2070,0.053815395
"heterogeneous_box","direct_box",2074,0.030712932
"heterogeneous_box","direct_box",2078,0.0031854277
"heterogeneous_box","direct_box",2082,-0.015560044
"heterogeneous_box","direct_box",2086,0.055455526
"heterogeneous_box","direct_box",2090,-0.064755461
"heterogeneous_box","direct_box",2094,-0.028695268
"heterogeneous_box","direct_box",2098,0.03049803
"heterogeneous_box","direct_box",2102,0.019980284
"heterogeneous_box","direct_box",2106,0.061987642
"heterogeneous_box","direct_box",2110,0.0073832075
"heterogeneous_box","direct_box",2114,0.01589866
"heterogeneous_box","direct_box",2118,0.023202654
"heterogeneous_box","direct_box",2122,0.057237791
"heterogeneous_box","direct_box",2126,0.049894064
"heterogeneous_box","direct_box",2130,-0.052049611
"heterogeneous_box","direct_box",2134,-0.033338374
"heterogeneous_box","direct_box",2138,0.050479358
"heterogeneous_box","direct_box",2142,0.022686476
"heterogeneous_box","direct_box",2146,-0.057282462
"heterogeneous_box","direct_box",2150,0.0091215926
"heterogeneous_box","direct_box",2154,0.037872263
"heterogeneous_box","direct_box",2158,-0.0283255
"heterogeneous_box","direct_box",2162,-0.046706696
"heterogeneous_box","direct_box",2166,0.042623272
"heterogeneous_box","direct_box",2170,0.057272441
"heterogeneous_box","direct_box",2174,-0.001680062
"heterogeneous_box","direct_box",2178,-0.026434491
"heterogeneous_box","direct_box",2182,-0.039098964
"heterogeneous_box","direct_box",2186,0.027966987
"heterogeneous_box","direct_box",2190,-0.034829177
"heterogeneous_box","direct_box",2194,-0.054198013
"heterogeneous_box","direct_box",2198,-0.0064072408
"heterogeneous_box","direct_box",2202,0.0056302489
"heterogeneous_box","direct_box",2206,-0.019711278
"heterogeneous_box","direct_box",2210,-0.01733617
"heterogeneous_box","direct_box",2214,-0.027881546
"heterogeneous_box","direct_box",2218,-0.013002077
"heterogeneous_box","direct_box",2222,0.035118248
"heterogeneous_box","direct_box",2226,-0.046291732
"heterogeneous_box","direct_box",2230,0.046245474
"heterogeneous_box","direct_box",2234,-0.06282821
"heterogeneous_box","direct_box",2238,-0.042897429
"heterogeneous_box","direct_box",2242,0.0071660564
"heterogeneous_box","direct_box",2246,0.0021228955
"heterogeneous_box","direct_box",2250,-0.033629987
"heterogeneous_box","direct_box",2254,0.011415758
"heterogeneous_box","direct_box",2258,-0.044812905
"heterogeneous_box","direct_box",2262,-0.037142637
"heterogeneous_box","direct_box",2266,-0.020270974
"heterogeneous_box","direct_box",2270,-0.030142642
"heterogeneous_box","direct_box",2274,0.013962515
"heterogeneous_box","direct_box",2278,-0.027498714
"heterogeneous_box","direct_box",2282,-0.07125827
"heterogeneous_box","direct_box",2286,0.011234847
"heterogeneous_box","direct_box",2290,-0.0097269479
"heterogeneous_box","direct_box",2294,-0.017221687
"heterogeneous_box","direct_box",2298,-0.058214038
"heterogeneous_box","direct_box",2302,0.028382733
"heterogeneous_box","direct_box",2306,-0.069447439
"heterogeneous_box","direct_box",2310,-0.040192183
"heterogeneous_box","direct_box",2314,0.051259756
"heterogeneous_box","direct_box",2318,0.054947259
"heterogeneous_box","direct_box",2322,0.031608652
"heterogeneous_box","direct_box",2326,0.034018273
"heterogeneous_box","direct_box",2330,0.01093027
"heterogeneous_box","direct_box",2334,-0.0023139105
"heterogeneous_box","direct_box",2338,0.033493489
"heterogeneous_box","direct_box",2342,-0.030900151
"heterogeneous_box","direct_box",2346,-0.047146183
"heterogeneous_box","direct_box",2350,0.020609029
"heterogeneous_box","direct_box",2354,-0.03726506
"heterogeneous_box","direct_box",2358,0.040549405
"heterogeneous_box","direct_box",2362,-0.068667919
"heterogeneous_box","direct_box",2366,-0.00629214
"heterogeneous_box","direct_box",2370,-0.032492036
"heterogeneous_box","direct_box",2374,-0.019768862
"heterogeneous_box","direct_box",2378,-0.0058516314
"heterogeneous_box","direct_box",2382,0.015116538
"heterogeneous_box","direct_box",2386,-0.01187199
"heterogeneous_box","direct_box",2390,0.0011806135
"heterogeneous_box","direct_box",2394,-0.028151614
"heterogeneous_box","direct_box",2398,-0.022771333
"heterogeneous_box","direct_box",2402,-0.064437574
"heterogeneous_box","direct_box",2406,0.0035343964
"heterogeneous_box","direct_box",2410,0.0068789441
"heterogeneous_box","direct_box",2414,0.026207196
"heterogeneous_box","direct_box",2418,0.013135044
"heterogeneous_box","direct_box",2422,-0.02049417
"heterogeneous_box","direct_box",2426,0.053196078
"heterogeneous_box","direct_box",2430,0.020140244
"heterogeneous_box","direct_box",2434,0.018389426
"heterogeneous_box","direct_box",2438,0.048364566
"heterogeneous_box","direct_box",2442,0.038795466
"heterogeneous_box","direct_box",2446,-0.061619878
"heterogeneous_box","direct_box",2450,0.056491511
"heterogeneous_box","direct_box",2454,-0.058257728
"heterogeneous_box","direct_box",2458,0.041941606
"heterogeneous_box","direct_box",2462,-0.062952605
"heterogeneous_box","direct_box",2466,0.041131551
"heterogeneous_box","direct_box",2470,-0.068147284
"heterogeneous_box","direct_box",2474,-0.045563331
"heterogeneous_box","direct_box",2478,0.026835114
"heterogeneous_box","direct_box",2482,-0.0027445987
"heterogeneous_box","direct_box",2486,0.020324971
"heterogeneous_box","direct_box",2490,-0.055679167
"heterogeneous_box","direct_box",2494,-0.0076252006
"heterogeneous_box","direct_box",2498,0.028119796
"heterogeneous_box","direct_box",2502,0.060441063
"heterogeneous_box","direct_box",2506,-0.051405874
"heterogeneous_box","direct_box",2510,-0.041516039
"heterogeneous_box","direct_box",2514,-0.04980115
"heterogeneous_box","direct_box",2518,0.0033610167
"heterogeneous_box","direct_box",2522,-0.034468803
"heterogeneous_box","direct_box",2526,0.0011960643
"heterogeneous_box","direct_box",2530,0.010904498
"heterogeneous_box","direct_box",2534,0.055708041
"heterogeneous_box","direct_box",2538,-0.051742988
"heterogeneous_box","direct_box",2542,-0.019350959
"heterogeneous_box","direct_box",2546,-0.067131441
"heterogeneous_box","direct_box",2550,-0.037302692
"heterogeneous_box","direct_box",2554,-0.041061421
"heterogeneous_box","direct_box",2558,0.022537104
"heterogeneous_box","direct_box",2562,-0.0061999298
"heterogeneous_box","direct_box",2566,0.010920539
"heterogeneous_box","direct_box",2570,-0.056536076
"heterogeneous_box","direct_box",2574,0.023089248
"heterogeneous_box","direct_box",2578,0.053570876
"heterogeneous_box","direct_box",2582,-0.039476454
"heterogeneous_box","direct_box",2586,0.055295507
"heterogeneous_box","direct_box",2590,-0.051456796
"heterogeneous_box","direct_box",2594,0.047589431
"heterogeneous_box","direct_box",2598,-0.068754303
"heterogeneous_box","direct_box",2602,0.037174136
"heterogeneous_box","direct_box",2606,0.0034273005
"heterogeneous_box","direct_box",2610,-0.044301208
"heterogeneous_box","direct_box",2614,-0.045031569
"heterogeneous_box","direct_box",2618,-0.021941589
"heterogeneous_box","direct_box",2622,-0.050173521
"heterogeneous_box","direct_box",2626,0.0060924756
"heterogeneous_box","direct_box",2630,-0.070743279
"heterogeneous_box","direct_box",2634,-0.05750143
"heterogeneous_box","direct_box",2638,-0.042698934
"heterogeneous_box","direct_box",2642,-0.00070597398
"heterogeneous_box","direct_box",2646,-0.027307141
"heterogeneous_box","direct_box",2650,0.0065903046
"heterogeneous_box","direct_box",2654,-0.045100966
"heterogeneous_box","direct_box",2658,-0.060556995
"heterogeneous_box","direct_box",2662,-0.018642357
"heterogeneous_box","direct_box",2666,0.024163452
"heterogeneous_box","direct_box",2670,-0.043226417
"heterogeneous_box","direct_box",2674,-0.021557981
"heterogeneous_box","direct_box",2678,-0.0017886001
"heterogeneous_box","direct_box",2682,0.01761961
"heterogeneous_box","direct_box",2686,-0.068957549
"heterogeneous_box","direct_box",2690,-0.023723515
"heterogeneous_box","direct_box",2694,-0.069164207
"heterogeneous_box","direct_box",2698,-0.015773174
"heterogeneous_box","direct_box",2702,0.045202718
"heterogeneous_box","direct_box",2706,-0.062540524
"heterogeneous_box","direct_box",2710,0.029780809
"heterogeneous_box","direct_box",2714,-0.06074818
"heterogeneous_box","direct_box",2718,0.037883471
"heterogeneous_box","direct_box",2722,-0.0045844524
"heterogeneous_box","direct_box",2726,0.0085846397
"heterogeneous_box","direct_box",2730,-0.064107664
"heterogeneous_box","direct_box",2734,0.027131988
"heterogeneous_box","direct_box",2738,0.010326149
"heterogeneous_box","direct_box",2742,0.028974599
"heterogeneous_box","direct_box",2746,-0.066745502
"heterogeneous_box","direct_box",2750,0.0018078524
"heterogeneous_box","direct_box",2754,-0.02472555
"heterogeneous_box","direct_box",2758,-0.023994638
"heterogeneous_box","direct_box",2762,-0.041036811
"heterogeneous_box","direct_box",2766,0.020598127
"heterogeneous_box","direct_box",2770,-0.068375295
"heterogeneous_box","direct_box",2774,-0.064132547
"heterogeneous_box","direct_box",2778,-0.0067048538
"heterogeneous_box","direct_box",2782,-0.040377116
"heterogeneous_box","direct_box",2786,-0.022510654
"heterogeneous_box","direct_box",2790,0.055847292
"heterogeneous_box","direct_box",2794,-0.032897182
"heterogeneous_box","direct_box",2798,0.015425244
"heterogeneous_box","direct_box",2802,-0.035310975
"heterogeneous_box","direct_box",2806,-0.051110234
"heterogeneous_box","direct_box",2810,0.0440229
"heterogeneous_box","direct_box",2814,-0.01104085
"heterogeneous_box","direct_box",2818,-0.060122082
"heterogeneous_box","direct_box",2822,-0.02693329
"heterogeneous_box","direct_box",2826,-0.070491679
"heterogeneous_box","direct_box",2830,-0.045372489
"heterogeneous_box","direct_box",2834,0.0040585616
"heterogeneous_box","direct_box",2838,0.060205003
"heterogeneous_box","direct_box",2842,-0.040412882
"heterogeneous_box","direct_box",2846,-0.031878394
"heterogeneous_box","direct_box",2850,0.04442083
"heterogeneous_box","direct_box",2854,0.058341456
"heterogeneous_box","direct_box",2858,-0.0041577421
"heterogeneous_box","direct_box",2862,-0.0074630417
"heterogeneous_box","direct_box",2866,0.054389882
"heterogeneous_box","direct_box",2870,0.021649437
"heterogeneous_box","direct_box",2874,0.055191518
"heterogeneous_box","direct_box",2878,0.038231969
"heterogeneous_box","direct_box",2882,-0.072226897
"heterogeneous_box","direct_box",2886,-0.058955622
"heterogeneous_box","direct_box",2890,-0.05662769
"heterogeneous_box","direct_box",2894,-0.030931423
"heterogeneous_box","direct_box",2898,0.010304001
"heterogeneous_box","direct_box",2902,-0.02694974
"heterogeneous_box","direct_box",2906,-0.042926203
"heterogeneous_box","direct_box",2910,0.0099031392
"heterogeneous_box","direct_box",2914,0.0029653535
"heterogeneous_box","direct_box",2918,0.052100804
"heterogeneous_box","direct_box",2922,-0.067577079
"heterogeneous_box","direct_box",2926,-0.055974891
"heterogeneous_box","direct_box",2930,-0.01178252
"heterogeneous_box","direct_box",2934,0.0082227523
"heterogeneous_box","direct_box",2938,-0.045754116
"heterogeneous_box","direct_box",2942,-0.067103341
"heterogeneous_box","direct_box",2946,0.038746136
"heterogeneous_box","direct_box",2950,0.015036922
"heterogeneous_box","direct_box",2954,0.0034600232
"heterogeneous_box","direct_box",2958,-0.047483271
"heterogeneous_box","direct_box",2962,0.0048361387
"heterogeneous_box","direct_box",2966,-0.021760076
"heterogeneous_box","direct_box",2970,0.034237192
"heterogeneous_box","direct_box",2974,0.030218329
"heterogeneous_box","direct_box",2978,-0.071124712
"heterogeneous_box","direct_box",2982,-0.039959989
"heterogeneous_box","direct_box",2986,0.041404192
"heterogeneous_box","direct_box",2990,0.04083763
"heterogeneous_box","direct_box",2994,0.047397303
"heterogeneous_box","direct_box",2998,0.026385427
"heterogeneous_box","direct_box",3003,-0.068802088
"heterogeneous_box","direct_box",3007,-0.054508684
"heterogeneous_box","direct_box",3011,0.0081689011
"heterogeneous_box","direct_box",3015,-0.03802052
"heterogeneous_box","direct_box",3019,-0.0024579427
"heterogeneous_box","direct_box",3023,-0.021146998
"heterogeneous_box","direct_box",3027,0.035031113
"heterogeneous_box","direct_box",3031,0.055617763
"heterogeneous_box","direct_box",3035,-0.0054082299
"heterogeneous_box","direct_box",3039,-0.04469565
"heterogeneous_box","direct_box",3043,0.019140333
"heterogeneous_box","direct_box",3047,-0.044951987
"heterogeneous_box","direct_box",3051,-0.06778802
"heterogeneous_box","direct_box",3055,0.03285387
"heterogeneous_box","direct_box",3059,0.0043751953
"heterogeneous_box","direct_box",3063,0.015666818
"heterogeneous_box","direct_box",3067,-0.014135589
"heterogeneous_box","direct_box",3071,0.033511571
"heterogeneous_box","direct_box",3075,0.060461368
"heterogeneous_box","direct_box",3079,-0.041611585
"heterogeneous_box","direct_box",3083,0.017324205
"heterogeneous_box","direct_box",3087,-0.0026199141
"heterogeneous_box","direct_box",3091,-0.012747367
"heterogeneous_box","direct_box",3095,-0.070635464
"heterogeneous_box","direct_box",3099,-0.054611959
"heterogeneous_box","direct_box",3103,-0.035383325
"heterogeneous_box","direct_box",3107,-0.030293418
"heterogeneous_box","direct_box",3111,-0.061228672
"heterogeneous_box","direct_box",3115,0.00013030225
"heterogeneous_box","direct_box",3119,-0.066403965
"heterogeneous_box","direct_box",3123,-0.063744862
"heterogeneous_box","direct_box",3127,0.017434987
"heterogeneous_box","direct_box",3131,0.04962073
"heterogeneous_box","direct_box",3135,-0.018867119
"heterogeneous_box","direct_box",3139,-0.03340511
"heterogeneous_box","direct_box",3143,-0.070968169
"heterogeneous_box","direct_box",3147,0.05094868
"heterogeneous_box","direct_box",3151,-0.0092907247
"heterogeneous_box","direct_box",3155,0.027629025
"heterogeneous_box","direct_box",3159,-0.045066127
"heterogeneous_box","direct_box",3163,0.030156139
"heterogeneous_box","direct_box",3167,-0.028501875
"heterogeneous_box","direct_box",3171,0.051896783
"heterogeneous_box","direct_box",3175,0.018516365
"heterogeneous_box","direct_box",3179,-0.066127187
"heterogeneous_box","direct_box",3183,-0.027900129
"heterogeneous_box","direct_box",3187,-0.0025075111
"heterogeneous_box","direct_box",3191,0.020899372
"heterogeneous_box","direct_box",3195,-0.000421627
"heterogeneous_box","direct_box",3199,-0.029135123
"heterogeneous_box","direct_box",3203,0.043457278
"heterogeneous_box","direct_box",3207,-0.059749586
"heterogeneous_box","direct_box",3211,-0.055087629
"heterogeneous_box","direct_box",3215,0.05923336
"heterogeneous_box","direct_box",3219,-0.035762889
"heterogeneous_box","direct_box",3223,-0.049889386
"heterogeneous_box","direct_box",3227,0.023170035
"heterogeneous_box","direct_box",3231,-0.028569244
"heterogeneous_box","direct_box",3235,-0.03913996
"heterogeneous_box","direct_box",3239,0.00020502279
"heterogeneous_box","direct_box",3243,0.041994731
"heterogeneous_box","direct_box",3247,0.026113046
"heterogeneous_box","direct_box",3251,0.036274205
"heterogeneous_box","direct_box",3255,-0.04219124
"heterogeneous_box","direct_box",3259,-0.00081885785
"heterogeneous_box","direct_box",3263,-0.069401752
"heterogeneous_box","direct_box",3267,-0.062616145
"heterogeneous_box","direct_box",3271,-0.026109438
"heterogeneous_box","direct_box",3275,-0.056286924
"heterogeneous_box","direct_box",3279,-0.05922352
"heterogeneous_box","direct_box",3283,-0.006671062
"heterogeneous_box","direct_box",3287,0.026757645
"heterogeneous_box","direct_box",3291,0.01110188
"heterogeneous_box","direct_box",3295,0.025580896
"heterogeneous_box","direct_box",3299,-0.036891083
"heterogeneous_box","direct_box",3303,0.031184079
"heterogeneous_box","direct_box",3307,-0.0045895584
"heterogeneous_box","direct_box",3311,-0.020884859
"heterogeneous_box","direct_box",3315,0.019478357
"heterogeneous_box","direct_box",3319,-0.001602306
"heterogeneous_box","direct_box",3323,0.05326722
"heterogeneous_box","direct_box",3327,-0.031762279
"heterogeneous_box","direct_box",3331,0.036188585
"heterogeneous_box","direct_box",3335,0.051669016
"heterogeneous_box","direct_box",3339,-0.014456547
"heterogeneous_box","direct_box",3343,0.011928933
"heterogeneous_box","direct_box",3347,0.029640154
"heterogeneous_box","direct_box",3351,0.0212052
"heterogeneous_box","direct_box",3355,0.026557062
"heterogeneous_box","direct_box",3359,-0.026454199
"heterogeneous_box","direct_box",3363,-0.04652331
"heterogeneous_box","direct_box",3367,-0.010013132
"heterogeneous_box","direct_box",3371,0.02902256
"heterogeneous_box","direct_box",3375,0.035965557
"heterogeneous_box","direct_box",3379,0.027837907
"heterogeneous_box","direct_box",3383,-0.058814997
"heterogeneous_box","direct_box",3387,0.03990129
"heterogeneous_box","direct_box",3391,0.02692046
"heterogeneous_box","direct_box",3395,-0.043254649
"heterogeneous_box","direct_box",3399,-0.027710946
"heterogeneous_box","direct_box",3403,0.027984063
"heterogeneous_box","direct_box",3407,0.036044704
"heterogeneous_box","direct_box",3411,-0.035853994
"heterogeneous_box","direct_box",3415,-0.028336597
"heterogeneous_box","direct_box",3419,-0.031077387
"heterogeneous_box","direct_box",3423,-0.032892717
"heterogeneous_box","direct_box",3427,-0.044174585
"heterogeneous_box","direct_box",3431,0.059073583
"heterogeneous_box","direct_box",3435,-0.061773847
"heterogeneous_box","direct_box",3439,0.027831471
"heterogeneous_box","direct_box",3443,-0.046500849
"heterogeneous_box","direct_box",3447,-0.0083844218
"heterogeneous_box","direct_box",3451,-0.027807687
"heterogeneous_box","direct_box",3455,-0.031469664
"heterogeneous_box","direct_box",3459,0.0049514253
"heterogeneous_box","direct_box",3463,0.011417286
"heterogeneous_box","direct_box",3467,0.061653534
"heterogeneous_box","direct_box",3471,-0.016634244
"heterogeneous_box","direct_box",3475,0.013530746
"heterogeneous_box","direct_box",3479,-0.049457844
"heterogeneous_box","direct_box",3483,0.00085092483
"heterogeneous_box","direct_box",3487,0.039834868
"heterogeneous_box","direct_box",3491,0.0048962154
"heterogeneous_box","direct_box",3495,-0.0062105031
"heterogeneous_box","direct_box",3499,-0.046113621
"heterogeneous_box","direct_box",3503,-0.07198371
"heterogeneous_box","direct_box",3507,-0.051140674
"heterogeneous_box","direct_box",3511,0.035544872
"heterogeneous_box","direct_box",3515,0.00099288652
"heterogeneous_box","direct_box",3519,-0.010647113
"heterogeneous_box","direct_box",3523,0.0015903743
"heterogeneous_box","direct_box",3527,0.050772206
"heterogeneous_box","direct_box",3531,-0.040186591
"heterogeneous_box","direct_box",3535,-0.039439746
"heterogeneous_box","direct_box",3539,0.012541935
"heterogeneous_box","direct_box",3543,0.011624588
"heterogeneous_box","direct_box",3547,0.025680097
"heterogeneous_box","direct_box",3551,0.012149799
"heterogeneous_box","direct_box",3555,0.056967718
"heterogeneous_box","direct_box",3559,-0.064078996
"heterogeneous_box","direct_box",3563,0.017716912
"heterogeneous_box","direct_box",3567,0.020872975
"heterogeneous_box","direct_box",3571,0.057638871
"heterogeneous_box","direct_box",3575,0.012936574
"heterogeneous_box","direct_box",3579,-0.024986638
"heterogeneous_box","direct_box",3583,0.057784685
"heterogeneous_box","direct_box",3587,0.038139927
"heterogeneous_box","direct_box",3591,-0.068468843
"heterogeneous_box","direct_box",3595,-0.01218433
"heterogeneous_box","direct_box",3599,0.057062954
"heterogeneous_box","direct_box",3603,-0.048986671
"heterogeneous_box","direct_box",3607,-0.060368429
"heterogeneous_box","direct_box",3611,0.0052095402
"heterogeneous_box","direct_box",3615,-0.068540074
"heterogeneous_box","direct_box",3619,0.034531918
"heterogeneous_box","direct_box",3623,-0.065659288
"heterogeneous_box","direct_box",3627,0.038975365
"heterogeneous_box","direct_box",3631,-0.0591432
"heterogeneous_box","direct_box",3635,0.010112527
"heterogeneous_box","direct_box",3639,-0.014498741
"heterogeneous_box","direct_box",3643,0.02574806
"heterogeneous_box","direct_box",3647,0.019542537
"heterogeneous_box","direct_box",3651,-0.020251831
"heterogeneous_box","direct_box",3655,-0.020403176
"heterogeneous_box","direct_box",3659,-0.0041274458
"heterogeneous_box","direct_box",3663,0.0036405268
"heterogeneous_box","direct_box",3667,-0.028949965
"heterogeneous_box","direct_box",3671,-0.037455068
"heterogeneous_box","direct_box",3675,-0.053164289
"heterogeneous_box","direct_box",3679,-0.060745381
"heterogeneous_box","direct_box",3683,-0.01781523
"heterogeneous_box","direct_box",3687,-0.0074650317
"heterogeneous_box","direct_box",3691,0.055920094
"heterogeneous_box","direct_box",3695,-0.061921414
"heterogeneous_box","direct_box",3699,0.044965501
"heterogeneous_box","direct_box",3703,0.017120902
"heterogeneous_box","direct_box",3707,-0.019043848
"heterogeneous_box","direct_box",3711,0.036919763
"heterogeneous_box","direct_box",3715,0.044122946
"heterogeneous_box","direct_box",3719,-0.054414919
"heterogeneous_box","direct_box",3723,-0.06479709
"heterogeneous_box","direct_box",3727,0.034430844
"heterogeneous_box","direct_box",3731,0.061797374
"heterogeneous_box","direct_box",3735,0.040324208
"heterogeneous_box","direct_box",3739,-0.061703426
"heterogeneous_box","direct_box",3743,0.0040287608
"heterogeneous_box","direct_box",3747,-0.058895131
"heterogeneous_box","direct_box",3751,-0.010971337
"heterogeneous_box","direct_box",3755,-0.040622206
"heterogeneous_box","direct_box",3759,-0.062633731
"heterogeneous_box","direct_box",3763,0.0099121059
"heterogeneous_box","direct_box",3767,-0.0036784969
"heterogeneous_box","direct_box",3771,-0.065921523
"heterogeneous_box","direct_box",3775,-0.029517038
"heterogeneous_box","direct_box",3779,0.030868529
"heterogeneous_box","direct_box",3783,0.037562316
"heterogeneous_box","direct_box",3787,-0.023815351
"heterogeneous_box","direct_box",3791,0.015827846
"heterogeneous_box","direct_box",3795,-0.044875035
"heterogeneous_box","direct_box",3799,0.015965583
"heterogeneous_box","direct_box",3803,0.025964871
"heterogeneous_box","direct_box",3807,-0.0071996457
"heterogeneous_box","direct_box",3811,-0.051657892
"heterogeneous_box","direct_box",3815,0.0052299177
"heterogeneous_box","direct_box",3819,0.051604861
"heterogeneous_box","direct_box",3823,-0.04342948
"heterogeneous_box","direct_box",3827,0.038131885
"heterogeneous_box","direct_box",3831,0.057749369
"heterogeneous_box","direct_box",3835,-0.066564318
"heterogeneous_box","direct_box",3839,0.047285311
"heterogeneous_box","direct_box",3843,0.055704237
"heterogeneous_box","direct_box",3847,-0.031837949
"heterogeneous_box","direct_box",3851,0.044288513
"heterogeneous_box","direct_box",3855,0.044626301
"heterogeneous_box","direct_box",3859,-0.0013751493
"heterogeneous_box","direct_box",3863,-0.072281745
"heterogeneous_box","direct_box",3867,0.037605983
"heterogeneous_box","direct_box",3871,-0.066940397
"heterogeneous_box","direct_box",3875,0.0059342954
"heterogeneous_box","direct_box",3879,-0.048746997
"heterogeneous_box","direct_box",3883,0.010055547
"heterogeneous_box","direct_box",3887,-0.027174756
"heterogeneous_box","direct_box",3891,-0.065950786
"heterogeneous_box","direct_box",3895,0.026647789
"heterogeneous_box","direct_box",3899,0.0069570665
"heterogeneous_box","direct_box",3903,0.0026487963
"heterogeneous_box","direct_box",3907,0.016791608
"heterogeneous_box","direct_box",3911,-0.069699088
"heterogeneous_box","direct_box",3915,0.041969354
"heterogeneous_box","direct_box",3919,-0.013042948
"heterogeneous_box","direct_box",3923,0.016844489
"heterogeneous_box","direct_box",3927,-0.047212163
"heterogeneous_box","direct_box",3931,-0.005376702
"heterogeneous_box","direct_box",3935,-0.0048095991
"heterogeneous_box","direct_box",3939,0.043827165
"heterogeneous_box","direct_box",3943,-0.05621834
"heterogeneous_box","direct_box",3947,-0.051203539
"heterogeneous_box","direct_box",3951,0.049586283
"heterogeneous_box","direct_box",3955,0.039321717
"heterogeneous_box","direct_box",3959,0.06197353
"heterogeneous_box","direct_box",3963,0.045233632
"heterogeneous_box","direct_box",3967,-0.041218841
"heterogeneous_box","direct_box",3971,-0.050247425
"heterogeneous_box","direct_box",3975,0.030201496
"heterogeneous_box","direct_box",3979,0.00031503415
"heterogeneous_box","direct_box",3983,0.0094104434
"heterogeneous_box","direct_box",3987,0.04178491
"heterogeneous_box","direct_box",3991,-0.0093283201
"heterogeneous_box","direct_box",3995,0.056260351
"heterogeneous_box","direct_box",3999,0.053275155
"heterogeneous_box","direct_box",4003,-0.0083863061
"heterogeneous_box","direct_box",4007,-0.063664382
"heterogeneous_box","direct_box",4011,-0.003302838
"heterogeneous_box","direct_box",4015,0.046511841
"heterogeneous_box","direct_box",4019,-0.0099786692
"heterogeneous_box","direct_box",4023,-0.012400011
"heterogeneous_box","direct_box",4027,-0.046537341
"heterogeneous_box","direct_box",4031,-0.025671851
"heterogeneous_box","direct_box",4035,0.017913158
"heterogeneous_box","direct_box",4039,0.010925478
"heterogeneous_box","direct_box",4043,-0.021122298
"heterogeneous_box","direct_box",4047,0.037066364
"heterogeneous_box","direct_box",4051,0.052121199
"heterogeneous_box","direct_box",4055,-0.028042506
"heterogeneous_box","direct_box",4059,0.0063576405
"heterogeneous_box","direct_box",4063,0.04508067
"heterogeneous_box","direct_box",4067,-0.04258185
"heterogeneous_box","direct_box",4071,-0.0030703681
"heterogeneous_box","direct_box",4075,0.00014442255
"heterogeneous_box","direct_box",4079,0.038468271
"heterogeneous_box","direct_box",4083,-0.003107685
"heterogeneous_box","direct_box",4087,-0.025720143
"heterogeneous_box","direct_box",4091,-0.023204608
"heterogeneous_box","direct_box",4095,0.051373685
"heterogeneous_box","direct_box",4099,-0.042366735
"heterogeneous_box","direct_box",4103,-0.013756292
"heterogeneous_box","direct_box",4107,-0.063193753
"heterogeneous_box","direct_box",4111,0.039940186
"heterogeneous_box","direct_box",4115,0.044717762
"heterogeneous_box","direct_box",4119,-0.050305674
"heterogeneous_box","direct_box",4123,-0.040470647
"heterogeneous_box","direct_box",4127,-0.024841211
"heterogeneous_box","direct_box",4131,0.019132633
"heterogeneous_box","direct_box",4135,0.048974849
"heterogeneous_box","direct_box",4139,0.0058396567
"heterogeneous_box","direct_box",4143,0.024010253
"heterogeneous_box","direct_box",4147,-0.055027862
"heterogeneous_box","direct_box",4151,-0.0018015742
"heterogeneous_box","direct_box",4155,0.052612725
"heterogeneous_box","direct_box",4159,-0.026879237
"heterogeneous_box","direct_box",4163,-0.0040121998
"heterogeneous_box","direct_box",4167,-0.046691395
"heterogeneous_box","direct_box",4171,-0.037350684
"heterogeneous_box","direct_box",4175,-0.026170418
"heterogeneous_box","direct_box",4179,0.0021010552
"heterogeneous_box","direct_box",4183,-0.04540014
"heterogeneous_box","direct_box",4187,-0.063955901
"heterogeneous_box","direct_box",4191,-0.030328437
"heterogeneous_box","direct_box",4195,-0.059424188
"heterogeneous_box","direct_box",4199,-0.0014315632
"heterogeneous_box","direct_box",4203,-0.032820748
"heterogeneous_box","direct_box",4207,0.042319112
"heterogeneous_box","direct_box",4211,-0.047873798
"heterogeneous_box","direct_box",4215,-0.067825267
"heterogeneous_box","direct_box",4219,-0.065263788
"heterogeneous_box","direct_box",4223,0.034942018
"heterogeneous_box","direct_box",4227,0.033871017
"heterogeneous_box","direct_box",4231,-0.055503075
"heterogeneous_box","direct_box",4235,0.051286874
"heterogeneous_box","direct_box",4239,-0.013127798
"heterogeneous_box","direct_box",4243,-0.064542654
"heterogeneous_box","direct_box",4247,0.020945028
"heterogeneous_box","direct_box",4251,-0.03851778
"heterogeneous_box","direct_box",4255,-0.031495078
"heterogeneous_box","direct_box",4259,0.0024242658
"heterogeneous_box","direct_box",4263,0.057174649
"heterogeneous_box","direct_box",4267,0.059992649
"heterogeneous_box","direct_box",4271,-0.0081739313
"heterogeneous_box","direct_box",4275,-0.048457557
"heterogeneous_box","direct_box",4279,0.011603791
"heterogeneous_box","direct_box",4283,-0.022177924
"heterogeneous_box","direct_box",4287,-0.061924734
"heterogeneous_box","direct_box",4291,-0.061716219
"heterogeneous_box","direct_box",4295,0.050063028
"heterogeneous_box","direct_box",4299,0.023135175
"heterogeneous_box","direct_box",4303,0.0017259576
"heterogeneous_box","direct_box",4307,-0.033686091
"heterogeneous_box","direct_box",4311,-0.0058972081
"heterogeneous_box","direct_box",4315,-0.050226571
"heterogeneous_box","direct_box",4319,-0.0091132463
"heterogeneous_box","direct_box",4323,-0.045065016
"heterogeneous_box","direct_box",4327,0.057826206
"heterogeneous_box","direct_box",4331,0.058191472
"heterogeneous_box","direct_box",4335,-0.054703568
"heterogeneous_box","direct_box",4339,0.052187085
"heterogeneous_box","direct_box",4343,-0.035624237
"heterogeneous_box","direct_box",4347,-0.04868326
"heterogeneous_box","direct_box",4351,-0.023229144
"heterogeneous_box","direct_box",4355,-0.063381643
"heterogeneous_box","direct_box",4359,0.0027263046
"heterogeneous_box","direct_box",4363,-0.015288526
"heterogeneous_box","direct_box",4367,0.058444466
"heterogeneous_box","direct_box",4371,0.027626354
"heterogeneous_box","direct_box",4375,-0.0091280914
"heterogeneous_box","direct_box",4379,0.048803501
"heterogeneous_box","direct_box",4383,-0.021782472
"heterogeneous_box","direct_box",4387,-0.053056255
"heterogeneous_box","direct_box",4391,-0.032077494
"heterogeneous_box","direct_box",4395,0.058121666
"heterogeneous_box","direct_box",4399,-0.046098747
"heterogeneous_box","direct_box",4403,0.031273883
"heterogeneous_box","direct_box",4407,-0.06055237
"heterogeneous_box","direct_box",4411,-0.070864217
"heterogeneous_box","direct_box",4415,-0.017696866
"heterogeneous_box","direct_box",4419,0.049725061
"heterogeneous_box","direct_box",4423,-0.0082551753
"heterogeneous_box","direct_box",4427,0.034446253
"heterogeneous_box","direct_box",4431,0.039152635
"heterogeneous_box","direct_box",4435,-0.0063056163
"heterogeneous_box","direct_box",4439,-0.018886279
"heterogeneous_box","direct_box",4443,-0.022896232
"heterogeneous_box","direct_box",4447,-0.028693322
"heterogeneous_box","direct_box",4451,-0.031903753
"heterogeneous_box","direct_box",4455,0.014006439
"heterogeneous_box","direct_box",4459,0.059027809
"heterogeneous_box","direct_box",4463,-0.071601564
"heterogeneous_box","direct_box",4467,0.0426553
"heterogeneous_box","direct_box",4471,0.026017591
"heterogeneous_box","direct_box",4475,-0.0046341784
"heterogeneous_box","direct_box",4479,0.0059790814
"heterogeneous_box","direct_box",4483,-0.045025103
"heterogeneous_box","direct_box",4487,-0.058081466
"heterogeneous_box","direct_box",4491,0.011367299
"heterogeneous_box","direct_box",4495,-0.013394711
"heterogeneous_box","direct_box",4499,-0.059872228
"heterogeneous_box","direct_box",4503,-0.0083521336
"heterogeneous_box","direct_box",4507,0.037461288
"heterogeneous_box","direct_box",4511,-0.069072837
"heterogeneous_box","direct_box",4515,0.016673678
"heterogeneous_box","direct_box",4519,-0.017149058
"heterogeneous_box","direct_box",4523,0.055387044
"heterogeneous_box","direct_box",4527,0.040378616
"heterogeneous_box","direct_box",4531,-0.0030780974
"heterogeneous_box","direct_box",4535,0.048535483
"heterogeneous_box","direct_box",4539,-0.0037163703
"heterogeneous_box","direct_box",4543,0.052159401
"heterogeneous_box","direct_box",4547,-0.062317361
"heterogeneous_box","direct_box",4551,0.049553843
"heterogeneous_box","direct_box",4555,-0.0051004266
"heterogeneous_box","direct_box",4559,-0.057153769
"heterogeneous_box","direct_box",4563,-0.016767662
"heterogeneous_box","direct_box",4567,-0.072323244
"heterogeneous_box","direct_box",4571,0.024888118
"heterogeneous_box","direct_box",4575,0.0085835175
"heterogeneous_box","direct_box",4579,-0.045004152
"heterogeneous_box","direct_box",4583,-0.059986844
"heterogeneous_box","direct_box",4587,-0.026601597
"heterogeneous_box","direct_box",4591,-0.023162917
"heterogeneous_box","direct_box",4595,0.033892743
"heterogeneous_box","direct_box",4599,0.01818099
"heterogeneous_box","direct_box",4603,-0.055008019
"heterogeneous_box","direct_box",4607,-0.046758246
"heterogeneous_box","direct_box",4611,-0.023347585
"heterogeneous_box","direct_box",4615,0.014433003
"heterogeneous_box","direct_box",4619,0.01166828
"heterogeneous_box","direct_box",4623,0.031641179
"heterogeneous_box","direct_box",4627,0.047533747
"heterogeneous_box","direct_box",4631,0.013176357
"heterogeneous_box","direct_box",4635,0.021977437
"heterogeneous_box","direct_box",4639,-0.03980813
"heterogeneous_box","direct_box",4643,0.031844175
"heterogeneous_box","direct_box",4647,0.024658873
"heterogeneous_box","direct_box",4651,0.049196846
"heterogeneous_box","direct_box",4655,0.0057946276
"heterogeneous_box","direct_box",4659,-0.023459004
"heterogeneous_box","direct_box",4663,0.0091904519
"heterogeneous_box","direct_box",4667,-0.032854498
"heterogeneous_box","direct_box",4671,-0.016876663
"heterogeneous_box","direct_box",4675,-0.011736785
"heterogeneous_box","direct_box",4679,0.034333584
"heterogeneous_box","direct_box",4683,-0.062207224
"heterogeneous_box","direct_box",4687,0.060044053
"heterogeneous_box","direct_box",4691,-0.009221884
"heterogeneous_box","direct_box",4695,-0.069676164
"heterogeneous_box","direct_box",4699,0.011613459
"heterogeneous_box","direct_box",4703,-0.041953445
"heterogeneous_box","direct_box",4707,0.044288927
"heterogeneous_box","direct_box",4711,-0.015954423
"heterogeneous_box","direct_box",4715,-0.067436657
"heterogeneous_box","direct_box",4719,0.061224352
"heterogeneous_box","direct_box",4723,-0.052319909
"heterogeneous_box","direct_box",4727,0.035994003
"heterogeneous_box","direct_box",4731,-0.055520194
"heterogeneous_box","direct_box",4735,-0.01695653
"heterogeneous_box","direct_box",4739,-0.018152178
"heterogeneous_box","direct_box",4743,0.054062674
"heterogeneous_box","direct_box",4747,-0.047371279
"heterogeneous_box","direct_box",4751,-0.00067733675
"heterogeneous_box","direct_box",4755,0.0305893
"heterogeneous_box","direct_box",4759,-0.060469447
"heterogeneous_box","direct_box",4763,-0.03821847
"heterogeneous_box","direct_box",4767,-0.0099038576
"heterogeneous_box","direct_box",4771,0.014518506
"heterogeneous_box","direct_box",4775,-0.055558494
"heterogeneous_box","direct_box",4779,-0.064286034
"heterogeneous_box","direct_box",4783,-0.041134507
"heterogeneous_box","direct_box",4787,-0.058464531
"heterogeneous_box","direct_box",4791,-0.069231235
"heterogeneous_box","direct_box",4795,-0.064888903
"heterogeneous_box","direct_box",4799,-0.071882294
"heterogeneous_box","direct_box",4803,-0.003411414
"heterogeneous_box","direct_box",4807,0.050094742
"heterogeneous_box","direct_box",4811,0.05235214
"heterogeneous_box","direct_box",4815,0.054786779
"heterogeneous_box","direct_box",4819,-0.036871197
"heterogeneous_box","direct_box",4823,-0.0092389426
"heterogeneous_box","direct_box",4827,-0.046765348
"heterogeneous_box","direct_box",4831,0.047521373
"heterogeneous_box","direct_box",4835,-0.057561074
"heterogeneous_box","direct_box",4839,-0.053671215
"heterogeneous_box","direct_box",4843,0.040141137
"heterogeneous_box","direct_box",4847,-0.012779544
"heterogeneous_box","direct_box",4851,-0.011779867
"heterogeneous_box","direct_box",4855,-0.054318753
"heterogeneous_box","direct_box",4859,-0.036068143
"heterogeneous_box","direct_box",4863,-0.046424729
"heterogeneous_box","direct_box",4867,0.05625668
"heterogeneous_box","direct_box",4871,-0.036596443
"heterogeneous_box","direct_box",4875,0.04603057
"heterogeneous_box","direct_box",4879,0.037956086
"heterogeneous_box","direct_box",4883,-0.032263033
"heterogeneous_box","direct_box",4887,0.050637361
"heterogeneous_box","direct_box",4891,-0.033128484
"heterogeneous_box","direct_box",4895,-0.016384629
"heterogeneous_box","direct_box",4899,0.022578662
"heterogeneous_box","direct_box",4903,-0.044755345
"heterogeneous_box","direct_box",4907,-0.014032856
"heterogeneous_box","direct_box",4911,-0.051975739
"heterogeneous_box","direct_box",4915,-0.0015106977
"heterogeneous_box","direct_box",4919,-0.038656009
"heterogeneous_box","direct_box",4923,-0.0038004535
"heterogeneous_box","direct_box",4927,-0.016071323
"heterogeneous_box","direct_box",4931,-0.053109112
"heterogeneous_box","direct_box",4935,0.011957065
"heterogeneous_box","direct_box",4939,-0.037345175
"heterogeneous_box","direct_box",4943,-0.039687426
"heterogeneous_box","direct_box",4947,-0.070200049
"heterogeneous_box","direct_box",4951,-0.063492505
"heterogeneous_box","direct_box",4955,-0.024063647
"heterogeneous_box","direct_box",4959,-0.015286706
"heterogeneous_box","direct_box",4963,-0.026018604
"heterogeneous_box","direct_box",4967,-0.049612641
"heterogeneous_box","direct_box",4971,0.013481842
"heterogeneous_box","direct_box",4975,0.001711779
"heterogeneous_box","direct_box",4979,0.058106948
"heterogeneous_box","direct_box",4983,-0.065774496
"heterogeneous_box","direct_box",4987,0.032312227
"heterogeneous_box","direct_box",4991,-0.055348035
"heterogeneous_box","direct_box",4995,-0.045173928
"heterogeneous_box","direct_box",4999,0.0095860751
"heterogeneous_box","direct_box",5004,-0.03430953
"heterogeneous_box","direct_box",5008,0.0038788304
"heterogeneous_box","direct_box",5012,-0.051294227
"heterogeneous_box","direct_box",5016,-0.062693823
"heterogeneous_box","direct_box",5020,0.02326552
"heterogeneous_box","direct_box",5024,0.057518389
"heterogeneous_box","direct_box",5028,0.013845207
"heterogeneous_box","direct_box",5032,0.0014778249
"heterogeneous_box","direct_box",5036,-0.014836568
"heterogeneous_box","direct_box",5040,0.020147771
"heterogeneous_box","direct_box",5044,-0.037732188
"heterogeneous_box","direct_box",5048,-0.046608194
"heterogeneous_box","direct_box",5052,0.053385371
"heterogeneous_box","direct_box",5056,-0.031789193
"heterogeneous_box","direct_box",5060,-0.053774413
"heterogeneous_box","direct_box",5064,-0.020815195
"heterogeneous_box","direct_box",5068,-0.016368018
"heterogeneous_box","direct_box",5072,-0.02560571
"heterogeneous_box","direct_box",5076,0.033805331
"heterogeneous_box","direct_box",5080,0.053527499
"heterogeneous_box","direct_box",5084,-0.059362624
"heterogeneous_box","direct_box",5088,-0.0088776967
"heterogeneous_box","direct_box",5092,-0.033841425
"heterogeneous_box","direct_box",5096,0.03055755
"heterogeneous_box","direct_box",5100,0.033942026
"heterogeneous_box","direct_box",5104,0.0068880998
"heterogeneous_box","direct_box",5108,-0.014261786
"heterogeneous_box","direct_box",5112,0.01073986
"heterogeneous_box","direct_box",5116,0.005997766
"heterogeneous_box","direct_box",5120,-0.016681077
"heterogeneous_box","direct_box",5124,0.020413935
"heterogeneous_box","direct_box",5128,-0.018894711
"heterogeneous_box","direct_box",5132,-0.013379607
"heterogeneous_box","direct_box",5136,0.0066232886
"heterogeneous_box","direct_box",5140,-0.044741509
"heterogeneous_box","direct_box",5144,0.012552533
"heterogeneous_box","direct_box",5148,0.024099133
"heterogeneous_box","direct_box",5152,-0.042943592
"heterogeneous_box","direct_box",5156,0.02298698
"heterogeneous_box","direct_box",5160,-0.024098389
"heterogeneous_box","direct_box",5164,0.010942742
"heterogeneous_box","direct_box",5168,-0.013110679
"heterogeneous_box","direct_box",5172,-0.02191664
"heterogeneous_box","direct_box",5176,-0.067881018
"heterogeneous_box","direct_box",5180,0.038927193
"heterogeneous_box","direct_box",5184,-0.022870043
"heterogeneous_box","direct_box",5188,0.044207908
"heterogeneous_box","direct_box",5192,-0.0075259326
"heterogeneous_box","direct_box",5196,-0.01971197
"heterogeneous_box","direct_box",5200,-0.017149122
"heterogeneous_box","direct_box",5204,0.034926366
"heterogeneous_box","direct_box",5208,0.026256105
"heterogeneous_box","direct_box",5212,0.033817423
"heterogeneous_box","direct_box",5216,-0.016445743
"heterogeneous_box","direct_box",5220,-0.066718245
"heterogeneous_box","direct_box",5224,0.026585816
"heterogeneous_box","direct_box",5228,-0.0003097595
"heterogeneous_box","direct_box",5232,0.0025696984
"heterogeneous_box","direct_box",5236,0.03557001
"heterogeneous_box","direct_box",5240,-0.058413954
"heterogeneous_box","direct_box",5244,0.037525559
"heterogeneous_box","direct_box",5248,0.060568633
"heterogeneous_box","direct_box",5252,0.043391825
"heterogeneous_box","direct_box",5256,0.035465551
"heterogeneous_box","direct_box",5260,-0.044500673
"heterogeneous_box","direct_box",5264,0.031188222
"heterogeneous_box","direct_box",5268,-0.02153106
"heterogeneous_box","direct_box",5272,0.042572475
"heterogeneous_box","direct_box",5276,-0.060675242
"heterogeneous_box","direct_box",5280,-0.046705431
"heterogeneous_box","direct_box",5284,-0.067849573
"heterogeneous_box","direct_box",5288,0.0055741625
"heterogeneous_box","direct_box",5292,-0.053783529
"heterogeneous_box","direct_box",5296,0.034755939
"heterogeneous_box","direct_box",5300,-0.036479262
"heterogeneous_box","direct_box",5304,0.051477824
"heterogeneous_box","direct_box",5308,0.0086983802
"heterogeneous_box","direct_box",5312,-0.014922815
"heterogeneous_box","direct_box",5316,-0.039528188
"heterogeneous_box","direct_box",5320,0.036511301
"heterogeneous_box","direct_box",5324,0.021363741
"heterogeneous_box","direct_box",5328,0.026064354
"heterogeneous_box","direct_box",5332,0.035090788
"heterogeneous_box","direct_box",5336,-0.0018750997
"heterogeneous_box","direct_box",5340,-0.019373323
"heterogeneous_box","direct_box",5344,0.0090941602
"heterogeneous_box","direct_box",5348,0.05605934
"heterogeneous_box","direct_box",5352,0.037840601
"heterogeneous_box","direct_box",5356,-0.070040339
"heterogeneous_box","direct_box",5360,-0.069744415
"heterogeneous_box","direct_box",5364,-0.0031401786
"heterogeneous_box","direct_box",5368,-0.016097537
"heterogeneous_box","direct_box",5372,0.009558181
"heterogeneous_box","direct_box",5376,0.00089858367
"heterogeneous_box","direct_box",5380,-0.031378162
"heterogeneous_box","direct_box",5384,-0.039912001
"heterogeneous_box","direct_box",5388,-0.071739422
"heterogeneous_box","direct_box",5392,0.039358968
"heterogeneous_box","direct_box",5396,0.023486315
"heterogeneous_box","direct_box",5400,0.037917694
"heterogeneous_box","direct_box",5404,-0.065260495
"heterogeneous_box","direct_box",5408,0.04938459
"heterogeneous_box","direct_box",5412,-0.037771918
"heterogeneous_box","direct_box",5416,-0.04846463
"heterogeneous_box","direct_box",5420,0.017967317
"heterogeneous_box","direct_box",5424,-0.022356126
"heterogeneous_box","direct_box",5428,0.010826369
"heterogeneous_box","direct_box",5432,-0.054414277
"heterogeneous_box","direct_box",5436,-0.039281418
"heterogeneous_box","direct_box",5440,0.013768395
"heterogeneous_box","direct_box",5444,-0.019924288
"heterogeneous_box","direct_box",5448,0.023901253
"heterogeneous_box","direct_box",5452,0.023581127
"heterogeneous_box","direct_box",5456,0.01523512
"heterogeneous_box","direct_box",5460,0.026772348
"heterogeneous_box","direct_box",5464,0.021821617
"heterogeneous_box","direct_box",5468,0.025786691
"heterogeneous_box","direct_box",5472,-0.059806045
"heterogeneous_box","direct_box",5476,0.036518222
"heterogeneous_box","direct_box",5480,0.048378118
"heterogeneous_box","direct_box",5484,-0.017063258
"heterogeneous_box","direct_box",5488,0.014542082
"heterogeneous_box","direct_box",5492,-0.020037263
"heterogeneous_box","direct_box",5496,0.059275251
"heterogeneous_box","direct_box",5500,0.035130755
"heterogeneous_box","direct_box",5504,0.034605925
"heterogeneous_box","direct_box",5508,-0.019208512
"heterogeneous_box","direct_box",5512,-0.017753889
"heterogeneous_box","direct_box",5516,0.054636102
"heterogeneous_box","direct_box",5520,-0.026121764
"heterogeneous_box","direct_box",5524,0.0041098343
"heterogeneous_box","direct_box",5528,0.012743774
"heterogeneous_box","direct_box",5532,0.048350178
"heterogeneous_box","direct_box",5536,0.061711899
"heterogeneous_box","direct_box",5540,0.04099402
"heterogeneous_box","direct_box",5544,0.040848234
"heterogeneous_box","direct_box",5548,-0.022855029
"heterogeneous_box","direct_box",5552,-0.0077900957
"heterogeneous_box","direct_box",5556,-0.046459885
"heterogeneous_box","direct_box",5560,0.031996598
"heterogeneous_box","direct_box",5564,0.020944518
"heterogeneous_box","direct_box",5568,-0.02865115
"heterogeneous_box","direct_box",5572,0.053541581
"heterogeneous_box","direct_box",5576,0.048145512
"heterogeneous_box","direct_box",5580,0.0025455656
"heterogeneous_box","direct_box",5584,-0.070695658
"heterogeneous_box","direct_box",5588,0.059500306
"heterogeneous_box","direct_box",5592,-0.043125941
"heterogeneous_box","direct_box",5596,0.038969823
"heterogeneous_box","direct_box",5600,-0.048869138
"heterogeneous_box","direct_box",5604,-0.063682187
"heterogeneous_box","direct_box",5608,0.0070846614
"heterogeneous_box","direct_box",5612,-0.047967949
"heterogeneous_box","direct_box",5616,0.036283295
"heterogeneous_box","direct_box",5620,-0.05698419
"heterogeneous_box","direct_box",5624,0.033682928
"heterogeneous_box","direct_box",5628,0.043771791
"heterogeneous_box","direct_box",5632,0.0011747306
"heterogeneous_box","direct_box",5636,-0.042973464
"heterogeneous_box","direct_box",5640,-0.071328331
"heterogeneous_box","direct_box",5644,-0.069679821
"heterogeneous_box","direct_box",5648,0.054498646
"heterogeneous_box","direct_box",5652,0.059911233
"heterogeneous_box","direct_box",5656,0.033617593
"heterogeneous_box","direct_box",5660,0.034212876
"heterogeneous_box","direct_box",5664,-0.07057014
"heterogeneous_box","direct_box",5668,0.04254691
"heterogeneous_box","direct_box",5672,-0.058974274
"heterogeneous_box","direct_box",5676,-0.034531676
"heterogeneous_box","direct_box",5680,-0.060077807
"heterogeneous_box","direct_box",5684,-0.06567437
"heterogeneous_box","direct_box",5688,0.034692017
"heterogeneous_box","direct_box",5692,0.018817019
"heterogeneous_box","direct_box",5696,-0.068913123
"heterogeneous_box","direct_box",5700,-0.048606017
"heterogeneous_box","direct_box",5704,0.039212708
"heterogeneous_box","direct_box",5708,-0.028668332
"heterogeneous_box","direct_box",5712,-0.032584234
"heterogeneous_box","direct_box",5716,0.041462221
"heterogeneous_box","direct_box",5720,0.050229747
"heterogeneous_box","direct_box",5724,0.031519962
"heterogeneous_box","direct_box",5728,-0.028773219
"heterogeneous_box","direct_box",5732,-0.045262178
"heterogeneous_box","direct_box",5736,0.0025189924
"heterogeneous_box","direct_box",5740,0.015259127
"heterogeneous_box","direct_box",5744,0.0072532779
"heterogeneous_box","direct_box",5748,-0.020794324
"heterogeneous_box","direct_box",5752,0.0056019051
"heterogeneous_box","direct_box",5756,0.0060707994
"heterogeneous_box","direct_box",5760,-0.05680447
"heterogeneous_box","direct_box",5764,-0.065232483
"heterogeneous_box","direct_box",5768,-0.030811614
"heterogeneous_box","direct_box",5772,0.054219769
"heterogeneous_box","direct_box",5776,0.060126355
"heterogeneous_box","direct_box",5780,-0.018807472
"heterogeneous_box","direct_box",5784,0.0036089741
"heterogeneous_box","direct_box",5788,0.042669015
"heterogeneous_box","direct_box",5792,-0.032652468
"heterogeneous_box","direct_box",5796,0.056049289
"heterogeneous_box","direct_box",5800,0.0052527833
"heterogeneous_box","direct_box",5804,-0.040506464
"heterogeneous_box","direct_box",5808,-0.025321412
"heterogeneous_box","direct_box",5812,-0.048001111
"heterogeneous_box","direct_box",5816,-0.00075689145
"heterogeneous_box","direct_box",5820,-0.050281358
"heterogeneous_box","direct_box",5824,0.041280235
"heterogeneous_box","direct_box",5828,0.056460932
"heterogeneous_box","direct_box",5832,0.045904739
"heterogeneous_box","direct_box",5836,0.029561067
"heterogeneous_box","direct_box",5840,0.023661969
"heterogeneous_box","direct_box",5844,-0.047679927
"heterogeneous_box","direct_box",5848,0.048778981
"heterogeneous_box","direct_box",5852,0.030870881
"heterogeneous_box","direct_box",5856,-0.062739088
"heterogeneous_box","direct_box",5860,-0.055476293
"heterogeneous_box","direct_box",5864,0.043541305
"heterogeneous_box","direct_box",5868,-0.069556501
"heterogeneous_box","direct_box",5872,0.023474058
"heterogeneous_box","direct_box",5876,-0.06930573
"heterogeneous_box","direct_box",5880,-0.070391865
"heterogeneous_box","direct_box",5884,-0.057949548
"heterogeneous_box","direct_box",5888,-0.048618701
"heterogeneous_box","direct_box",5892,0.021543941
"heterogeneous_box","direct_box",5896,0.017136422
"heterogeneous_box","direct_box",5900,-0.042073616
"heterogeneous_box","direct_box",5904,-0.014887186
"heterogeneous_box","direct_box",5908,-0.046205375
"heterogeneous_box","direct_box",5912,0.0098358188
"heterogeneous_box","direct_box",5916,-0.0072728786
"heterogeneous_box","direct_box",5920,0.0031278408
"heterogeneous_box","direct_box",5924,-0.045893039
"heterogeneous_box","direct_box",5928,-0.037722689
"heterogeneous_box","direct_box",5932,0.032369539
"heterogeneous_box","direct_box",5936,-0.019839704
"heterogeneous_box","direct_box",5940,0.052566067
"heterogeneous_box","direct_box",5944,-0.063933047
"heterogeneous_box","direct_box",5948,0.016357817
"heterogeneous_box","direct_box",5952,0.056722881
"heterogeneous_box","direct_box",5956,-0.043674783
"heterogeneous_box","direct_box",5960,-0.066130859
"heterogeneous_box","direct_box",5964,0.040124509
"heterogeneous_box","direct_box",5968,0.039512899
"heterogeneous_box","direct_box",5972,0.0077076444
"heterogeneous_box","direct_box",5976,-0.018806354
"heterogeneous_box","direct_box",5980,-0.047230945
"heterogeneous_box","direct_box",5984,0.033921951
"heterogeneous_box","direct_box",5988,-0.039326191
"heterogeneous_box","direct_box",5992,-0.018232884
"heterogeneous_box","direct_box",5996,-0.040408941
"heterogeneous_box","direct_box",6000,-0.014382271
"heterogeneous_box","global_ray",1,0.043951629
"heterogeneous_box","global_ray",5,0.030283033
"heterogeneous_box","global_ray",9,-0.018187321
"heterogeneous_box","global_ray",13,-0.011811338
"heterogeneous_box","global_ray",17,-0.048501262
"heterogeneous_box","global_ray",21,-0.036029572
"heterogeneous_box","global_ray",25,-0.01553138
"heterogeneous_box","global_ray",29,0.042323935
"heterogeneous_box","global_ray",33,-0.010116739
"heterogeneous_box","global_ray",37,-0.013243729
"heterogeneous_box","global_ray",41,0.048326437
"heterogeneous_box","global_ray",45,-0.043322553
"heterogeneous_box","global_ray",49,0.007595953
"heterogeneous_box","global_ray",53,-0.017773298
"heterogeneous_box","global_ray",57,-0.065309548
"heterogeneous_box","global_ray",61,-0.066794476
"heterogeneous_box","global_ray",65,-0.019067421
"heterogeneous_box","global_ray",69,0.039538808
"heterogeneous_box","global_ray",73,-0.057919419
"heterogeneous_box","global_ray",77,0.054001358
"heterogeneous_box","global_ray",81,-0.010202638
"heterogeneous_box","global_ray",85,0.058863721
"heterogeneous_box","global_ray",89,0.038517702
"heterogeneous_box","global_ray",93,-0.043941315
"heterogeneous_box","global_ray",97,0.028103845
"heterogeneous_box","global_ray",101,-0.03912693
"heterogeneous_box","global_ray",105,-0.045414854
"heterogeneous_box","global_ray",109,-0.040297012
"heterogeneous_box","global_ray",113,-0.041695789
"heterogeneous_box","global_ray",117,-0.0058422908
"heterogeneous_box","global_ray",121,-0.051618925
"heterogeneous_box","global_ray",125,0.0035424982
"heterogeneous_box","global_ray",129,-0.024154733
"heterogeneous_box","global_ray",133,0.031637674
"heterogeneous_box","global_ray",137,-0.012336675
"heterogeneous_box","global_ray",141,-0.041016744
"heterogeneous_box","global_ray",145,-0.071071799
"heterogeneous_box","global_ray",149,-0.018645322
"heterogeneous_box","global_ray",153,-0.066969666
"heterogeneous_box","global_ray",157,0.016839509
"heterogeneous_box","global_ray",161,-0.046611657
"heterogeneous_box","global_ray",165,0.036156749
"heterogeneous_box","global_ray",169,-0.051492827
"heterogeneous_box","global_ray",173,0.025877777
"heterogeneous_box","global_ray",177,0.056925376
"heterogeneous_box","global_ray",181,0.04197368
"heterogeneous_box","global_ray",185,0.0401602
"heterogeneous_box","global_ray",189,-0.049490552
"heterogeneous_box","global_ray",193,0.059651677
"heterogeneous_box","global_ray",197,-0.0090201905
"heterogeneous_box","global_ray",201,-0.047725924
"heterogeneous_box","global_ray",205,0.032100259
"heterogeneous_box","global_ray",209,0.053134044
"heterogeneous_box","global_ray",213,0.018600197
"heterogeneous_box","global_ray",217,-0.011928484
"heterogeneous_box","global_ray",221,0.051818032
"heterogeneous_box","global_ray",225,-0.054174496
"heterogeneous_box","global_ray",229,0.014366651
"heterogeneous_box","global_ray",233,-0.0479599
"heterogeneous_box","global_ray",237,-0.070690484
"heterogeneous_box","global_ray",241,0.0086666679
"heterogeneous_box","global_ray",245,0.056480528
"heterogeneous_box","global_ray",249,-0.033163937
"heterogeneous_box","global_ray",253,0.033739679
"heterogeneous_box","global_ray",257,-0.0023189586
"heterogeneous_box","global_ray",261,-0.013263436
"heterogeneous_box","global_ray",265,0.044854503
"heterogeneous_box","global_ray",269,-0.033510962
"heterogeneous_box","global_ray",273,-0.068369496
"heterogeneous_box","global_ray",277,-0.032885846
"heterogeneous_box","global_ray",281,-0.069566694
"heterogeneous_box","global_ray",285,-0.035027188
"heterogeneous_box","global_ray",289,-0.066514627
"heterogeneous_box","global_ray",293,0.0063696402
"heterogeneous_box","global_ray",297,0.053652757
"heterogeneous_box","global_ray",301,-0.054705762
"heterogeneous_box","global_ray",305,-0.067986474
"heterogeneous_box","global_ray",309,-0.056682811
"heterogeneous_box","global_ray",313,-0.059773474
"heterogeneous_box","global_ray",317,-0.0015754414
"heterogeneous_box","global_ray",321,-0.00565064
"heterogeneous_box","global_ray",325,-0.022441103
"heterogeneous_box","global_ray",329,-0.044468759
"heterogeneous_box","global_ray",333,-0.053431748
"heterogeneous_box","global_ray",337,-0.027282544
"heterogeneous_box","global_ray",341,-0.069102817
"heterogeneous_box","global_ray",345,-0.017703247
"heterogeneous_box","global_ray",349,-0.028264127
"heterogeneous_box","global_ray",353,0.017121683
"heterogeneous_box","global_ray",357,0.0064444897
"heterogeneous_box","global_ray",361,0.0042618078
"heterogeneous_box","global_ray",365,-0.052477052
"heterogeneous_box","global_ray",369,-0.0016752983
"heterogeneous_box","global_ray",373,0.0098735253
"heterogeneous_box","global_ray",377,-0.046265494
"heterogeneous_box","global_ray",381,-0.019717516
"heterogeneous_box","global_ray",385,0.01182122
"heterogeneous_box","global_ray",389,-0.031018918
"heterogeneous_box","global_ray",393,0.055983018
"heterogeneous_box","global_ray",397,0.048845615
"heterogeneous_box","global_ray",401,0.00070323558
"heterogeneous_box","global_ray",405,-0.072063926
"heterogeneous_box","global_ray",409,-0.070217162
"heterogeneous_box","global_ray",413,-0.063093673
"heterogeneous_box","global_ray",417,-0.015493177
"heterogeneous_box","global_ray",421,0.021012365
"heterogeneous_box","global_ray",425,-0.032044128
"heterogeneous_box","global_ray",429,0.0024425434
"heterogeneous_box","global_ray",433,-0.016498063
"heterogeneous_box","global_ray",437,-0.055111944
"heterogeneous_box","global_ray",441,-0.038149318
"heterogeneous_box","global_ray",445,-0.05201522
"heterogeneous_box","global_ray",449,0.032316107
"heterogeneous_box","global_ray",453,0.047583131
"heterogeneous_box","global_ray",457,0.039820394
"heterogeneous_box","global_ray",461,-0.015983067
"heterogeneous_box","global_ray",465,0.050623738
"heterogeneous_box","global_ray",469,-0.0033441891
"heterogeneous_box","global_ray",473,0.039042221
"heterogeneous_box","global_ray",477,-0.012759282
"heterogeneous_box","global_ray",481,0.054682273
"heterogeneous_box","global_ray",485,0.021034415
"heterogeneous_box","global_ray",489,-0.0001179367
"heterogeneous_box","global_ray",493,-0.037220118
"heterogeneous_box","global_ray",497,0.058098348
"heterogeneous_box","global_ray",501,0.018871147
"heterogeneous_box","global_ray",505,-0.06248515
"heterogeneous_box","global_ray",509,-0.0046186119
"heterogeneous_box","global_ray",513,-0.035645117
"heterogeneous_box","global_ray",517,0.033691718
"heterogeneous_box","global_ray",521,0.053921667
"heterogeneous_box","global_ray",525,-0.066002828
"heterogeneous_box","global_ray",529,-0.01748763
"heterogeneous_box","global_ray",533,0.057505321
"heterogeneous_box","global_ray",537,0.021794152
"heterogeneous_box","global_ray",541,-0.042601134
"heterogeneous_box","global_ray",545,0.027559321
"heterogeneous_box","global_ray",549,0.059898644
"heterogeneous_box","global_ray",553,-0.012995384
"heterogeneous_box","global_ray",557,-0.013684672
"heterogeneous_box","global_ray",561,-0.061600235
"heterogeneous_box","global_ray",565,-0.027197558
"heterogeneous_box","global_ray",569,-0.056712997
"heterogeneous_box","global_ray",573,-0.0089830847
"heterogeneous_box","global_ray",577,-0.015709631
"heterogeneous_box","global_ray",581,-0.0058094568
"heterogeneous_box","global_ray",585,-0.063561255
"heterogeneous_box","global_ray",589,0.00027149443
"heterogeneous_box","global_ray",593,0.02728927
"heterogeneous_box","global_ray",597,-0.028320962
"heterogeneous_box","global_ray",601,-0.068528018
"heterogeneous_box","global_ray",605,-0.010287988
"heterogeneous_box","global_ray",609,-0.0053352575
"heterogeneous_box","global_ray",613,0.060139104
"heterogeneous_box","global_ray",617,0.034721377
"heterogeneous_box","global_ray",621,0.060999745
"heterogeneous_box","global_ray",625,0.014304195
"heterogeneous_box","global_ray",629,0.054835859
"heterogeneous_box","global_ray",633,-0.046329763
"heterogeneous_box","global_ray",637,0.025053022
"heterogeneous_box","global_ray",641,-0.028224142
"heterogeneous_box","global_ray",645,-0.023343801
"heterogeneous_box","global_ray",649,-0.035363006
"heterogeneous_box","global_ray",653,0.017532354
"heterogeneous_box","global_ray",657,-0.017044544
"heterogeneous_box","global_ray",661,0.022397389
"heterogeneous_box","global_ray",665,-0.036818899
"heterogeneous_box","global_ray",669,0.056415686
"heterogeneous_box","global_ray",673,-0.042427885
"heterogeneous_box","global_ray",677,-0.068548728
"heterogeneous_box","global_ray",681,-0.049618331
"heterogeneous_box","global_ray",685,-0.00071086104
"heterogeneous_box","global_ray",689,0.030063402
"heterogeneous_box","global_ray",693,0.05302848
"heterogeneous_box","global_ray",697,-0.05228347
"heterogeneous_box","global_ray",701,-0.034911859
"heterogeneous_box","global_ray",705,0.032617251
"heterogeneous_box","global_ray",709,-0.031867596
"heterogeneous_box","global_ray",713,-0.0084147191
"heterogeneous_box","global_ray",717,-0.028786261
"heterogeneous_box","global_ray",721,-0.049488676
"heterogeneous_box","global_ray",725,-0.038270673
"heterogeneous_box","global_ray",729,-0.057930661
"heterogeneous_box","global_ray",733,-0.023037257
"heterogeneous_box","global_ray",737,0.0020618252
"heterogeneous_box","global_ray",741,0.052718553
"heterogeneous_box","global_ray",745,0.041000436
"heterogeneous_box","global_ray",749,-0.016232505
"heterogeneous_box","global_ray",753,-0.023081944
"heterogeneous_box","global_ray",757,0.061562484
"heterogeneous_box","global_ray",761,-0.023116509
"heterogeneous_box","global_ray",765,0.058293145
"heterogeneous_box","global_ray",769,-0.0043434822
"heterogeneous_box","global_ray",773,-0.069004376
"heterogeneous_box","global_ray",777,-0.045784468
"heterogeneous_box","global_ray",781,-0.036415589
"heterogeneous_box","global_ray",785,-0.055542308
"heterogeneous_box","global_ray",789,0.055232936
"heterogeneous_box","global_ray",793,-0.05851259
"heterogeneous_box","global_ray",797,-0.0082326161
"heterogeneous_box","global_ray",801,0.043061524
"heterogeneous_box","global_ray",805,-0.054349443
"heterogeneous_box","global_ray",809,-0.041002334
"heterogeneous_box","global_ray",813,0.023719673
"heterogeneous_box","global_ray",817,0.048021652
"heterogeneous_box","global_ray",821,-0.061265871
"heterogeneous_box","global_ray",825,0.028868298
"heterogeneous_box","global_ray",829,-0.013576533
"heterogeneous_box","global_ray",833,0.040349339
"heterogeneous_box","global_ray",837,0.03094486
"heterogeneous_box","global_ray",841,0.022523606
"heterogeneous_box","global_ray",845,0.014706786
"heterogeneous_box","global_ray",849,-0.0037255034
"heterogeneous_box","global_ray",853,-0.045632888
"heterogeneous_box","global_ray",857,-0.017650269
"heterogeneous_box","global_ray",861,-0.047497345
"heterogeneous_box","global_ray",865,-0.016091661
"heterogeneous_box","global_ray",869,-0.053624703
"heterogeneous_box","global_ray",873,-0.06655881
"heterogeneous_box","global_ray",877,0.016749711
"heterogeneous_box","global_ray",881,-0.058134888
"heterogeneous_box","global_ray",885,0.050390366
"heterogeneous_box","global_ray",889,0.05868621
"heterogeneous_box","global_ray",893,0.052141999
"heterogeneous_box","global_ray",897,-0.04400584
"heterogeneous_box","global_ray",901,-0.057380747
"heterogeneous_box","global_ray",905,0.030513347
"heterogeneous_box","global_ray",909,0.06049212
"heterogeneous_box","global_ray",913,-0.0077153477
"heterogeneous_box","global_ray",917,-0.001288738
"heterogeneous_box","global_ray",921,-0.012244136
"heterogeneous_box","global_ray",925,0.015110837
"heterogeneous_box","global_ray",929,0.046849582
"heterogeneous_box","global_ray",933,0.0476038
"heterogeneous_box","global_ray",937,0.030804736
"heterogeneous_box","global_ray",941,0.00032695332
"heterogeneous_box","global_ray",945,0.031849981
"heterogeneous_box","global_ray",949,-0.071126533
"heterogeneous_box","global_ray",953,-0.043936201
"heterogeneous_box","global_ray",957,0.035726074
"heterogeneous_box","global_ray",961,-0.06087247
"heterogeneous_box","global_ray",965,0.045489581
"heterogeneous_box","global_ray",969,0.059025242
"heterogeneous_box","global_ray",973,0.036569086
"heterogeneous_box","global_ray",977,-0.029507608
"heterogeneous_box","global_ray",981,-0.062773943
"heterogeneous_box","global_ray",985,-0.070981056
"heterogeneous_box","global_ray",989,0.0036235659
"heterogeneous_box","global_ray",993,0.042143756
"heterogeneous_box","global_ray",997,-0.019409533
"heterogeneous_box","global_ray",1002,0.016184362
"heterogeneous_box","global_ray",1006,0.0010178457
"heterogeneous_box","global_ray",1010,-0.041014379
"heterogeneous_box","global_ray",1014,-0.033284163
"heterogeneous_box","global_ray",1018,0.022121701
"heterogeneous_box","global_ray",1022,-0.0070714556
"heterogeneous_box","global_ray",1026,-0.017524987
"heterogeneous_box","global_ray",1030,0.015701317
"heterogeneous_box","global_ray",1034,0.030769764
"heterogeneous_box","global_ray",1038,0.023371821
"heterogeneous_box","global_ray",1042,0.061558871
"heterogeneous_box","global_ray",1046,-0.028531914
"heterogeneous_box","global_ray",1050,0.060566539
"heterogeneous_box","global_ray",1054,0.015716787
"heterogeneous_box","global_ray",1058,0.016035526
"heterogeneous_box","global_ray",1062,-0.048465999
"heterogeneous_box","global_ray",1066,0.017965577
"heterogeneous_box","global_ray",1070,0.043064336
"heterogeneous_box","global_ray",1074,0.00076486655
"heterogeneous_box","global_ray",1078,0.053183801
"heterogeneous_box","global_ray",1082,-0.044120947
"heterogeneous_box","global_ray",1086,-0.011655648
"heterogeneous_box","global_ray",1090,-0.047402377
"heterogeneous_box","global_ray",1094,0.054551729
"heterogeneous_box","global_ray",1098,0.048916263
"heterogeneous_box","global_ray",1102,-0.061617664
"heterogeneous_box","global_ray",1106,0.013351572
"heterogeneous_box","global_ray",1110,0.02483063
"heterogeneous_box","global_ray",1114,0.03658176
"heterogeneous_box","global_ray",1118,0.0052494686
"heterogeneous_box","global_ray",1122,-0.033478269
"heterogeneous_box","global_ray",1126,-0.04990323
"heterogeneous_box","global_ray",1130,-0.010836804
"heterogeneous_box","global_ray",1134,-0.015297981
"heterogeneous_box","global_ray",1138,-0.031495705
"heterogeneous_box","global_ray",1142,-0.022759967
"heterogeneous_box","global_ray",1146,0.01633013
"heterogeneous_box","global_ray",1150,-0.019820504
"heterogeneous_box","global_ray",1154,0.021780378
"heterogeneous_box","global_ray",1158,0.050985318
"heterogeneous_box","global_ray",1162,0.034213661
"heterogeneous_box","global_ray",1166,0.0021860117
"heterogeneous_box","global_ray",1170,0.011354881
"heterogeneous_box","global_ray",1174,-0.06894237
"heterogeneous_box","global_ray",1178,-0.052689535
"heterogeneous_box","global_ray",1182,-0.063643341
"heterogeneous_box","global_ray",1186,0.054542582
"heterogeneous_box","global_ray",1190,-0.012907182
"heterogeneous_box","global_ray",1194,-0.024002995
"heterogeneous_box","global_ray",1198,-0.054433221
"heterogeneous_box","global_ray",1202,0.017792573
"heterogeneous_box","global_ray",1206,0.045727444
"heterogeneous_box","global_ray",1210,0.044669237
"heterogeneous_box","global_ray",1214,0.0017550965
"heterogeneous_box","global_ray",1218,-0.015870702
"heterogeneous_box","global_ray",1222,0.020089757
"heterogeneous_box","global_ray",1226,0.042530446
"heterogeneous_box","global_ray",1230,0.026847171
"heterogeneous_box","global_ray",1234,0.039132891
"heterogeneous_box","global_ray",1238,-0.054882166
"heterogeneous_box","global_ray",1242,0.031346804
"heterogeneous_box","global_ray",1246,0.02946492
"heterogeneous_box","global_ray",1250,0.043751479
"heterogeneous_box","global_ray",1254,0.051545328
"heterogeneous_box","global_ray",1258,-0.044151569
"heterogeneous_box","global_ray",1262,-0.02992152
"heterogeneous_box","global_ray",1266,-0.031118442
"heterogeneous_box","global_ray",1270,-0.020916755
"heterogeneous_box","global_ray",1274,0.02228998
"heterogeneous_box","global_ray",1278,0.0618447
"heterogeneous_box","global_ray",1282,-0.05148883
"heterogeneous_box","global_ray",1286,-0.0016943975
"heterogeneous_box","global_ray",1290,-0.021900075
"heterogeneous_box","global_ray",1294,0.056544171
"heterogeneous_box","global_ray",1298,-0.062603476
"heterogeneous_box","global_ray",1302,0.056948263
"heterogeneous_box","global_ray",1306,-0.0059258177
"heterogeneous_box","global_ray",1310,-0.066313993
"heterogeneous_box","global_ray",1314,-0.0017517114
"heterogeneous_box","global_ray",1318,-0.047925736
"heterogeneous_box","global_ray",1322,0.02719488
"heterogeneous_box","global_ray",1326,0.032144976
"heterogeneous_box","global_ray",1330,0.02580297
"heterogeneous_box","global_ray",1334,-0.065811986
"heterogeneous_box","global_ray",1338,0.057340104
"heterogeneous_box","global_ray",1342,-0.055369511
"heterogeneous_box","global_ray",1346,-0.025800625
"heterogeneous_box","global_ray",1350,-0.041755083
"heterogeneous_box","global_ray",1354,0.0039127867
"heterogeneous_box","global_ray",1358,0.042793516
"heterogeneous_box","global_ray",1362,0.061625362
"heterogeneous_box","global_ray",1366,0.0071482687
"heterogeneous_box","global_ray",1370,0.046248483
"heterogeneous_box","global_ray",1374,0.01782831
"heterogeneous_box","global_ray",1378,0.0068986142
"heterogeneous_box","global_ray",1382,-0.035756891
"heterogeneous_box","global_ray",1386,0.020119358
"heterogeneous_box","global_ray",1390,-0.023623398
"heterogeneous_box","global_ray",1394,-0.071201856
"heterogeneous_box","global_ray",1398,-0.024246971
"heterogeneous_box","global_ray",1402,0.0057771734
"heterogeneous_box","global_ray",1406,0.057220836
"heterogeneous_box","global_ray",1410,-0.045859503
"heterogeneous_box","global_ray",1414,-0.054115465
"heterogeneous_box","global_ray",1418,0.022275302
"heterogeneous_box","global_ray",1422,-0.0046886331
"heterogeneous_box","global_ray",1426,-0.030828899
"heterogeneous_box","global_ray",1430,0.003379879
"heterogeneous_box","global_ray",1434,0.049321276
"heterogeneous_box","global_ray",1438,-0.0070055314
"heterogeneous_box","global_ray",1442,-0.066173291
"heterogeneous_box","global_ray",1446,-0.028019118
"heterogeneous_box","global_ray",1450,0.029876933
"heterogeneous_box","global_ray",1454,-0.039205698
"heterogeneous_box","global_ray",1458,0.059570837
"heterogeneous_box","global_ray",1462,0.061934776
"heterogeneous_box","global_ray",1466,0.00076582221
"heterogeneous_box","global_ray",1470,0.011266372
"heterogeneous_box","global_ray",1474,0.026043942
"heterogeneous_box","global_ray",1478,-0.067796761
"heterogeneous_box","global_ray",1482,0.0014851092
"heterogeneous_box","global_ray",1486,0.025679132
"heterogeneous_box","global_ray",1490,-0.0055169222
"heterogeneous_box","global_ray",1494,0.048064719
"heterogeneous_box","global_ray",1498,-0.05561565
"heterogeneous_box","global_ray",1502,-0.030545553
"heterogeneous_box","global_ray",1506,0.03624254
"heterogeneous_box","global_ray",1510,-0.024971339
"heterogeneous_box","global_ray",1514,-0.069612938
"heterogeneous_box","global_ray",1518,0.035099053
"heterogeneous_box","global_ray",1522,0.048857868
"heterogeneous_box","global_ray",1526,0.0043174564
"heterogeneous_box","global_ray",1530,-0.0022418037
"heterogeneous_box","global_ray",1534,-0.037337198
"heterogeneous_box","global_ray",1538,0.011654688
"heterogeneous_box","global_ray",1542,0.043930486
"heterogeneous_box","global_ray",1546,0.012198649
"heterogeneous_box","global_ray",1550,-0.011539048
"heterogeneous_box","global_ray",1554,-0.024734144
"heterogeneous_box","global_ray",1558,0.0050941478
"heterogeneous_box","global_ray",1562,-0.06238806
"heterogeneous_box","global_ray",1566,-0.0053983011
"heterogeneous_box","global_ray",1570,0.053696245
"heterogeneous_box","global_ray",1574,0.028394659
"heterogeneous_box","global_ray",1578,0.048952026
"heterogeneous_box","global_ray",1582,-0.046703394
"heterogeneous_box","global_ray",1586,-0.047585338
"heterogeneous_box","global_ray",1590,-0.050932916
"heterogeneous_box","global_ray",1594,0.059448119
"heterogeneous_box","global_ray",1598,-0.034508782
"heterogeneous_box","global_ray",1602,-0.056379732
"heterogeneous_box","global_ray",1606,0.051337145
"heterogeneous_box","global_ray",1610,0.023651651
"heterogeneous_box","global_ray",1614,0.00082956617
"heterogeneous_box","global_ray",1618,-0.0020693042
"heterogeneous_box","global_ray",1622,-0.0020932038
"heterogeneous_box","global_ray",1626,0.027611576
"heterogeneous_box","global_ray",1630,0.019316325
"heterogeneous_box","global_ray",1634,0.030517146
"heterogeneous_box","global_ray",1638,0.044764249
"heterogeneous_box","global_ray",1642,0.049264132
"heterogeneous_box","global_ray",1646,-0.032106065
"heterogeneous_box","global_ray",1650,0.011296753
"heterogeneous_box","global_ray",1654,-0.066182408
"heterogeneous_box","global_ray",1658,-0.019232441
"heterogeneous_box","global_ray",1662,0.016850076
"heterogeneous_box","global_ray",1666,0.023128197
"heterogeneous_box","global_ray",1670,-0.030885082
"heterogeneous_box","global_ray",1674,0.016733735
"heterogeneous_box","global_ray",1678,0.023805708
"heterogeneous_box","global_ray",1682,-0.03397056
"heterogeneous_box","global_ray",1686,-0.029857533
"heterogeneous_box","global_ray",1690,0.00064543267
"heterogeneous_box","global_ray",1694,0.032297736
"heterogeneous_box","global_ray",1698,-0.031480289
"heterogeneous_box","global_ray",1702,0.050222884
"heterogeneous_box","global_ray",1706,0.048772031
"heterogeneous_box","global_ray",1710,0.022134932
"heterogeneous_box","global_ray",1714,0.035201473
"heterogeneous_box","global_ray",1718,-0.044796362
"heterogeneous_box","global_ray",1722,0.060237645
"heterogeneous_box","global_ray",1726,0.011114176
"heterogeneous_box","global_ray",1730,-0.016228089
"heterogeneous_box","global_ray",1734,-0.031419267
"heterogeneous_box","global_ray",1738,-0.032787563
"heterogeneous_box","global_ray",1742,-0.017374233
"heterogeneous_box","global_ray",1746,0.056850637
"heterogeneous_box","global_ray",1750,0.058788905
"heterogeneous_box","global_ray",1754,-0.030456477
"heterogeneous_box","global_ray",1758,0.014682793
"heterogeneous_box","global_ray",1762,0.054463871
"heterogeneous_box","global_ray",1766,0.055217173
"heterogeneous_box","global_ray",1770,0.023807055
"heterogeneous_box","global_ray",1774,0.049657267
"heterogeneous_box","global_ray",1778,-0.0011740839
"heterogeneous_box","global_ray",1782,-0.011111353
"heterogeneous_box","global_ray",1786,0.044790869
"heterogeneous_box","global_ray",1790,-0.055216176
"heterogeneous_box","global_ray",1794,-0.059875272
"heterogeneous_box","global_ray",1798,0.054642952
"heterogeneous_box","global_ray",1802,-0.068964964
"heterogeneous_box","global_ray",1806,-0.071618513
"heterogeneous_box","global_ray",1810,-0.017300777
"heterogeneous_box","global_ray",1814,0.00044017291
"heterogeneous_box","global_ray",1818,0.055256801
"heterogeneous_box","global_ray",1822,-0.010411426
"heterogeneous_box","global_ray",1826,-0.020539291
"heterogeneous_box","global_ray",1830,0.038505883
"heterogeneous_box","global_ray",1834,-0.053976037
"heterogeneous_box","global_ray",1838,0.015690347
"heterogeneous_box","global_ray",1842,-0.053373413
"heterogeneous_box","global_ray",1846,-0.032823605
"heterogeneous_box","global_ray",1850,-0.028204609
"heterogeneous_box","global_ray",1854,-0.070968724
"heterogeneous_box","global_ray",1858,0.043828463
"heterogeneous_box","global_ray",1862,0.01199916
"heterogeneous_box","global_ray",1866,-0.041960871
"heterogeneous_box","global_ray",1870,-0.041307488
"heterogeneous_box","global_ray",1874,0.019930327
"heterogeneous_box","global_ray",1878,-0.019857026
"heterogeneous_box","global_ray",1882,-0.034594003
"heterogeneous_box","global_ray",1886,-0.039686568
"heterogeneous_box","global_ray",1890,0.044739237
"heterogeneous_box","global_ray",1894,-0.066075649
"heterogeneous_box","global_ray",1898,-0.069014524
"heterogeneous_box","global_ray",1902,0.00045999827
"heterogeneous_box","global_ray",1906,-0.0022211258
"heterogeneous_box","global_ray",1910,0.04670421
"heterogeneous_box","global_ray",1914,0.034892499
"heterogeneous_box","global_ray",1918,0.031631496
"heterogeneous_box","global_ray",1922,-0.043362596
"heterogeneous_box","global_ray",1926,0.047697841
"heterogeneous_box","global_ray",1930,-0.064511752
"heterogeneous_box","global_ray",1934,-0.051616285
"heterogeneous_box","global_ray",1938,-0.051348153
"heterogeneous_box","global_ray",1942,-0.017715242
"heterogeneous_box","global_ray",1946,-0.060117914
"heterogeneous_box","global_ray",1950,-0.055843906
"heterogeneous_box","global_ray",1954,0.023409903
"heterogeneous_box","global_ray",1958,0.035474947
"heterogeneous_box","global_ray",1962,-0.032218283
"heterogeneous_box","global_ray",1966,-0.035940353
"heterogeneous_box","global_ray",1970,-0.02422947
"heterogeneous_box","global_ray",1974,-0.068928592
"heterogeneous_box","global_ray",1978,-0.012071265
"heterogeneous_box","global_ray",1982,-0.020659741
"heterogeneous_box","global_ray",1986,0.0247062
"heterogeneous_box","global_ray",1990,-0.024734411
"heterogeneous_box","global_ray",1994,0.021292209
"heterogeneous_box","global_ray",1998,-0.032463823
"heterogeneous_box","global_ray",2002,-0.025992245
"heterogeneous_box","global_ray",2006,0.04950326
"heterogeneous_box","global_ray",2010,-0.066151609
"heterogeneous_box","global_ray",2014,-0.061766141
"heterogeneous_box","global_ray",2018,0.0079971331
"heterogeneous_box","global_ray",2022,-0.028643011
"heterogeneous_box","global_ray",2026,-0.058519086
"heterogeneous_box","global_ray",2030,0.0099707714
"heterogeneous_box","global_ray",2034,0.0010446783
"heterogeneous_box","global_ray",2038,0.0041587085
"heterogeneous_box","global_ray",2042,0.037363793
"heterogeneous_box","global_ray",2046,-0.062021005
"heterogeneous_box","global_ray",2050,-0.029803811
"heterogeneous_box","global_ray",2054,-0.023722132
"heterogeneous_box","global_ray",2058,-0.047584453
"heterogeneous_box","global_ray",2062,-0.027533247
"heterogeneous_box","global_ray",2066,-0.072061346
"heterogeneous_box","global_ray",2070,-0.049925998
"heterogeneous_box","global_ray",2074,0.05669214
"heterogeneous_box","global_ray",2078,-0.0086664211
"heterogeneous_box","global_ray",2082,-0.00029498024
"heterogeneous_box","global_ray",2086,-0.066967047
"heterogeneous_box","global_ray",2090,0.020482132
"heterogeneous_box","global_ray",2094,0.029540852
"heterogeneous_box","global_ray",2098,-0.023798898
"heterogeneous_box","global_ray",2102,-0.044738747
"heterogeneous_box","global_ray",2106,0.00031596175
"heterogeneous_box","global_ray",2110,0.048052743
"heterogeneous_box","global_ray",2114,0.057277621
"heterogeneous_box","global_ray",2118,0.041795296
"heterogeneous_box","global_ray",2122,0.03857099
"heterogeneous_box","global_ray",2126,-0.037690963
"heterogeneous_box","global_ray",2130,0.061641747
"heterogeneous_box","global_ray",2134,0.056324322
"heterogeneous_box","global_ray",2138,0.04353221
"heterogeneous_box","global_ray",2142,-0.064676854
"heterogeneous_box","global_ray",2146,0.058649748
"heterogeneous_box","global_ray",2150,0.051989058
"heterogeneous_box","global_ray",2154,0.050726352
"heterogeneous_box","global_ray",2158,-0.0089548641
"heterogeneous_box","global_ray",2162,-0.065961823
"heterogeneous_box","global_ray",2166,0.055077338
"heterogeneous_box","global_ray",2170,-0.063947902
"heterogeneous_box","global_ray",2174,0.048164893
"heterogeneous_box","global_ray",2178,0.025573682
"heterogeneous_box","global_ray",2182,-0.0097086188
"heterogeneous_box","global_ray",2186,0.011705915
"heterogeneous_box","global_ray",2190,0.027533538
"heterogeneous_box","global_ray",2194,-0.053931338
"heterogeneous_box","global_ray",2198,0.013834271
"heterogeneous_box","global_ray",2202,-0.059558898
"heterogeneous_box","global_ray",2206,-0.034916756
"heterogeneous_box","global_ray",2210,-0.0042956298
"heterogeneous_box","global_ray",2214,0.014804037
"heterogeneous_box","global_ray",2218,0.023152062
"heterogeneous_box","global_ray",2222,-0.051234096
"heterogeneous_box","global_ray",2226,0.0067510975
"heterogeneous_box","global_ray",2230,-0.013738105
"heterogeneous_box","global_ray",2234,0.0010773176
"heterogeneous_box","global_ray",2238,0.050003994
"heterogeneous_box","global_ray",2242,0.046972803
"heterogeneous_box","global_ray",2246,-0.006035118
"heterogeneous_box","global_ray",2250,0.016170866
"heterogeneous_box","global_ray",2254,-0.021711751
"heterogeneous_box","global_ray",2258,-0.016992332
"heterogeneous_box","global_ray",2262,0.02635768
"heterogeneous_box","global_ray",2266,-0.030312744
"heterogeneous_box","global_ray",2270,0.010721627
"heterogeneous_box","global_ray",2274,0.055103654
"heterogeneous_box","global_ray",2278,0.056226666
"heterogeneous_box","global_ray",2282,-0.028186194
"heterogeneous_box","global_ray",2286,0.051362185
"heterogeneous_box","global_ray",2290,-0.025924788
"heterogeneous_box","global_ray",2294,-0.039138162
"heterogeneous_box","global_ray",2298,-0.049738241
"heterogeneous_box","global_ray",2302,0.060993176
"heterogeneous_box","global_ray",2306,-0.024223404
"heterogeneous_box","global_ray",2310,0.059530165
"heterogeneous_box","global_ray",2314,-0.067969225
"heterogeneous_box","global_ray",2318,-0.018163019
"heterogeneous_box","global_ray",2322,0.042366507
"heterogeneous_box","global_ray",2326,-0.043960575
"heterogeneous_box","global_ray",2330,-0.01535749
"heterogeneous_box","global_ray",2334,-0.015797554
"heterogeneous_box","global_ray",2338,-0.038725498
"heterogeneous_box","global_ray",2342,0.045597922
"heterogeneous_box","global_ray",2346,-0.070642615
"heterogeneous_box","global_ray",2350,-0.010271691
"heterogeneous_box","global_ray",2354,-0.0045314002
"heterogeneous_box","global_ray",2358,0.037236242
"heterogeneous_box","global_ray",2362,-0.041555371
"heterogeneous_box","global_ray",2366,0.035154988
"heterogeneous_box","global_ray",2370,-0.037991741
"heterogeneous_box","global_ray",2374,0.005743661
"heterogeneous_box","global_ray",2378,-0.036074394
"heterogeneous_box","global_ray",2382,0.044917053
"heterogeneous_box","global_ray",2386,0.0063520297
"heterogeneous_box","global_ray",2390,-0.064827615
"heterogeneous_box","global_ray",2394,-0.051152452
"heterogeneous_box","global_ray",2398,0.033090087
"heterogeneous_box","global_ray",2402,-0.0043247484
"heterogeneous_box","global_ray",2406,0.021033714
"heterogeneous_box","global_ray",2410,-0.050658148
"heterogeneous_box","global_ray",2414,-0.034259009
"heterogeneous_box","global_ray",2418,-0.0503988
"heterogeneous_box","global_ray",2422,-0.065857614
"heterogeneous_box","global_ray",2426,0.050197544
"heterogeneous_box","global_ray",2430,-0.069769393
"heterogeneous_box","global_ray",2434,-0.068361986
"heterogeneous_box","global_ray",2438,-0.033617297
"heterogeneous_box","global_ray",2442,0.026127063
"heterogeneous_box","global_ray",2446,-0.014074855
"heterogeneous_box","global_ray",2450,0.020907874
"heterogeneous_box","global_ray",2454,-0.0020788137
"heterogeneous_box","global_ray",2458,-0.02274883
"heterogeneous_box","global_ray",2462,0.048575878
"heterogeneous_box","global_ray",2466,-0.0059516564
"heterogeneous_box","global_ray",2470,-0.031038552
"heterogeneous_box","global_ray",2474,-0.054898611
"heterogeneous_box","global_ray",2478,-0.015658705
"heterogeneous_box","global_ray",2482,-0.040523307
"heterogeneous_box","global_ray",2486,-0.021831902
"heterogeneous_box","global_ray",2490,0.023123106
"heterogeneous_box","global_ray",2494,0.012187954
"heterogeneous_box","global_ray",2498,0.05140717
"heterogeneous_box","global_ray",2502,-0.0030620034
"heterogeneous_box","global_ray",2506,-0.046525013
"heterogeneous_box","global_ray",2510,-0.032552636
"heterogeneous_box","global_ray",2514,0.017464479
"heterogeneous_box","global_ray",2518,0.060734593
"heterogeneous_box","global_ray",2522,-0.01286466
"heterogeneous_box","global_ray",2526,0.048029654
"heterogeneous_box","global_ray",2530,-0.067350377
"heterogeneous_box","global_ray",2534,-0.050750052
"heterogeneous_box","global_ray",2538,0.038696151
"heterogeneous_box","global_ray",2542,-0.059552859
"heterogeneous_box","global_ray",2546,0.021599162
"heterogeneous_box","global_ray",2550,-0.015881056
"heterogeneous_box","global_ray",2554,-0.0065776845
"heterogeneous_box","global_ray",2558,0.033375016
"heterogeneous_box","global_ray",2562,-0.01640493
"heterogeneous_box","global_ray",2566,0.04360623
"heterogeneous_box","global_ray",2570,-0.070418069
"heterogeneous_box","global_ray",2574,-0.027201257
"heterogeneous_box","global_ray",2578,-0.0092460859
"heterogeneous_box","global_ray",2582,-0.030032519
"heterogeneous_box","global_ray",2586,0.013751214
"heterogeneous_box","global_ray",2590,0.039373877
"heterogeneous_box","global_ray",2594,-0.070784004
"heterogeneous_box","global_ray",2598,0.00014889663
"heterogeneous_box","global_ray",2602,0.055727786
"heterogeneous_box","global_ray",2606,-0.020574121
"heterogeneous_box","global_ray",2610,-0.048178277
"heterogeneous_box","global_ray",2614,0.038851215
"heterogeneous_box","global_ray",2618,0.044945492
"heterogeneous_box","global_ray",2622,0.051875274
"heterogeneous_box","global_ray",2626,-0.034814898
"heterogeneous_box","global_ray",2630,0.006039628
"heterogeneous_box","global_ray",2634,-0.049322696
"heterogeneous_box","global_ray",2638,-0.029550978
"heterogeneous_box","global_ray",2642,-0.031793747
"heterogeneous_box","global_ray",2646,0.018002434
"heterogeneous_box","global_ray",2650,-0.023157422
"heterogeneous_box","global_ray",2654,-0.050814397
"heterogeneous_box","global_ray",2658,-0.019945399
"heterogeneous_box","global_ray",2662,0.055101027
"heterogeneous_box","global_ray",2666,0.042942034
"heterogeneous_box","global_ray",2670,-0.033129927
"heterogeneous_box","global_ray",2674,0.060158477
"heterogeneous_box","global_ray",2678,-0.027743847
"heterogeneous_box","global_ray",2682,0.011464581
"heterogeneous_box","global_ray",2686,-0.065831392
"heterogeneous_box","global_ray",2690,-0.045511286
"heterogeneous_box","global_ray",2694,0.043273951
"heterogeneous_box","global_ray",2698,-0.027133496
"heterogeneous_box","global_ray",2702,-0.056317242
"heterogeneous_box","global_ray",2706,-0.068113971
"heterogeneous_box","global_ray",2710,-0.045333914
"heterogeneous_box","global_ray",2714,0.013410794
"heterogeneous_box","global_ray",2718,-0.037335396
"heterogeneous_box","global_ray",2722,-0.052684152
"heterogeneous_box","global_ray",2726,0.021157073
"heterogeneous_box","global_ray",2730,-0.052349113
"heterogeneous_box","global_ray",2734,-0.001183164
"heterogeneous_box","global_ray",2738,-0.056636637
"heterogeneous_box","global_ray",2742,0.061641251
"heterogeneous_box","global_ray",2746,-0.054795786
"heterogeneous_box","global_ray",2750,-0.060761744
"heterogeneous_box","global_ray",2754,0.0018282624
"heterogeneous_box","global_ray",2758,0.049450036
"heterogeneous_box","global_ray",2762,0.02470224
"heterogeneous_box","global_ray",2766,0.022282093
"heterogeneous_box","global_ray",2770,0.026524541
"heterogeneous_box","global_ray",2774,-0.034117204
"heterogeneous_box","global_ray",2778,-0.063115278
"heterogeneous_box","global_ray",2782,0.048503408
"heterogeneous_box","global_ray",2786,-0.043910608
"heterogeneous_box","global_ray",2790,-0.047320388
"heterogeneous_box","global_ray",2794,0.032957026
"heterogeneous_box","global_ray",2798,0.048740372
"heterogeneous_box","global_ray",2802,-0.019730579
"heterogeneous_box","global_ray",2806,0.056738103
"heterogeneous_box","global_ray",2810,0.036167955
"heterogeneous_box","global_ray",2814,-0.035179562
"heterogeneous_box","global_ray",2818,0.029580859
"heterogeneous_box","global_ray",2822,0.053354845
"heterogeneous_box","global_ray",2826,-0.060266072
"heterogeneous_box","global_ray",2830,0.017106626
"heterogeneous_box","global_ray",2834,-0.007524366
"heterogeneous_box","global_ray",2838,0.045156457
"heterogeneous_box","global_ray",2842,-0.054269487
"heterogeneous_box","global_ray",2846,0.050500375
"heterogeneous_box","global_ray",2850,-0.0036393039
"heterogeneous_box","global_ray",2854,-0.028904083
"heterogeneous_box","global_ray",2858,-0.015609987
"heterogeneous_box","global_ray",2862,-0.068050837
"heterogeneous_box","global_ray",2866,0.033775751
"heterogeneous_box","global_ray",2870,0.057301771
"heterogeneous_box","global_ray",2874,0.041952331
"heterogeneous_box","global_ray",2878,0.0010213319
"heterogeneous_box","global_ray",2882,-0.059978258
"heterogeneous_box","global_ray",2886,-0.066389194
"heterogeneous_box","global_ray",2890,-0.040247225
"heterogeneous_box","global_ray",2894,0.052588413
"heterogeneous_box","global_ray",2898,0.018292982
"heterogeneous_box","global_ray",2902,-0.02626373
"heterogeneous_box","global_ray",2906,0.029245603
"heterogeneous_box","global_ray",2910,-0.069081588
"heterogeneous_box","global_ray",2914,0.0054998995
"heterogeneous_box","global_ray",2918,0.058586729
"heterogeneous_box","global_ray",2922,0.048235458
"heterogeneous_box","global_ray",2926,0.012301028
"heterogeneous_box","global_ray",2930,0.0098291352
"heterogeneous_box","global_ray",2934,0.028901711
"heterogeneous_box","global_ray",2938,-0.06346099
"heterogeneous_box","global_ray",2942,-0.04760714
"heterogeneous_box","global_ray",2946,-0.048057472
"heterogeneous_box","global_ray",2950,0.022773016
"heterogeneous_box","global_ray",2954,0.010975347
"heterogeneous_box","global_ray",2958,-0.0042068257
"heterogeneous_box","global_ray",2962,-0.0086879857
"heterogeneous_box","global_ray",2966,-0.036557082
"heterogeneous_box","global_ray",2970,0.0060742215
"heterogeneous_box","global_ray",2974,0.040147189
"heterogeneous_box","global_ray",2978,-0.018863747
"heterogeneous_box","global_ray",2982,0.0033665936
"heterogeneous_box","global_ray",2986,0.042750134
"heterogeneous_box","global_ray",2990,0.024748185
"heterogeneous_box","global_ray",2994,0.03884465
"heterogeneous_box","global_ray",2998,-0.014711436
"heterogeneous_box","global_ray",3003,-0.066289488
"heterogeneous_box","global_ray",3007,0.044992161
"heterogeneous_box","global_ray",3011,0.014191563
"heterogeneous_box","global_ray",3015,0.028094347
"heterogeneous_box","global_ray",3019,-0.054745023
"heterogeneous_box","global_ray",3023,0.05622716
"heterogeneous_box","global_ray",3027,0.029109563
"heterogeneous_box","global_ray",3031,-0.046582148
"heterogeneous_box","global_ray",3035,0.054193508
"heterogeneous_box","global_ray",3039,-0.024835302
"heterogeneous_box","global_ray",3043,-0.043101397
"heterogeneous_box","global_ray",3047,-0.032490718
"heterogeneous_box","global_ray",3051,-0.063241304
"heterogeneous_box","global_ray",3055,-0.022154129
"heterogeneous_box","global_ray",3059,0.0502052
"heterogeneous_box","global_ray",3063,0.042721328
"heterogeneous_box","global_ray",3067,-0.0082820652
"heterogeneous_box","global_ray",3071,0.026358742
"heterogeneous_box","global_ray",3075,-0.031514318
"heterogeneous_box","global_ray",3079,-0.043719402
"heterogeneous_box","global_ray",3083,0.018414152
"heterogeneous_box","global_ray",3087,-0.064889088
"heterogeneous_box","global_ray",3091,-0.0081685835
"heterogeneous_box","global_ray",3095,0.050710704
"heterogeneous_box","global_ray",3099,0.04272029
"heterogeneous_box","global_ray",3103,0.039085594
"heterogeneous_box","global_ray",3107,-0.06034034
"heterogeneous_box","global_ray",3111,0.041044875
"heterogeneous_box","global_ray",3115,-0.053176018
"heterogeneous_box","global_ray",3119,-0.066876451
"heterogeneous_box","global_ray",3123,0.0057598823
"heterogeneous_box","global_ray",3127,0.0064783569
"heterogeneous_box","global_ray",3131,0.038550659
"heterogeneous_box","global_ray",3135,-0.030263767
"heterogeneous_box","global_ray",3139,0.050390539
"heterogeneous_box","global_ray",3143,0.051785995
"heterogeneous_box","global_ray",3147,-0.049435858
"heterogeneous_box","global_ray",3151,-0.04496522
"heterogeneous_box","global_ray",3155,0.0038114098
"heterogeneous_box","global_ray",3159,-0.035148374
"heterogeneous_box","global_ray",3163,0.014780144
"heterogeneous_box","global_ray",3167,-0.068722186
"heterogeneous_box","global_ray",3171,0.0085339758
"heterogeneous_box","global_ray",3175,0.0026651606
"heterogeneous_box","global_ray",3179,0.028299478
"heterogeneous_box","global_ray",3183,0.036486241
"heterogeneous_box","global_ray",3187,-0.033275685
"heterogeneous_box","global_ray",3191,-0.048271462
"heterogeneous_box","global_ray",3195,-0.054450804
"heterogeneous_box","global_ray",3199,-0.046415882
"heterogeneous_box","global_ray",3203,0.031269859
"heterogeneous_box","global_ray",3207,-0.014842294
"heterogeneous_box","global_ray",3211,0.03003558
"heterogeneous_box","global_ray",3215,-0.060468219
"heterogeneous_box","global_ray",3219,-0.050139973
"heterogeneous_box","global_ray",3223,-0.070682191
"heterogeneous_box","global_ray",3227,0.040450009
"heterogeneous_box","global_ray",3231,0.056001574
"heterogeneous_box","global_ray",3235,0.0093943334
"heterogeneous_box","global_ray",3239,-0.026146968
"heterogeneous_box","global_ray",3243,-0.021173304
"heterogeneous_box","global_ray",3247,0.047622395
"heterogeneous_box","global_ray",3251,-0.052672635
"heterogeneous_box","global_ray",3255,0.020702056
"heterogeneous_box","global_ray",3259,0.042622001
"heterogeneous_box","global_ray",3263,-0.063706622
"heterogeneous_box","global_ray",3267,0.023180508
"heterogeneous_box","global_ray",3271,0.02703545
"heterogeneous_box","global_ray",3275,-0.068667854
"heterogeneous_box","global_ray",3279,0.055707854
"heterogeneous_box","global_ray",3283,0.019027493
"heterogeneous_box","global_ray",3287,0.055794683
"heterogeneous_box","global_ray",3291,-0.039539685
"heterogeneous_box","global_ray",3295,0.023829776
"heterogeneous_box","global_ray",3299,-0.031229897
"heterogeneous_box","global_ray",3303,-0.066947034
"heterogeneous_box","global_ray",3307,0.02588661
"heterogeneous_box","global_ray",3311,0.032387098
"heterogeneous_box","global_ray",3315,-0.019906714
"heterogeneous_box","global_ray",3319,0.023590005
"heterogeneous_box","global_ray",3323,-0.011327147
"heterogeneous_box","global_ray",3327,-0.038423536
"heterogeneous_box","global_ray",3331,0.020611004
"heterogeneous_box","global_ray",3335,-0.014808975
"heterogeneous_box","global_ray",3339,-0.035414656
"heterogeneous_box","global_ray",3343,0.058977627
"heterogeneous_box","global_ray",3347,-0.039329541
"heterogeneous_box","global_ray",3351,0.055679337
"heterogeneous_box","global_ray",3355,-0.05623105
"heterogeneous_box","global_ray",3359,0.045373118
"heterogeneous_box","global_ray",3363,0.036517217
"heterogeneous_box","global_ray",3367,-0.043617625
"heterogeneous_box","global_ray",3371,-0.013864073
"heterogeneous_box","global_ray",3375,0.059597552
"heterogeneous_box","global_ray",3379,-0.028346352
"heterogeneous_box","global_ray",3383,-0.047309741
"heterogeneous_box","global_ray",3387,0.010054345
"heterogeneous_box","global_ray",3391,0.052285316
"heterogeneous_box","global_ray",3395,-0.070785731
"heterogeneous_box","global_ray",3399,0.004975475
"heterogeneous_box","global_ray",3403,0.027727428
"heterogeneous_box","global_ray",3407,0.014103384
"heterogeneous_box","global_ray",3411,0.043916409
"heterogeneous_box","global_ray",3415,0.043713122
"heterogeneous_box","global_ray",3419,0.030789199
"heterogeneous_box","global_ray",3423,0.023823498
"heterogeneous_box","global_ray",3427,-0.0052475316
"heterogeneous_box","global_ray",3431,-0.063327978
"heterogeneous_box","global_ray",3435,0.035576178
"heterogeneous_box","global_ray",3439,0.014760906
"heterogeneous_box","global_ray",3443,0.058957274
"heterogeneous_box","global_ray",3447,0.035446191
"heterogeneous_box","global_ray",3451,-0.042423209
"heterogeneous_box","global_ray",3455,-0.0036385269
"heterogeneous_box","global_ray",3459,0.043175794
"heterogeneous_box","global_ray",3463,0.017105464
"heterogeneous_box","global_ray",3467,-0.0084014051
"heterogeneous_box","global_ray",3471,-0.021288853
"heterogeneous_box","global_ray",3475,-0.022368016
"heterogeneous_box","global_ray",3479,0.0087462417
"heterogeneous_box","global_ray",3483,-0.059086598
"heterogeneous_box","global_ray",3487,0.021889662
"heterogeneous_box","global_ray",3491,0.054154115
"heterogeneous_box","global_ray",3495,-0.0074118952
"heterogeneous_box","global_ray",3499,0.032841251
"heterogeneous_box","global_ray",3503,-0.067843701
"heterogeneous_box","global_ray",3507,-0.038501883
"heterogeneous_box","global_ray",3511,-0.068323264
"heterogeneous_box","global_ray",3515,0.05882194
"heterogeneous_box","global_ray",3519,-0.037898637
"heterogeneous_box","global_ray",3523,-0.055518933
"heterogeneous_box","global_ray",3527,0.0016696097
"heterogeneous_box","global_ray",3531,-0.045020254
"heterogeneous_box","global_ray",3535,0.034904742
"heterogeneous_box","global_ray",3539,0.022021563
"heterogeneous_box","global_ray",3543,-0.0012068203
"heterogeneous_box","global_ray",3547,0.016149372
"heterogeneous_box","global_ray",3551,-0.00343236
"heterogeneous_box","global_ray",3555,0.018251159
"heterogeneous_box","global_ray",3559,0.0080485097
"heterogeneous_box","global_ray",3563,0.012875437
"heterogeneous_box","global_ray",3567,-0.037524537
"heterogeneous_box","global_ray",3571,0.023682494
"heterogeneous_box","global_ray",3575,0.061117016
"heterogeneous_box","global_ray",3579,-0.061550817
"heterogeneous_box","global_ray",3583,-0.069106092
"heterogeneous_box","global_ray",3587,0.010260377
"heterogeneous_box","global_ray",3591,0.02493282
"heterogeneous_box","global_ray",3595,-0.032034461
"heterogeneous_box","global_ray",3599,-0.043324747
"heterogeneous_box","global_ray",3603,-0.0034701049
"heterogeneous_box","global_ray",3607,0.024601852
"heterogeneous_box","global_ray",3611,0.004975859
"heterogeneous_box","global_ray",3615,0.044226818
"heterogeneous_box","global_ray",3619,-0.01816317
"heterogeneous_box","global_ray",3623,0.018016017
"heterogeneous_box","global_ray",3627,0.035780519
"heterogeneous_box","global_ray",3631,0.051838966
"heterogeneous_box","global_ray",3635,-0.039372995
"heterogeneous_box","global_ray",3639,-0.0039211441
"heterogeneous_box","global_ray",3643,0.060012191
"heterogeneous_box","global_ray",3647,-0.01006768
"heterogeneous_box","global_ray",3651,0.015196324
"heterogeneous_box","global_ray",3655,0.0033773583
"heterogeneous_box","global_ray",3659,0.034688759
"heterogeneous_box","global_ray",3663,0.0082873374
"heterogeneous_box","global_ray",3667,0.042671223
"heterogeneous_box","global_ray",3671,0.019833676
"heterogeneous_box","global_ray",3675,-0.014658592
"heterogeneous_box","global_ray",3679,0.057388752
"heterogeneous_box","global_ray",3683,-0.062963664
"heterogeneous_box","global_ray",3687,-0.064953149
"heterogeneous_box","global_ray",3691,-0.070263648
"heterogeneous_box","global_ray",3695,-0.010970967
"heterogeneous_box","global_ray",3699,-0.031834379
"heterogeneous_box","global_ray",3703,-0.040530808
"heterogeneous_box","global_ray",3707,0.034488502
"heterogeneous_box","global_ray",3711,-0.065619962
"heterogeneous_box","global_ray",3715,-0.071071099
"heterogeneous_box","global_ray",3719,-0.024949773
"heterogeneous_box","global_ray",3723,-0.055732477
"heterogeneous_box","global_ray",3727,0.0210812
"heterogeneous_box","global_ray",3731,-0.059251156
"heterogeneous_box","global_ray",3735,-0.05474267
"heterogeneous_box","global_ray",3739,-0.056118688
"heterogeneous_box","global_ray",3743,-0.066368934
"heterogeneous_box","global_ray",3747,-0.010393953
"heterogeneous_box","global_ray",3751,0.037389769
"heterogeneous_box","global_ray",3755,-0.067037574
"heterogeneous_box","global_ray",3759,-0.059970262
"heterogeneous_box","global_ray",3763,-0.039401125
"heterogeneous_box","global_ray",3767,-0.0032760673
"heterogeneous_box","global_ray",3771,-0.067228879
"heterogeneous_box","global_ray",3775,-0.00039560213
"heterogeneous_box","global_ray",3779,0.012291032
"heterogeneous_box","global_ray",3783,-0.072226735
"heterogeneous_box","global_ray",3787,-0.057854939
"heterogeneous_box","global_ray",3791,-0.056988501
"heterogeneous_box","global_ray",3795,0.019401357
"heterogeneous_box","global_ray",3799,-0.054827646
"heterogeneous_box","global_ray",3803,-0.029627173
"heterogeneous_box","global_ray",3807,-0.017791222
"heterogeneous_box","global_ray",3811,0.017374915
"heterogeneous_box","global_ray",3815,0.0056766552
"heterogeneous_box","global_ray",3819,0.040706692
"heterogeneous_box","global_ray",3823,-0.00066812751
"heterogeneous_box","global_ray",3827,0.02436699
"heterogeneous_box","global_ray",3831,0.045962428
"heterogeneous_box","global_ray",3835,0.00028433788
"heterogeneous_box","global_ray",3839,-0.036950037
"heterogeneous_box","global_ray",3843,0.045656357
"heterogeneous_box","global_ray",3847,-0.025417568
"heterogeneous_box","global_ray",3851,-0.048400566
"heterogeneous_box","global_ray",3855,-0.062667175
"heterogeneous_box","global_ray",3859,-0.035122101
"heterogeneous_box","global_ray",3863,-0.066366997
"heterogeneous_box","global_ray",3867,0.031960502
"heterogeneous_box","global_ray",3871,-0.0084397973
"heterogeneous_box","global_ray",3875,0.023339517
"heterogeneous_box","global_ray",3879,-0.025742404
"heterogeneous_box","global_ray",3883,0.060326718
"heterogeneous_box","global_ray",3887,0.02019746
"heterogeneous_box","global_ray",3891,-0.0040546597
"heterogeneous_box","global_ray",3895,0.047656718
"heterogeneous_box","global_ray",3899,0.012708978
"heterogeneous_box","global_ray",3903,-0.036721941
"heterogeneous_box","global_ray",3907,-0.014326989
"heterogeneous_box","global_ray",3911,0.02553295
"heterogeneous_box","global_ray",3915,-0.0014745272
"heterogeneous_box","global_ray",3919,0.023570396
"heterogeneous_box","global_ray",3923,0.04128458
"heterogeneous_box","global_ray",3927,-0.031444659
"heterogeneous_box","global_ray",3931,-0.017713181
"heterogeneous_box","global_ray",3935,-0.033833642
"heterogeneous_box","global_ray",3939,0.051152668
"heterogeneous_box","global_ray",3943,-0.052238463
"heterogeneous_box","global_ray",3947,0.028885704
"heterogeneous_box","global_ray",3951,0.043529598
"heterogeneous_box","global_ray",3955,0.033637001
"heterogeneous_box","global_ray",3959,0.00034138585
"heterogeneous_box","global_ray",3963,-0.060851835
"heterogeneous_box","global_ray",3967,0.0029330319
"heterogeneous_box","global_ray",3971,-0.028473166
"heterogeneous_box","global_ray",3975,0.052944642
"heterogeneous_box","global_ray",3979,-0.011787786
"heterogeneous_box","global_ray",3983,0.03220713
"heterogeneous_box","global_ray",3987,0.014937657
"heterogeneous_box","global_ray",3991,-0.045872418
"heterogeneous_box","global_ray",3995,0.041761028
"heterogeneous_box","global_ray",3999,-0.055528237
"heterogeneous_box","global_ray",4003,-0.041006402
"heterogeneous_box","global_ray",4007,-0.065992566
"heterogeneous_box","global_ray",4011,-0.069172106
"heterogeneous_box","global_ray",4015,0.0092969649
"heterogeneous_box","global_ray",4019,-0.015477632
"heterogeneous_box","global_ray",4023,-0.030685018
"heterogeneous_box","global_ray",4027,-0.038587327
"heterogeneous_box","global_ray",4031,0.059257729
"heterogeneous_box","global_ray",4035,-0.0025713614
"heterogeneous_box","global_ray",4039,0.051465716
"heterogeneous_box","global_ray",4043,0.05297931
"heterogeneous_box","global_ray",4047,-0.058040805
"heterogeneous_box","global_ray",4051,0.042566382
"heterogeneous_box","global_ray",4055,0.054906963
"heterogeneous_box","global_ray",4059,-0.022532691
"heterogeneous_box","global_ray",4063,-0.050057779
"heterogeneous_box","global_ray",4067,-0.012324872
"heterogeneous_box","global_ray",4071,0.0060288429
"heterogeneous_box","global_ray",4075,-0.011209254
"heterogeneous_box","global_ray",4079,0.045786189
"heterogeneous_box","global_ray",4083,0.021475986
"heterogeneous_box","global_ray",4087,0.035701128
"heterogeneous_box","global_ray",4091,-0.035929872
"heterogeneous_box","global_ray",4095,0.039358483
"heterogeneous_box","global_ray",4099,-0.025266439
"heterogeneous_box","global_ray",4103,0.017740944
"heterogeneous_box","global_ray",4107,-0.061559727
"heterogeneous_box","global_ray",4111,0.040832655
"heterogeneous_box","global_ray",4115,-0.057605433
"heterogeneous_box","global_ray",4119,-0.03819839
"heterogeneous_box","global_ray",4123,-0.024473213
"heterogeneous_box","global_ray",4127,0.014883063
"heterogeneous_box","global_ray",4131,-0.049045342
"heterogeneous_box","global_ray",4135,0.052044814
"heterogeneous_box","global_ray",4139,-0.036414804
"heterogeneous_box","global_ray",4143,0.023172461
"heterogeneous_box","global_ray",4147,0.056273588
"heterogeneous_box","global_ray",4151,-0.0014214252
"heterogeneous_box","global_ray",4155,0.025921025
"heterogeneous_box","global_ray",4159,0.041062896
"heterogeneous_box","global_ray",4163,-0.060567487
"heterogeneous_box","global_ray",4167,0.030937223
"heterogeneous_box","global_ray",4171,0.028301237
"heterogeneous_box","global_ray",4175,-0.056449745
"heterogeneous_box","global_ray",4179,0.059696622
"heterogeneous_box","global_ray",4183,-0.029692242
"heterogeneous_box","global_ray",4187,-0.013716487
"heterogeneous_box","global_ray",4191,-0.033476306
"heterogeneous_box","global_ray",4195,0.014789596
"heterogeneous_box","global_ray",4199,-0.013412324
"heterogeneous_box","global_ray",4203,0.04873557
"heterogeneous_box","global_ray",4207,-0.048105881
"heterogeneous_box","global_ray",4211,-0.0084333414
"heterogeneous_box","global_ray",4215,-0.010921055
"heterogeneous_box","global_ray",4219,0.021592299
"heterogeneous_box","global_ray",4223,0.0024892981
"heterogeneous_box","global_ray",4227,-0.070792615
"heterogeneous_box","global_ray",4231,0.010195166
"heterogeneous_box","global_ray",4235,0.0082329628
"heterogeneous_box","global_ray",4239,-0.056162671
"heterogeneous_box","global_ray",4243,-0.00027127099
"heterogeneous_box","global_ray",4247,0.061431403
"heterogeneous_box","global_ray",4251,-0.003307097
"heterogeneous_box","global_ray",4255,-0.028744833
"heterogeneous_box","global_ray",4259,-0.060718193
"heterogeneous_box","global_ray",4263,-0.0082481812
"heterogeneous_box","global_ray",4267,0.036684965
"heterogeneous_box","global_ray",4271,0.030519638
"heterogeneous_box","global_ray",4275,-0.0023498989
"heterogeneous_box","global_ray",4279,0.051989861
"heterogeneous_box","global_ray",4283,0.032067254
"heterogeneous_box","global_ray",4287,0.0077948101
"heterogeneous_box","global_ray",4291,0.017253269
"heterogeneous_box","global_ray",4295,-0.029871784
"heterogeneous_box","global_ray",4299,0.05921836
"heterogeneous_box","global_ray",4303,-0.016601667
"heterogeneous_box","global_ray",4307,0.03499428
"heterogeneous_box","global_ray",4311,0.0030472253
"heterogeneous_box","global_ray",4315,0.028602081
"heterogeneous_box","global_ray",4319,-0.053347616
"heterogeneous_box","global_ray",4323,-0.0014760433
"heterogeneous_box","global_ray",4327,0.022869361
"heterogeneous_box","global_ray",4331,0.052353977
"heterogeneous_box","global_ray",4335,-0.038068625
"heterogeneous_box","global_ray",4339,-0.014272974
"heterogeneous_box","global_ray",4343,-0.050727198
"heterogeneous_box","global_ray",4347,-0.042750733
"heterogeneous_box","global_ray",4351,0.029775308
"heterogeneous_box","global_ray",4355,-0.010060246
"heterogeneous_box","global_ray",4359,0.035004202
"heterogeneous_box","global_ray",4363,-0.042629048
"heterogeneous_box","global_ray",4367,0.028306942
"heterogeneous_box","global_ray",4371,-0.03974345
"heterogeneous_box","global_ray",4375,0.026367296
"heterogeneous_box","global_ray",4379,-0.033341073
"heterogeneous_box","global_ray",4383,0.033491438
"heterogeneous_box","global_ray",4387,-0.0012614409
"heterogeneous_box","global_ray",4391,-0.053760264
"heterogeneous_box","global_ray",4395,-0.06256083
"heterogeneous_box","global_ray",4399,-0.015524891
"heterogeneous_box","global_ray",4403,-0.045827002
"heterogeneous_box","global_ray",4407,-0.052161256
"heterogeneous_box","global_ray",4411,-0.047771037
"heterogeneous_box","global_ray",4415,-0.030524558
"heterogeneous_box","global_ray",4419,-0.028602061
"heterogeneous_box","global_ray",4423,0.0038321204
"heterogeneous_box","global_ray",4427,0.053721928
"heterogeneous_box","global_ray",4431,-0.052605853
"heterogeneous_box","global_ray",4435,-0.012033402
"heterogeneous_box","global_ray",4439,0.055854813
"heterogeneous_box","global_ray",4443,0.022453262
"heterogeneous_box","global_ray",4447,-0.032395747
"heterogeneous_box","global_ray",4451,-0.054019564
"heterogeneous_box","global_ray",4455,-0.070233333
"heterogeneous_box","global_ray",4459,-0.038568271
"heterogeneous_box","global_ray",4463,0.021921544
"heterogeneous_box","global_ray",4467,-0.022566797
"heterogeneous_box","global_ray",4471,0.018908916
"heterogeneous_box","global_ray",4475,0.044216436
"heterogeneous_box","global_ray",4479,0.058225409
"heterogeneous_box","global_ray",4483,0.01214339
"heterogeneous_box","global_ray",4487,-0.015274324
"heterogeneous_box","global_ray",4491,-0.061671086
"heterogeneous_box","global_ray",4495,-0.068757927
"heterogeneous_box","global_ray",4499,-0.038764238
"heterogeneous_box","global_ray",4503,3.7492374e-05
"heterogeneous_box","global_ray",4507,0.020911234
"heterogeneous_box","global_ray",4511,-0.023900345
"heterogeneous_box","global_ray",4515,-0.03415706
"heterogeneous_box","global_ray",4519,0.038099359
"heterogeneous_box","global_ray",4523,0.050710256
"heterogeneous_box","global_ray",4527,0.0095914552
"heterogeneous_box","global_ray",4531,-0.066302668
"heterogeneous_box","global_ray",4535,-0.025607123
"heterogeneous_box","global_ray",4539,0.053114044
"heterogeneous_box","global_ray",4543,-0.010936062
"heterogeneous_box","global_ray",4547,-0.068975197
"heterogeneous_box","global_ray",4551,-0.049878569
"heterogeneous_box","global_ray",4555,-0.041563997
"heterogeneous_box","global_ray",4559,-0.0099504211
"heterogeneous_box","global_ray",4563,0.042180301
"heterogeneous_box","global_ray",4567,-0.039056414
"heterogeneous_box","global_ray",4571,0.020733573
"heterogeneous_box","global_ray",4575,0.04927435
"heterogeneous_box","global_ray",4579,-0.059758622
"heterogeneous_box","global_ray",4583,0.011614682
"heterogeneous_box","global_ray",4587,0.049606388
"heterogeneous_box","global_ray",4591,-0.044378735
"heterogeneous_box","global_ray",4595,-0.051117084
"heterogeneous_box","global_ray",4599,-0.011917114
"heterogeneous_box","global_ray",4603,-0.042738336
"heterogeneous_box","global_ray",4607,-0.041778323
"heterogeneous_box","global_ray",4611,0.017445386
"heterogeneous_box","global_ray",4615,0.053256709
"heterogeneous_box","global_ray",4619,-0.05050463
"heterogeneous_box","global_ray",4623,-0.0067025729
"heterogeneous_box","global_ray",4627,-0.014858377
"heterogeneous_box","global_ray",4631,0.030571232
"heterogeneous_box","global_ray",4635,-0.041676707
"heterogeneous_box","global_ray",4639,0.021311494
"heterogeneous_box","global_ray",4643,-0.0095134158
"heterogeneous_box","global_ray",4647,-0.036155021
"heterogeneous_box","global_ray",4651,-0.05767887
"heterogeneous_box","global_ray",4655,0.0088566327
"heterogeneous_box","global_ray",4659,-0.0005215131
"heterogeneous_box","global_ray",4663,0.014365277
"heterogeneous_box","global_ray",4667,0.014097473
"heterogeneous_box","global_ray",4671,-0.054807772
"heterogeneous_box","global_ray",4675,-0.029045844
"heterogeneous_box","global_ray",4679,0.0029354493
"heterogeneous_box","global_ray",4683,-0.059824858
"heterogeneous_box","global_ray",4687,0.027866016
"heterogeneous_box","global_ray",4691,-0.040580588
"heterogeneous_box","global_ray",4695,0.0260196
"heterogeneous_box","global_ray",4699,-0.065261366
"heterogeneous_box","global_ray",4703,-0.02572673
"heterogeneous_box","global_ray",4707,0.043023285
"heterogeneous_box","global_ray",4711,0.0012563094
"heterogeneous_box","global_ray",4715,-0.0042419804
"heterogeneous_box","global_ray",4719,-0.026259031
"heterogeneous_box","global_ray",4723,-0.056099959
"heterogeneous_box","global_ray",4727,-0.059508819
"heterogeneous_box","global_ray",4731,0.011479681
"heterogeneous_box","global_ray",4735,-0.045500603
"heterogeneous_box","global_ray",4739,0.0032269386
"heterogeneous_box","global_ray",4743,-0.0043815545
"heterogeneous_box","global_ray",4747,0.026352177
"heterogeneous_box","global_ray",4751,-0.068732995
"heterogeneous_box","global_ray",4755,-4.5064904e-05
"heterogeneous_box","global_ray",4759,-0.051865813
"heterogeneous_box","global_ray",4763,-0.062984731
"heterogeneous_box","global_ray",4767,0.061772732
"heterogeneous_box","global_ray",4771,0.033360532
"heterogeneous_box","global_ray",4775,0.020531398
"heterogeneous_box","global_ray",4779,-0.028650693
"heterogeneous_box","global_ray",4783,-0.047228124
"heterogeneous_box","global_ray",4787,-0.063517977
"heterogeneous_box","global_ray",4791,-0.038361031
"heterogeneous_box","global_ray",4795,-0.0052049034
"heterogeneous_box","global_ray",4799,0.026381985
"heterogeneous_box","global_ray",4803,0.0045273952
"heterogeneous_box","global_ray",4807,0.016344736
"heterogeneous_box","global_ray",4811,-0.011686857
"heterogeneous_box","global_ray",4815,0.043265231
"heterogeneous_box","global_ray",4819,0.050944726
"heterogeneous_box","global_ray",4823,0.045362876
"heterogeneous_box","global_ray",4827,0.01495253
"heterogeneous_box","global_ray",4831,-0.014938412
"heterogeneous_box","global_ray",4835,-0.039078372
"heterogeneous_box","global_ray",4839,-0.021837272
"heterogeneous_box","global_ray",4843,-0.050967922
"heterogeneous_box","global_ray",4847,-0.0064996441
"heterogeneous_box","global_ray",4851,0.047770378
"heterogeneous_box","global_ray",4855,0.050251326
"heterogeneous_box","global_ray",4859,-0.026544361
"heterogeneous_box","global_ray",4863,0.059444879
"heterogeneous_box","global_ray",4867,-0.02831339
"heterogeneous_box","global_ray",4871,0.046688379
"heterogeneous_box","global_ray",4875,0.042548122
"heterogeneous_box","global_ray",4879,-0.051688278
"heterogeneous_box","global_ray",4883,0.029447246
"heterogeneous_box","global_ray",4887,0.045249088
"heterogeneous_box","global_ray",4891,-0.015541084
"heterogeneous_box","global_ray",4895,-0.058520286
"heterogeneous_box","global_ray",4899,-0.0087104459
"heterogeneous_box","global_ray",4903,-0.040236979
"heterogeneous_box","global_ray",4907,0.028214801
"heterogeneous_box","global_ray",4911,-0.0027491318
"heterogeneous_box","global_ray",4915,-0.036910567
"heterogeneous_box","global_ray",4919,-0.056083012
"heterogeneous_box","global_ray",4923,-0.067052706
"heterogeneous_box","global_ray",4927,-0.04495933
"heterogeneous_box","global_ray",4931,0.0017796415
"heterogeneous_box","global_ray",4935,-0.0031179738
"heterogeneous_box","global_ray",4939,-0.035885404
"heterogeneous_box","global_ray",4943,-0.058893269
"heterogeneous_box","global_ray",4947,0.027223787
"heterogeneous_box","global_ray",4951,-0.02626243
"heterogeneous_box","global_ray",4955,-0.059249013
"heterogeneous_box","global_ray",4959,0.029054509
"heterogeneous_box","global_ray",4963,-0.017910326
"heterogeneous_box","global_ray",4967,0.021052981
"heterogeneous_box","global_ray",4971,-0.041858904
"heterogeneous_box","global_ray",4975,-0.065804238
"heterogeneous_box","global_ray",4979,0.046629358
"heterogeneous_box","global_ray",4983,0.044473669
"heterogeneous_box","global_ray",4987,-0.021615025
"heterogeneous_box","global_ray",4991,0.0052498799
"heterogeneous_box","global_ray",4995,0.023193102
"heterogeneous_box","global_ray",4999,0.019846559
"heterogeneous_box","global_ray",5004,-0.012270982
"heterogeneous_box","global_ray",5008,0.018952746
"heterogeneous_box","global_ray",5012,-0.0020425344
"heterogeneous_box","global_ray",5016,-0.066661998
"heterogeneous_box","global_ray",5020,-0.069717701
"heterogeneous_box","global_ray",5024,0.02399284
"heterogeneous_box","global_ray",5028,-0.020388147
"heterogeneous_box","global_ray",5032,0.0584972
"heterogeneous_box","global_ray",5036,0.0023723989
"heterogeneous_box","global_ray",5040,0.040171814
"heterogeneous_box","global_ray",5044,0.050821028
"heterogeneous_box","global_ray",5048,0.036474547
"heterogeneous_box","global_ray",5052,0.026627565
"heterogeneous_box","global_ray",5056,-0.047228986
"heterogeneous_box","global_ray",5060,-0.035928164
"heterogeneous_box","global_ray",5064,-0.054338194
"heterogeneous_box","global_ray",5068,-0.058836614
"heterogeneous_box","global_ray",5072,0.013826148
"heterogeneous_box","global_ray",5076,-0.036517219
"heterogeneous_box","global_ray",5080,-0.042737535
"heterogeneous_box","global_ray",5084,0.060497464
"heterogeneous_box","global_ray",5088,0.013137394
"heterogeneous_box","global_ray",5092,-0.06586257
"heterogeneous_box","global_ray",5096,-0.037487294
"heterogeneous_box","global_ray",5100,-0.034588525
"heterogeneous_box","global_ray",5104,-0.052835523
"heterogeneous_box","global_ray",5108,-0.028002214
"heterogeneous_box","global_ray",5112,-0.015536033
"heterogeneous_box","global_ray",5116,0.0053664319
"heterogeneous_box","global_ray",5120,-0.00095303117
"heterogeneous_box","global_ray",5124,0.049733152
"heterogeneous_box","global_ray",5128,0.011276719
"heterogeneous_box","global_ray",5132,-0.031347366
"heterogeneous_box","global_ray",5136,-0.02873107
"heterogeneous_box","global_ray",5140,0.034766232
"heterogeneous_box","global_ray",5144,-0.036161982
"heterogeneous_box","global_ray",5148,0.02448517
"heterogeneous_box","global_ray",5152,-0.0049586884
"heterogeneous_box","global_ray",5156,-0.036301252
"heterogeneous_box","global_ray",5160,0.00031483107
"heterogeneous_box","global_ray",5164,0.011488341
"heterogeneous_box","global_ray",5168,-0.042834652
"heterogeneous_box","global_ray",5172,-0.062368979
"heterogeneous_box","global_ray",5176,0.055695568
"heterogeneous_box","global_ray",5180,0.050375345
"heterogeneous_box","global_ray",5184,0.030358977
"heterogeneous_box","global_ray",5188,0.048911398
"heterogeneous_box","global_ray",5192,0.061893989
"heterogeneous_box","global_ray",5196,-0.034544714
"heterogeneous_box","global_ray",5200,0.044173026
"heterogeneous_box","global_ray",5204,0.0088613977
"heterogeneous_box","global_ray",5208,-0.054619625
"heterogeneous_box","global_ray",5212,-0.067405982
"heterogeneous_box","global_ray",5216,-0.054901578
"heterogeneous_box","global_ray",5220,-0.008340064
"heterogeneous_box","global_ray",5224,0.0005670591
"heterogeneous_box","global_ray",5228,0.035123998
"heterogeneous_box","global_ray",5232,-0.063040872
"heterogeneous_box","global_ray",5236,-0.065998705
"heterogeneous_box","global_ray",5240,0.0077803308
"heterogeneous_box","global_ray",5244,0.027637404
"heterogeneous_box","global_ray",5248,0.018380324
"heterogeneous_box","global_ray",5252,-0.025851842
"heterogeneous_box","global_ray",5256,0.052082157
"heterogeneous_box","global_ray",5260,-0.054567396
"heterogeneous_box","global_ray",5264,-0.027506444
"heterogeneous_box","global_ray",5268,-0.071194793
"heterogeneous_box","global_ray",5272,0.0076009587
"heterogeneous_box","global_ray",5276,0.037276618
"heterogeneous_box","global_ray",5280,0.022955421
"heterogeneous_box","global_ray",5284,0.018338287
"heterogeneous_box","global_ray",5288,-0.0026153922
"heterogeneous_box","global_ray",5292,-0.0054856362
"heterogeneous_box","global_ray",5296,-0.026665069
"heterogeneous_box","global_ray",5300,0.043133873
"heterogeneous_box","global_ray",5304,0.010386971
"heterogeneous_box","global_ray",5308,0.04086371
"heterogeneous_box","global_ray",5312,0.021858974
"heterogeneous_box","global_ray",5316,0.053873407
"heterogeneous_box","global_ray",5320,0.049320541
"heterogeneous_box","global_ray",5324,-0.062007083
"heterogeneous_box","global_ray",5328,0.0092858686
"heterogeneous_box","global_ray",5332,-0.065778804
"heterogeneous_box","global_ray",5336,-0.029023781
"heterogeneous_box","global_ray",5340,0.034573644
"heterogeneous_box","global_ray",5344,-0.0089140207
"heterogeneous_box","global_ray",5348,-0.069129959
"heterogeneous_box","global_ray",5352,0.029877908
"heterogeneous_box","global_ray",5356,-0.017184385
"heterogeneous_box","global_ray",5360,0.0074969303
"heterogeneous_box","global_ray",5364,0.012363583
"heterogeneous_box","global_ray",5368,-0.038028754
"heterogeneous_box","global_ray",5372,-0.033699976
"heterogeneous_box","global_ray",5376,-0.056621781
"heterogeneous_box","global_ray",5380,0.012365741
"heterogeneous_box","global_ray",5384,0.034028027
"heterogeneous_box","global_ray",5388,0.011389448
"heterogeneous_box","global_ray",5392,0.013944881
"heterogeneous_box","global_ray",5396,0.059009177
"heterogeneous_box","global_ray",5400,-0.05937225
"heterogeneous_box","global_ray",5404,0.0037868674
"heterogeneous_box","global_ray",5408,-0.04959869
"heterogeneous_box","global_ray",5412,-0.0097972764
"heterogeneous_box","global_ray",5416,-0.054478531
"heterogeneous_box","global_ray",5420,-0.012530701
"heterogeneous_box","global_ray",5424,-0.070367354
"heterogeneous_box","global_ray",5428,-0.071047358
"heterogeneous_box","global_ray",5432,0.042552529
"heterogeneous_box","global_ray",5436,-0.058697298
"heterogeneous_box","global_ray",5440,-0.024079494
"heterogeneous_box","global_ray",5444,0.049878491
"heterogeneous_box","global_ray",5448,-0.0016633713
"heterogeneous_box","global_ray",5452,0.032238481
"heterogeneous_box","global_ray",5456,-0.0089533839
"heterogeneous_box","global_ray",5460,0.0070626042
"heterogeneous_box","global_ray",5464,-0.010261119
"heterogeneous_box","global_ray",5468,-0.064669231
"heterogeneous_box","global_ray",5472,0.039705086
"heterogeneous_box","global_ray",5476,-0.023874261
"heterogeneous_box","global_ray",5480,0.018813491
"heterogeneous_box","global_ray",5484,-0.042915508
"heterogeneous_box","global_ray",5488,0.022688264
"heterogeneous_box","global_ray",5492,0.045042263
"heterogeneous_box","global_ray",5496,-0.017197523
"heterogeneous_box","global_ray",5500,-0.06357265
"heterogeneous_box","global_ray",5504,-0.055022115
"heterogeneous_box","global_ray",5508,-0.027090825
"heterogeneous_box","global_ray",5512,0.020413619
"heterogeneous_box","global_ray",5516,0.05004192
"heterogeneous_box","global_ray",5520,-0.035804689
"heterogeneous_box","global_ray",5524,0.027859739
"heterogeneous_box","global_ray",5528,0.011096721
"heterogeneous_box","global_ray",5532,-0.054043001
"heterogeneous_box","global_ray",5536,-0.041723896
"heterogeneous_box","global_ray",5540,-0.0071233065
"heterogeneous_box","global_ray",5544,-0.033775393
"heterogeneous_box","global_ray",5548,-0.06199188
"heterogeneous_box","global_ray",5552,-0.06796498
"heterogeneous_box","global_ray",5556,-0.047437348
"heterogeneous_box","global_ray",5560,0.0055224046
"heterogeneous_box","global_ray",5564,-0.051249208
"heterogeneous_box","global_ray",5568,-0.059643611
"heterogeneous_box","global_ray",5572,-0.051454048
"heterogeneous_box","global_ray",5576,0.0061310072
"heterogeneous_box","global_ray",5580,0.026528677
"heterogeneous_box","global_ray",5584,0.00038214425
"heterogeneous_box","global_ray",5588,-0.039257032
"heterogeneous_box","global_ray",5592,0.050371818
"heterogeneous_box","global_ray",5596,0.053234088
"heterogeneous_box","global_ray",5600,0.061882611
"heterogeneous_box","global_ray",5604,-0.022341602
"heterogeneous_box","global_ray",5608,0.0046450334
"heterogeneous_box","global_ray",5612,-0.054171311
"heterogeneous_box","global_ray",5616,0.059684102
"heterogeneous_box","global_ray",5620,0.015201402
"heterogeneous_box","global_ray",5624,-0.02690695
"heterogeneous_box","global_ray",5628,0.043635818
"heterogeneous_box","global_ray",5632,-0.013077879
"heterogeneous_box","global_ray",5636,-0.0053305403
"heterogeneous_box","global_ray",5640,-0.055810908
"heterogeneous_box","global_ray",5644,0.016730102
"heterogeneous_box","global_ray",5648,-0.0071444511
"heterogeneous_box","global_ray",5652,-0.034559345
"heterogeneous_box","global_ray",5656,0.0030156621
"heterogeneous_box","global_ray",5660,-0.037935003
"heterogeneous_box","global_ray",5664,-0.070697776
"heterogeneous_box","global_ray",5668,0.057889311
"heterogeneous_box","global_ray",5672,-0.060628566
"heterogeneous_box","global_ray",5676,-0.016504361
"heterogeneous_box","global_ray",5680,0.01525588
"heterogeneous_box","global_ray",5684,-0.015883617
"heterogeneous_box","global_ray",5688,0.016526908
"heterogeneous_box","global_ray",5692,-0.038822993
"heterogeneous_box","global_ray",5696,-0.031386733
"heterogeneous_box","global_ray",5700,0.042070071
"heterogeneous_box","global_ray",5704,0.026279724
"heterogeneous_box","global_ray",5708,-0.011175702
"heterogeneous_box","global_ray",5712,-0.029864944
"heterogeneous_box","global_ray",5716,-0.064988836
"heterogeneous_box","global_ray",5720,-0.0046507229
"heterogeneous_box","global_ray",5724,-0.053393467
"heterogeneous_box","global_ray",5728,-0.029716958
"heterogeneous_box","global_ray",5732,0.024929989
"heterogeneous_box","global_ray",5736,0.042679741
"heterogeneous_box","global_ray",5740,0.049076015
"heterogeneous_box","global_ray",5744,0.012518583
"heterogeneous_box","global_ray",5748,0.0010221412
"heterogeneous_box","global_ray",5752,0.058682971
"heterogeneous_box","global_ray",5756,0.046943179
"heterogeneous_box","global_ray",5760,-0.0025672673
"heterogeneous_box","global_ray",5764,-0.018247816
"heterogeneous_box","global_ray",5768,-0.0052463985
"heterogeneous_box","global_ray",5772,0.02591612
"heterogeneous_box","global_ray",5776,-0.028818299
"heterogeneous_box","global_ray",5780,0.020611708
"heterogeneous_box","global_ray",5784,0.043146409
"heterogeneous_box","global_ray",5788,0.052318271
"heterogeneous_box","global_ray",5792,-0.064817808
"heterogeneous_box","global_ray",5796,-0.026190516
"heterogeneous_box","global_ray",5800,0.019093195
"heterogeneous_box","global_ray",5804,-0.011798072
"heterogeneous_box","global_ray",5808,-0.062717895
"heterogeneous_box","global_ray",5812,-0.041398645
"heterogeneous_box","global_ray",5816,-0.010772752
"heterogeneous_box","global_ray",5820,0.052501439
"heterogeneous_box","global_ray",5824,-0.050986816
"heterogeneous_box","global_ray",5828,0.037981195
"heterogeneous_box","global_ray",5832,-0.063007077
"heterogeneous_box","global_ray",5836,-0.013063755
"heterogeneous_box","global_ray",5840,-0.022232668
"heterogeneous_box","global_ray",5844,-0.018425423
"heterogeneous_box","global_ray",5848,0.041335882
"heterogeneous_box","global_ray",5852,0.060730862
"heterogeneous_box","global_ray",5856,0.0039870402
"heterogeneous_box","global_ray",5860,-0.0059319689
"heterogeneous_box","global_ray",5864,-0.013847871
"heterogeneous_box","global_ray",5868,-0.049758199
"heterogeneous_box","global_ray",5872,0.0062085834
"heterogeneous_box","global_ray",5876,-0.041696941
"heterogeneous_box","global_ray",5880,-0.055009882
"heterogeneous_box","global_ray",5884,-0.037571113
"heterogeneous_box","global_ray",5888,-0.027183481
"heterogeneous_box","global_ray",5892,0.020840418
"heterogeneous_box","global_ray",5896,0.055359544
"heterogeneous_box","global_ray",5900,-0.0019144839
"heterogeneous_box","global_ray",5904,0.048623791
"heterogeneous_box","global_ray",5908,0.057497984
"heterogeneous_box","global_ray",5912,0.046022545
"heterogeneous_box","global_ray",5916,-0.063272423
"heterogeneous_box","global_ray",5920,-0.029537023
"heterogeneous_box","global_ray",5924,0.03214153
"heterogeneous_box","global_ray",5928,-0.026586639
"heterogeneous_box","global_ray",5932,-0.060765459
"heterogeneous_box","global_ray",5936,0.049200763
"heterogeneous_box","global_ray",5940,-0.040230751
"heterogeneous_box","global_ray",5944,0.010631638
"heterogeneous_box","global_ray",5948,-0.036777689
"heterogeneous_box","global_ray",5952,0.012631096
"heterogeneous_box","global_ray",5956,-0.0084238709
"heterogeneous_box","global_ray",5960,0.0082161418
"heterogeneous_box","global_ray",5964,-0.0048318828
"heterogeneous_box","global_ray",5968,-0.029984139
"heterogeneous_box","global_ray",5972,-0.056112653
"heterogeneous_box","global_ray",5976,-0.030521691
"heterogeneous_box","global_ray",5980,-0.046410775
"heterogeneous_box","global_ray",5984,-0.013916506
"heterogeneous_box","global_ray",5988,-0.010425525
"heterogeneous_box","global_ray",5992,0.017653947
"heterogeneous_box","global_ray",5996,-0.011305672
"heterogeneous_box","global_ray",6000,-0.058190629
"wide_heterogeneous_box","global_ray",1,0.031978093
"wide_heterogeneous_box","global_ray",5,-0.1549114
"wide_heterogeneous_box","global_ray",9,-0.43217628
"wide_heterogeneous_box","global_ray",13,0.21286091
"wide_heterogeneous_box","global_ray",17,-0.25482196
"wide_heterogeneous_box","global_ray",21,0.23512013
"wide_heterogeneous_box","global_ray",25,0.33994156
"wide_heterogeneous_box","global_ray",29,0.1496018
"wide_heterogeneous_box","global_ray",33,-0.41548224
"wide_heterogeneous_box","global_ray",37,0.32201362
"wide_heterogeneous_box","global_ray",41,0.32071217
"wide_heterogeneous_box","global_ray",45,0.036684152
"wide_heterogeneous_box","global_ray",49,0.11320617
"wide_heterogeneous_box","global_ray",53,-0.11019275
"wide_heterogeneous_box","global_ray",57,0.19779081
"wide_heterogeneous_box","global_ray",61,-0.14728113
"wide_heterogeneous_box","global_ray",65,-0.034900671
"wide_heterogeneous_box","global_ray",69,0.05682891
"wide_heterogeneous_box","global_ray",73,-0.27967054
"wide_heterogeneous_box","global_ray",77,0.26059775
"wide_heterogeneous_box","global_ray",81,-0.40588599
"wide_heterogeneous_box","global_ray",85,0.19649164
"wide_heterogeneous_box","global_ray",89,0.20650591
"wide_heterogeneous_box","global_ray",93,-0.37668943
"wide_heterogeneous_box","global_ray",97,0.24705653
"wide_heterogeneous_box","global_ray",101,0.033183609
"wide_heterogeneous_box","global_ray",105,0.043358462
"wide_heterogeneous_box","global_ray",109,-0.37070999
"wide_heterogeneous_box","global_ray",113,-0.0035786343
"wide_heterogeneous_box","global_ray",117,0.045251113
"wide_heterogeneous_box","global_ray",121,0.15065709
"wide_heterogeneous_box","global_ray",125,-0.2633485
"wide_heterogeneous_box","global_ray",129,0.32389354
"wide_heterogeneous_box","global_ray",133,-0.29202907
"wide_heterogeneous_box","global_ray",137,0.21109863
"wide_heterogeneous_box","global_ray",141,0.050050011
"wide_heterogeneous_box","global_ray",145,-0.0037574178
"wide_heterogeneous_box","global_ray",149,0.057190456
"wide_heterogeneous_box","global_ray",153,0.18368741
"wide_heterogeneous_box","global_ray",157,0.288097
"wide_heterogeneous_box","global_ray",161,0.018506738
"wide_heterogeneous_box","global_ray",165,0.078690826
"wide_heterogeneous_box","global_ray",169,-0.06733491
"wide_heterogeneous_box","global_ray",173,-0.035452481
"wide_heterogeneous_box","global_ray",177,-0.21264634
"wide_heterogeneous_box","global_ray",181,0.13562717
"wide_heterogeneous_box","global_ray",185,0.21157148
"wide_heterogeneous_box","global_ray",189,-0.27934011
"wide_heterogeneous_box","global_ray",193,0.072646218
"wide_heterogeneous_box","global_ray",197,-0.37622992
"wide_heterogeneous_box","global_ray",201,0.02447484
"wide_heterogeneous_box","global_ray",205,-0.036405653
"wide_heterogeneous_box","global_ray",209,0.10849711
"wide_heterogeneous_box","global_ray",213,-0.33835888
"wide_heterogeneous_box","global_ray",217,-0.23313558
"wide_heterogeneous_box","global_ray",221,-0.09492561
"wide_heterogeneous_box","global_ray",225,0.39235164
"wide_heterogeneous_box","global_ray",229,0.13741489
"wide_heterogeneous_box","global_ray",233,0.15940255
"wide_heterogeneous_box","global_ray",237,0.20500541
"wide_heterogeneous_box","global_ray",241,-0.077786232
"wide_heterogeneous_box","global_ray",245,0.32578189
"wide_heterogeneous_box","global_ray",249,-0.060414668
"wide_heterogeneous_box","global_ray",253,-0.26057631
"wide_heterogeneous_box","global_ray",257,-0.39784819
"wide_heterogeneous_box","global_ray",261,0.0064347125
"wide_heterogeneous_box","global_ray",265,0.19547527
"wide_heterogeneous_box","global_ray",269,0.05396797
"wide_heterogeneous_box","global_ray",273,-0.27705854
"wide_heterogeneous_box","global_ray",277,0.15897634
"wide_heterogeneous_box","global_ray",281,-0.42599755
"wide_heterogeneous_box","global_ray",285,0.15616014
"wide_heterogeneous_box","global_ray",289,-0.36544938
"wide_heterogeneous_box","global_ray",293,-0.33716551
"wide_heterogeneous_box","global_ray",297,0.2454006
"wide_heterogeneous_box","global_ray",301,-0.047324504
"wide_heterogeneous_box","global_ray",305,0.31381986
"wide_heterogeneous_box","global_ray",309,0.05774991
"wide_heterogeneous_box","global_ray",313,-0.15407087
"wide_heterogeneous_box","global_ray",317,0.1112879
"wide_heterogeneous_box","global_ray",321,-0.39247427
"wide_heterogeneous_box","global_ray",325,0.1719587
"wide_heterogeneous_box","global_ray",329,0.34107183
"wide_heterogeneous_box","global_ray",333,0.36284308
"wide_heterogeneous_box","global_ray",337,0.36461237
"wide_heterogeneous_box","global_ray",341,-0.16592661
"wide_heterogeneous_box","global_ray",345,0.24210287
"wide_heterogeneous_box","global_ray",349,0.036463118
"wide_heterogeneous_box","global_ray",353,0.0015650485
"wide_heterogeneous_box","global_ray",357,-0.26468587
"wide_heterogeneous_box","global_ray",361,-0.35289125
"wide_heterogeneous_box","global_ray",365,-0.31288307
"wide_heterogeneous_box","global_ray",369,-0.36257398
"wide_heterogeneous_box","global_ray",373,-0.11042956
"wide_heterogeneous_box","global_ray",377,-0.19429296
"wide_heterogeneous_box","global_ray",381,-0.32677036
"wide_heterogeneous_box","global_ray",385,0.29907882
"wide_heterogeneous_box","global_ray",389,0.12181869
"wide_heterogeneous_box","global_ray",393,-0.25319528
"wide_heterogeneous_box","global_ray",397,0.3526429
"wide_heterogeneous_box","global_ray",401,-0.39542546
"wide_heterogeneous_box","global_ray",405,-0.08431998
"wide_heterogeneous_box","global_ray",409,-0.0043068355
"wide_heterogeneous_box","global_ray",413,0.21768627
"wide_heterogeneous_box","global_ray",417,0.022634047
"wide_heterogeneous_box","global_ray",421,-0.048094831
"wide_heterogeneous_box","global_ray",425,-0.28718945
"wide_heterogeneous_box","global_ray",429,0.21560286
"wide_heterogeneous_box","global_ray",433,-0.40431015
"wide_heterogeneous_box","global_ray",437,-0.23428938
"wide_heterogeneous_box","global_ray",441,0.20233347
"wide_heterogeneous_box","global_ray",445,-0.061186192
"wide_heterogeneous_box","global_ray",449,-0.43048462
"wide_heterogeneous_box","global_ray",453,-0.24543414
"wide_heterogeneous_box","global_ray",457,-0.069383612
"wide_heterogeneous_box","global_ray",461,-0.22076984
"wide_heterogeneous_box","global_ray",465,-0.25310043
"wide_heterogeneous_box","global_ray",469,0.08715772
"wide_heterogeneous_box","global_ray",473,-0.0088619987
"wide_heterogeneous_box","global_ray",477,0.30346775
"wide_heterogeneous_box","global_ray",481,0.087068573
"wide_heterogeneous_box","global_ray",485,-0.067189545
"wide_heterogeneous_box","global_ray",489,-0.40219899
"wide_heterogeneous_box","global_ray",493,-0.23858197
"wide_heterogeneous_box","global_ray",497,0.28231532
"wide_heterogeneous_box","global_ray",501,0.18854843
"wide_heterogeneous_box","global_ray",505,0.10443502
"wide_heterogeneous_box","global_ray",509,0.0012344479
"wide_heterogeneous_box","global_ray",513,-0.044727754
"wide_heterogeneous_box","global_ray",517,-0.37292755
"wide_heterogeneous_box","global_ray",521,-0.32847688
"wide_heterogeneous_box","global_ray",525,-0.30379662
"wide_heterogeneous_box","global_ray",529,0.16278586
"wide_heterogeneous_box","global_ray",533,-0.16623438
"wide_heterogeneous_box","global_ray",537,0.27682828
"wide_heterogeneous_box","global_ray",541,-0.21833414
"wide_heterogeneous_box","global_ray",545,0.067422029
"wide_heterogeneous_box","global_ray",549,-0.2639782
"wide_heterogeneous_box","global_ray",553,0.041428912
"wide_heterogeneous_box","global_ray",557,-0.074853279
"wide_heterogeneous_box","global_ray",561,0.23857034
"wide_heterogeneous_box","global_ray",565,0.30289457
"wide_heterogeneous_box","global_ray",569,-0.1595759
"wide_heterogeneous_box","global_ray",573,-0.42890939
"wide_heterogeneous_box","global_ray",577,0.11523617
"wide_heterogeneous_box","global_ray",581,0.23336336
"wide_heterogeneous_box","global_ray",585,-0.085503267
"wide_heterogeneous_box","global_ray",589,-0.13363848
"wide_heterogeneous_box","global_ray",593,0.057339212
"wide_heterogeneous_box","global_ray",597,-0.21860997
"wide_heterogeneous_box","global_ray",601,0.3710013
"wide_heterogeneous_box","global_ray",605,0.15210004
"wide_heterogeneous_box","global_ray",609,0.37758584
"wide_heterogeneous_box","global_ray",613,-0.4126314
"wide_heterogeneous_box","global_ray",617,0.27308003
"wide_heterogeneous_box","global_ray",621,0.24584442
"wide_heterogeneous_box","global_ray",625,-0.12819139
"wide_heterogeneous_box","global_ray",629,-0.10168328
"wide_heterogeneous_box","global_ray",633,-0.10608741
"wide_heterogeneous_box","global_ray",637,-0.28990786
"wide_heterogeneous_box","global_ray",641,-0.048054315
"wide_heterogeneous_box","global_ray",645,0.22885595
"wide_heterogeneous_box","global_ray",649,0.17809113
"wide_heterogeneous_box","global_ray",653,0.33974246
"wide_heterogeneous_box","global_ray",657,0.027101195
"wide_heterogeneous_box","global_ray",661,-0.18382729
"wide_heterogeneous_box","global_ray",665,-0.083462984
"wide_heterogeneous_box","global_ray",669,0.15947214
"wide_heterogeneous_box","global_ray",673,0.11887628
"wide_heterogeneous_box","global_ray",677,-0.32013517
"wide_heterogeneous_box","global_ray",681,-0.12295317
"wide_heterogeneous_box","global_ray",685,-0.087298264
"wide_heterogeneous_box","global_ray",689,0.016776521
"wide_heterogeneous_box","global_ray",693,0.29011288
"wide_heterogeneous_box","global_ray",697,0.27586574
"wide_heterogeneous_box","global_ray",701,-0.021350931
"wide_heterogeneous_box","global_ray",705,0.098365254
"wide_heterogeneous_box","global_ray",709,-0.3779108
"wide_heterogeneous_box","global_ray",713,0.3453861
"wide_heterogeneous_box","global_ray",717,-0.14209904
"wide_heterogeneous_box","global_ray",721,-0.43140943
"wide_heterogeneous_box","global_ray",725,-0.0071645528
"wide_heterogeneous_box","global_ray",729,-0.10917592
"wide_heterogeneous_box","global_ray",733,0.36732988
"wide_heterogeneous_box","global_ray",737,-0.30078437
"wide_heterogeneous_box","global_ray",741,-0.23609459
"wide_heterogeneous_box","global_ray",745,0.33698149
"wide_heterogeneous_box","global_ray",749,0.16334884
"wide_heterogeneous_box","global_ray",753,0.23025896
"wide_heterogeneous_box","global_ray",757,-0.041434124
"wide_heterogeneous_box","global_ray",761,0.35311613
"wide_heterogeneous_box","global_ray",765,-0.35968779
"wide_heterogeneous_box","global_ray",769,-0.0712528
"wide_heterogeneous_box","global_ray",773,0.28454364
"wide_heterogeneous_box","global_ray",777,0.17557582
"wide_heterogeneous_box","global_ray",781,0.30156011
"wide_heterogeneous_box","global_ray",785,-0.030460989
"wide_heterogeneous_box","global_ray",789,0.37320246
"wide_heterogeneous_box","global_ray",793,-0.28123171
"wide_heterogeneous_box","global_ray",797,-0.15849519
"wide_heterogeneous_box","global_ray",801,-0.22474005
"wide_heterogeneous_box","global_ray",805,-0.24204832
"wide_heterogeneous_box","global_ray",809,0.033635825
"wide_heterogeneous_box","global_ray",813,-0.19059229
"wide_heterogeneous_box","global_ray",817,-0.26444807
"wide_heterogeneous_box","global_ray",821,-0.36739226
"wide_heterogeneous_box","global_ray",825,-0.27131346
"wide_heterogeneous_box","global_ray",829,0.2521753
"wide_heterogeneous_box","global_ray",833,-0.30086235
"wide_heterogeneous_box","global_ray",837,-0.29897341
"wide_heterogeneous_box","global_ray",841,-0.35914234
"wide_heterogeneous_box","global_ray",845,-0.34757656
"wide_heterogeneous_box","global_ray",849,-0.080133284
"wide_heterogeneous_box","global_ray",853,-0.17795038
"wide_heterogeneous_box","global_ray",857,-0.24746052
"wide_heterogeneous_box","global_ray",861,0.18177097
"wide_heterogeneous_box","global_ray",865,-0.28908027
"wide_heterogeneous_box","global_ray",869,0.16045123
"wide_heterogeneous_box","global_ray",873,-0.32209301
"wide_heterogeneous_box","global_ray",877,-0.014674516
"wide_heterogeneous_box","global_ray",881,0.18936369
"wide_heterogeneous_box","global_ray",885,0.37113669
"wide_heterogeneous_box","global_ray",889,-0.0038789509
"wide_heterogeneous_box","global_ray",893,-0.20001588
"wide_heterogeneous_box","global_ray",897,-0.0066429354
"wide_heterogeneous_box","global_ray",901,-0.335249
"wide_heterogeneous_box","global_ray",905,-0.11872777
"wide_heterogeneous_box","global_ray",909,-0.23521895
"wide_heterogeneous_box","global_ray",913,0.35481089
"wide_heterogeneous_box","global_ray",917,-0.1948302
"wide_heterogeneous_box","global_ray",921,-0.060668646
"wide_heterogeneous_box","global_ray",925,-0.17400315
"wide_heterogeneous_box","global_ray",929,0.3735519
"wide_heterogeneous_box","global_ray",933,-0.34580675
"wide_heterogeneous_box","global_ray",937,-0.30955509
"wide_heterogeneous_box","global_ray",941,0.24559659
"wide_heterogeneous_box","global_ray",945,0.12356606
"wide_heterogeneous_box","global_ray",949,0.30245956
"wide_heterogeneous_box","global_ray",953,-0.035651843
"wide_heterogeneous_box","global_ray",957,-0.1989229
"wide_heterogeneous_box","global_ray",961,-0.12871433
"wide_heterogeneous_box","global_ray",965,-0.0058882629
"wide_heterogeneous_box","global_ray",969,0.27510015
"wide_heterogeneous_box","global_ray",973,-0.28092142
"wide_heterogeneous_box","global_ray",977,0.15343846
"wide_heterogeneous_box","global_ray",981,0.33337789
"wide_heterogeneous_box","global_ray",985,0.16794696
"wide_heterogeneous_box","global_ray",989,0.17011275
"wide_heterogeneous_box","global_ray",993,-0.41306642
"wide_heterogeneous_box","global_ray",997,0.089369466
"wide_heterogeneous_box","global_ray",1002,-0.42173832
"wide_heterogeneous_box","global_ray",1006,-0.17194899
"wide_heterogeneous_box","global_ray",1010,0.17769438
"wide_heterogeneous_box","global_ray",1014,-0.32670319
"wide_heterogeneous_box","global_ray",1018,-0.24743906
"wide_heterogeneous_box","global_ray",1022,0.25011485
"wide_heterogeneous_box","global_ray",1026,-0.3988025
"wide_heterogeneous_box","global_ray",1030,0.22801315
"wide_heterogeneous_box","global_ray",1034,-0.34189506
"wide_heterogeneous_box","global_ray",1038,0.16113059
"wide_heterogeneous_box","global_ray",1042,0.14560003
"wide_heterogeneous_box","global_ray",1046,0.36728887
"wide_heterogeneous_box","global_ray",1050,-0.42548512
"wide_heterogeneous_box","global_ray",1054,0.13004818
"wide_heterogeneous_box","global_ray",1058,-0.38328404
"wide_heterogeneous_box","global_ray",1062,0.059370899
"wide_heterogeneous_box","global_ray",1066,0.037293439
"wide_heterogeneous_box","global_ray",1070,0.37425736
"wide_heterogeneous_box","global_ray",1074,-0.14601417
"wide_heterogeneous_box","global_ray",1078,-0.43752281
"wide_heterogeneous_box","global_ray",1082,0.29206763
"wide_heterogeneous_box","global_ray",1086,-0.15783557
"wide_heterogeneous_box","global_ray",1090,0.022666976
"wide_heterogeneous_box","global_ray",1094,0.2632505
"wide_heterogeneous_box","global_ray",1098,0.3592197
"wide_heterogeneous_box","global_ray",1102,-0.32186132
"wide_heterogeneous_box","global_ray",1106,0.3315048
"wide_heterogeneous_box","global_ray",1110,-0.15067355
"wide_heterogeneous_box","global_ray",1114,-0.0060390469
"wide_heterogeneous_box","global_ray",1118,-0.071072561
"wide_heterogeneous_box","global_ray",1122,-0.11159328
"wide_heterogeneous_box","global_ray",1126,0.29462936
"wide_heterogeneous_box","global_ray",1130,-0.15546477
"wide_heterogeneous_box","global_ray",1134,0.20939641
"wide_heterogeneous_box","global_ray",1138,-0.015034219
"wide_heterogeneous_box","global_ray",1142,0.35231375
"wide_heterogeneous_box","global_ray",1146,-0.2851263
"wide_heterogeneous_box","global_ray",1150,-0.28325773
"wide_heterogeneous_box","global_ray",1154,0.10566449
"wide_heterogeneous_box","global_ray",1158,-0.43491857
"wide_heterogeneous_box","global_ray",1162,-0.078178101
"wide_heterogeneous_box","global_ray",1166,0.24883176
"wide_heterogeneous_box","global_ray",1170,-0.25675407
"wide_heterogeneous_box","global_ray",1174,-0.3451254
"wide_heterogeneous_box","global_ray",1178,0.23256199
"wide_heterogeneous_box","global_ray",1182,-0.25526689
"wide_heterogeneous_box","global_ray",1186,-0.18126558
"wide_heterogeneous_box","global_ray",1190,-0.36687056
"wide_heterogeneous_box","global_ray",1194,-0.20421465
"wide_heterogeneous_box","global_ray",1198,-0.1303016
"wide_heterogeneous_box","global_ray",1202,0.29630562
"wide_heterogeneous_box","global_ray",1206,-0.035083613
"wide_heterogeneous_box","global_ray",1210,-0.069261617
"wide_heterogeneous_box","global_ray",1214,-0.31599858
"wide_heterogeneous_box","global_ray",1218,0.053481759
"wide_heterogeneous_box","global_ray",1222,0.17905573
"wide_heterogeneous_box","global_ray",1226,0.080035146
"wide_heterogeneous_box","global_ray",1230,-0.21434566
"wide_heterogeneous_box","global_ray",1234,-0.20571079
"wide_heterogeneous_box","global_ray",1238,-0.15244042
"wide_heterogeneous_box","global_ray",1242,-0.13647729
"wide_heterogeneous_box","global_ray",1246,-0.1188415
"wide_heterogeneous_box","global_ray",1250,-0.061449373
"wide_heterogeneous_box","global_ray",1254,-0.27218156
"wide_heterogeneous_box","global_ray",1258,0.1380616
"wide_heterogeneous_box","global_ray",1262,0.13467292
"wide_heterogeneous_box","global_ray",1266,-0.33781187
"wide_heterogeneous_box","global_ray",1270,-0.3736279
"wide_heterogeneous_box","global_ray",1274,0.36366319
"wide_heterogeneous_box","global_ray",1278,-0.20912204
"wide_heterogeneous_box","global_ray",1282,-0.17789863
"wide_heterogeneous_box","global_ray",1286,0.22784604
"wide_heterogeneous_box","global_ray",1290,0.19591442
"wide_heterogeneous_box","global_ray",1294,-0.38899831
"wide_heterogeneous_box","global_ray",1298,0.11619749
"wide_heterogeneous_box","global_ray",1302,0.3369004
"wide_heterogeneous_box","global_ray",1306,-0.15085804
"wide_heterogeneous_box","global_ray",1310,0.23077475
"wide_heterogeneous_box","global_ray",1314,0.18984914
"wide_heterogeneous_box","global_ray",1318,0.087255079
"wide_heterogeneous_box","global_ray",1322,-0.078014391
"wide_heterogeneous_box","global_ray",1326,-0.18425868
"wide_heterogeneous_box","global_ray",1330,0.38308809
"wide_heterogeneous_box","global_ray",1334,0.33803378
"wide_heterogeneous_box","global_ray",1338,0.23374696
"wide_heterogeneous_box","global_ray",1342,0.27191479
"wide_heterogeneous_box","global_ray",1346,-0.049484154
"wide_heterogeneous_box","global_ray",1350,0.39190985
"wide_heterogeneous_box","global_ray",1354,0.35585281
"wide_heterogeneous_box","global_ray",1358,0.0038047126
"wide_heterogeneous_box","global_ray",1362,0.35569529
"wide_heterogeneous_box","global_ray",1366,-0.079473133
"wide_heterogeneous_box","global_ray",1370,-0.34777454
"wide_heterogeneous_box","global_ray",1374,0.35035444
"wide_heterogeneous_box","global_ray",1378,0.01674534
"wide_heterogeneous_box","global_ray",1382,0.040754647
"wide_heterogeneous_box","global_ray",1386,0.27331619
"wide_heterogeneous_box","global_ray",1390,-0.34483337
"wide_heterogeneous_box","global_ray",1394,0.39005358
"wide_heterogeneous_box","global_ray",1398,0.10152028
"wide_heterogeneous_box","global_ray",1402,0.0641443
"wide_heterogeneous_box","global_ray",1406,0.031234025
"wide_heterogeneous_box","global_ray",1410,-0.13776309
"wide_heterogeneous_box","global_ray",1414,0.188337
"wide_heterogeneous_box","global_ray",1418,-0.23652648
"wide_heterogeneous_box","global_ray",1422,-0.17471445
"wide_heterogeneous_box","global_ray",1426,0.028168253
"wide_heterogeneous_box","global_ray",1430,0.24679941
"wide_heterogeneous_box","global_ray",1434,0.22469083
"wide_heterogeneous_box","global_ray",1438,0.27003028
"wide_heterogeneous_box","global_ray",1442,0.011898841
"wide_heterogeneous_box","global_ray",1446,0.30343632
"wide_heterogeneous_box","global_ray",1450,0.065054033
"wide_heterogeneous_box","global_ray",1454,0.21983042
"wide_heterogeneous_box","global_ray",1458,-0.43090149
"wide_heterogeneous_box","global_ray",1462,0.23738287
"wide_heterogeneous_box","global_ray",1466,-0.03005189
"wide_heterogeneous_box","global_ray",1470,0.11298943
"wide_heterogeneous_box","global_ray",1474,-0.0072746247
"wide_heterogeneous_box","global_ray",1478,0.25954561
"wide_heterogeneous_box","global_ray",1482,0.10033324
"wide_heterogeneous_box","global_ray",1486,-0.32778567
"wide_heterogeneous_box","global_ray",1490,-0.14453827
"wide_heterogeneous_box","global_ray",1494,-0.33833311
"wide_heterogeneous_box","global_ray",1498,0.374584
"wide_heterogeneous_box","global_ray",1502,-0.0079171587
"wide_heterogeneous_box","global_ray",1506,0.045046262
"wide_heterogeneous_box","global_ray",1510,0.39262127
"wide_heterogeneous_box","global_ray",1514,-0.38103556
"wide_heterogeneous_box","global_ray",1518,0.093637779
"wide_heterogeneous_box","global_ray",1522,0.012913386
"wide_heterogeneous_box","global_ray",1526,0.1412611
"wide_heterogeneous_box","global_ray",1530,0.10560009
"wide_heterogeneous_box","global_ray",1534,-0.28361397
"wide_heterogeneous_box","global_ray",1538,0.35103373
"wide_heterogeneous_box","global_ray",1542,0.38854926
"wide_heterogeneous_box","global_ray",1546,-0.086527457
"wide_heterogeneous_box","global_ray",1550,-0.2737009
"wide_heterogeneous_box","global_ray",1554,-0.00805438
"wide_heterogeneous_box","global_ray",1558,0.16934947
"wide_heterogeneous_box","global_ray",1562,0.20906745
"wide_heterogeneous_box","global_ray",1566,0.35810405
"wide_heterogeneous_box","global_ray",1570,0.26003551
"wide_heterogeneous_box","global_ray",1574,-0.1821098
"wide_heterogeneous_box","global_ray",1578,-0.28803382
"wide_heterogeneous_box","global_ray",1582,-0.10231655
"wide_heterogeneous_box","global_ray",1586,0.090489132
"wide_heterogeneous_box","global_ray",1590,0.23953587
"wide_heterogeneous_box","global_ray",1594,0.00040795497
"wide_heterogeneous_box","global_ray",1598,0.31777284
"wide_heterogeneous_box","global_ray",1602,-0.18962215
"wide_heterogeneous_box","global_ray",1606,0.016303546
"wide_heterogeneous_box","global_ray",1610,-0.39512561
"wide_heterogeneous_box","global_ray",1614,-0.1671067
"wide_heterogeneous_box","global_ray",1618,-0.36771884
"wide_heterogeneous_box","global_ray",1622,0.35581361
"wide_heterogeneous_box","global_ray",1626,0.071907527
"wide_heterogeneous_box","global_ray",1630,0.30230523
"wide_heterogeneous_box","global_ray",1634,-0.16914556
"wide_heterogeneous_box","global_ray",1638,0.18463504
"wide_heterogeneous_box","global_ray",1642,0.24268568
"wide_heterogeneous_box","global_ray",1646,0.098851689
"wide_heterogeneous_box","global_ray",1650,0.27397976
"wide_heterogeneous_box","global_ray",1654,0.19221906
"wide_heterogeneous_box","global_ray",1658,0.32639531
"wide_heterogeneous_box","global_ray",1662,-0.2838779
"wide_heterogeneous_box","global_ray",1666,0.077041309
"wide_heterogeneous_box","global_ray",1670,-0.32261736
"wide_heterogeneous_box","global_ray",1674,-0.27039929
"wide_heterogeneous_box","global_ray",1678,-0.1337809
"wide_heterogeneous_box","global_ray",1682,0.26638116
"wide_heterogeneous_box","global_ray",1686,-0.19823364
"wide_heterogeneous_box","global_ray",1690,0.12479416
"wide_heterogeneous_box","global_ray",1694,-0.27349644
"wide_heterogeneous_box","global_ray",1698,0.28147371
"wide_heterogeneous_box","global_ray",1702,0.28413093
"wide_heterogeneous_box","global_ray",1706,-0.0090834698
"wide_heterogeneous_box","global_ray",1710,-0.13611679
"wide_heterogeneous_box","global_ray",1714,-0.31101755
"wide_heterogeneous_box","global_ray",1718,-0.11329738
"wide_heterogeneous_box","global_ray",1722,0.11416157
"wide_heterogeneous_box","global_ray",1726,0.22300746
"wide_heterogeneous_box","global_ray",1730,0.19760093
"wide_heterogeneous_box","global_ray",1734,-0.36928089
"wide_heterogeneous_box","global_ray",1738,0.33791629
"wide_heterogeneous_box","global_ray",1742,-0.29098907
"wide_heterogeneous_box","global_ray",1746,-0.2771756
"wide_heterogeneous_box","global_ray",1750,-0.15748357
"wide_heterogeneous_box","global_ray",1754,0.30118845
"wide_heterogeneous_box","global_ray",1758,-0.40661947
"wide_heterogeneous_box","global_ray",1762,-0.43282099
"wide_heterogeneous_box","global_ray",1766,0.37850843
"wide_heterogeneous_box","global_ray",1770,-0.21467885
"wide_heterogeneous_box","global_ray",1774,0.10762647
"wide_heterogeneous_box","global_ray",1778,-0.41692174
"wide_heterogeneous_box","global_ray",1782,0.32579588
"wide_heterogeneous_box","global_ray",1786,-0.27406475
"wide_heterogeneous_box","global_ray",1790,-0.25481483
"wide_heterogeneous_box","global_ray",1794,0.069277798
"wide_heterogeneous_box","global_ray",1798,-0.10770446
"wide_heterogeneous_box","global_ray",1802,0.045339295
"wide_heterogeneous_box","global_ray",1806,0.059015559
"wide_heterogeneous_box","global_ray",1810,0.29242696
"wide_heterogeneous_box","global_ray",1814,-0.29555458
"wide_heterogeneous_box","global_ray",1818,0.22997676
"wide_heterogeneous_box","global_ray",1822,0.10280567
"wide_heterogeneous_box","global_ray",1826,0.073973139
"wide_heterogeneous_box","global_ray",1830,0.22908815
"wide_heterogeneous_box","global_ray",1834,0.074840569
"wide_heterogeneous_box","global_ray",1838,0.24446866
"wide_heterogeneous_box","global_ray",1842,-0.23850547
"wide_heterogeneous_box","global_ray",1846,0.090743383
"wide_heterogeneous_box","global_ray",1850,0.17676338
"wide_heterogeneous_box","global_ray",1854,-0.10938372
"wide_heterogeneous_box","global_ray",1858,0.17772292
"wide_heterogeneous_box","global_ray",1862,-0.12916636
"wide_heterogeneous_box","global_ray",1866,-0.023806757
"wide_heterogeneous_box","global_ray",1870,0.19830166
"wide_heterogeneous_box","global_ray",1874,0.26723998
"wide_heterogeneous_box","global_ray",1878,0.06973578
"wide_heterogeneous_box","global_ray",1882,-0.023404802
"wide_heterogeneous_box","global_ray",1886,0.25617429
"wide_heterogeneous_box","global_ray",1890,-0.087566552
"wide_heterogeneous_box","global_ray",1894,0.070391856
"wide_heterogeneous_box","global_ray",1898,-0.27812793
"wide_heterogeneous_box","global_ray",1902,0.032112817
"wide_heterogeneous_box","global_ray",1906,-0.23236718
"wide_heterogeneous_box","global_ray",1910,-0.32955224
"wide_heterogeneous_box","global_ray",1914,-0.12563593
"wide_heterogeneous_box","global_ray",1918,0.047605619
"wide_heterogeneous_box","global_ray",1922,-0.36292301
"wide_heterogeneous_box","global_ray",1926,-0.3702974
"wide_heterogeneous_box","global_ray",1930,0.1328891
"wide_heterogeneous_box","global_ray",1934,-0.15724489
"wide_heterogeneous_box","global_ray",1938,0.19388644
"wide_heterogeneous_box","global_ray",1942,-0.1482739
"wide_heterogeneous_box","global_ray",1946,0.0216527
"wide_heterogeneous_box","global_ray",1950,-0.4288037
"wide_heterogeneous_box","global_ray",1954,-0.013867895
"wide_heterogeneous_box","global_ray",1958,0.12789836
"wide_heterogeneous_box","global_ray",1962,-0.1850124
"wide_heterogeneous_box","global_ray",1966,-0.13626184
"wide_heterogeneous_box","global_ray",1970,0.018385224
"wide_heterogeneous_box","global_ray",1974,-0.33569318
"wide_heterogeneous_box","global_ray",1978,-0.14289362
"wide_heterogeneous_box","global_ray",1982,-0.2857959
"wide_heterogeneous_box","global_ray",1986,-0.20026192
"wide_heterogeneous_box","global_ray",1990,-0.11554645
"wide_heterogeneous_box","global_ray",1994,-0.15806876
"wide_heterogeneous_box","global_ray",1998,0.012026562
"wide_heterogeneous_box","global_ray",2002,-0.12080801
"wide_heterogeneous_box","global_ray",2006,0.35246208
"wide_heterogeneous_box","global_ray",2010,0.27878818
"wide_heterogeneous_box","global_ray",2014,-0.19647687
"wide_heterogeneous_box","global_ray",2018,-0.41886778
"wide_heterogeneous_box","global_ray",2022,-0.13729619
"wide_heterogeneous_box","global_ray",2026,0.26348006
"wide_heterogeneous_box","global_ray",2030,0.1791246
"wide_heterogeneous_box","global_ray",2034,0.017782617
"wide_heterogeneous_box","global_ray",2038,0.36718424
"wide_heterogeneous_box","global_ray",2042,0.13769694
"wide_heterogeneous_box","global_ray",2046,-0.24375785
"wide_heterogeneous_box","global_ray",2050,-0.024378921
"wide_heterogeneous_box","global_ray",2054,-0.23234276
"wide_heterogeneous_box","global_ray",2058,0.19491626
"wide_heterogeneous_box","global_ray",2062,0.070857637
"wide_heterogeneous_box","global_ray",2066,0.16388346
"wide_heterogeneous_box","global_ray",2070,-0.10461075
"wide_heterogeneous_box","global_ray",2074,0.072936019
"wide_heterogeneous_box","global_ray",2078,0.3737987
"wide_heterogeneous_box","global_ray",2082,-0.42428583
"wide_heterogeneous_box","global_ray",2086,-0.049093706
"wide_heterogeneous_box","global_ray",2090,0.11847483
"wide_heterogeneous_box","global_ray",2094,0.31867069
"wide_heterogeneous_box","global_ray",2098,0.058710672
"wide_heterogeneous_box","global_ray",2102,-0.068908943
"wide_heterogeneous_box","global_ray",2106,0.02525326
"wide_heterogeneous_box","global_ray",2110,0.042930351
"wide_heterogeneous_box","global_ray",2114,-0.0021309084
"wide_heterogeneous_box","global_ray",2118,-0.29041145
"wide_heterogeneous_box","global_ray",2122,-0.24058814
"wide_heterogeneous_box","global_ray",2126,0.34921349
"wide_heterogeneous_box","global_ray",2130,-0.1223899
"wide_heterogeneous_box","global_ray",2134,-0.069418153
"wide_heterogeneous_box","global_ray",2138,-0.19142711
"wide_heterogeneous_box","global_ray",2142,-0.18646713
"wide_heterogeneous_box","global_ray",2146,-0.39086836
"wide_heterogeneous_box","global_ray",2150,-0.26462375
"wide_heterogeneous_box","global_ray",2154,-0.032347946
"wide_heterogeneous_box","global_ray",2158,-0.0049037927
"wide_heterogeneous_box","global_ray",2162,0.34223088
"wide_heterogeneous_box","global_ray",2166,-0.35227957
"wide_heterogeneous_box","global_ray",2170,-0.089433949
"wide_heterogeneous_box","global_ray",2174,0.13792052
"wide_heterogeneous_box","global_ray",2178,0.21806505
"wide_heterogeneous_box","global_ray",2182,-0.029391296
"wide_heterogeneous_box","global_ray",2186,0.27638819
"wide_heterogeneous_box","global_ray",2190,-0.0057851468
"wide_heterogeneous_box","global_ray",2194,-0.31295878
"wide_heterogeneous_box","global_ray",2198,-0.38663813
"wide_heterogeneous_box","global_ray",2202,-0.051507836
"wide_heterogeneous_box","global_ray",2206,-0.15122266
"wide_heterogeneous_box","global_ray",2210,-0.34074058
"wide_heterogeneous_box","global_ray",2214,0.26679696
"wide_heterogeneous_box","global_ray",2218,-0.047941803
"wide_heterogeneous_box","global_ray",2222,-0.35010906
"wide_heterogeneous_box","global_ray",2226,-0.17772857
"wide_heterogeneous_box","global_ray",2230,0.3249191
"wide_heterogeneous_box","global_ray",2234,0.072104788
"wide_heterogeneous_box","global_ray",2238,-0.13567082
"wide_heterogeneous_box","global_ray",2242,-0.085690045
"wide_heterogeneous_box","global_ray",2246,-0.01176429
"wide_heterogeneous_box","global_ray",2250,-0.021966492
"wide_heterogeneous_box","global_ray",2254,-0.17467226
"wide_heterogeneous_box","global_ray",2258,0.078343313
"wide_heterogeneous_box","global_ray",2262,-0.1423604
"wide_heterogeneous_box","global_ray",2266,-0.21153355
"wide_heterogeneous_box","global_ray",2270,0.37129839
"wide_heterogeneous_box","global_ray",2274,0.32289377
"wide_heterogeneous_box","global_ray",2278,-0.041378268
"wide_heterogeneous_box","global_ray",2282,0.085894603
"wide_heterogeneous_box","global_ray",2286,-0.25120229
"wide_heterogeneous_box","global_ray",2290,0.28005367
"wide_heterogeneous_box","global_ray",2294,0.31953091
"wide_heterogeneous_box","global_ray",2298,-0.17622599
"wide_heterogeneous_box","global_ray",2302,0.25524254
"wide_heterogeneous_box","global_ray",2306,0.34170258
"wide_heterogeneous_box","global_ray",2310,0.28715376
"wide_heterogeneous_box","global_ray",2314,-0.32737564
"wide_heterogeneous_box","global_ray",2318,0.12569835
"wide_heterogeneous_box","global_ray",2322,0.15762467
"wide_heterogeneous_box","global_ray",2326,-0.17565769
"wide_heterogeneous_box","global_ray",2330,-0.19414229
"wide_heterogeneous_box","global_ray",2334,0.049400961
"wide_heterogeneous_box","global_ray",2338,-0.026538407
"wide_heterogeneous_box","global_ray",2342,-0.093074837
"wide_heterogeneous_box","global_ray",2346,-0.093311696
"wide_heterogeneous_box","global_ray",2350,-0.21468117
"wide_heterogeneous_box","global_ray",2354,-0.31451775
"wide_heterogeneous_box","global_ray",2358,-0.325814
"wide_heterogeneous_box","global_ray",2362,0.070547689
"wide_heterogeneous_box","global_ray",2366,0.33177322
"wide_heterogeneous_box","global_ray",2370,0.29629499
"wide_heterogeneous_box","global_ray",2374,0.063199957
"wide_heterogeneous_box","global_ray",2378,0.10560332
"wide_heterogeneous_box","global_ray",2382,0.32469129
"wide_heterogeneous_box","global_ray",2386,-0.14724419
"wide_heterogeneous_box","global_ray",2390,0.2928826
"wide_heterogeneous_box","global_ray",2394,-0.36818885
"wide_heterogeneous_box","global_ray",2398,-0.085162933
"wide_heterogeneous_box","global_ray",2402,0.17260641
"wide_heterogeneous_box","global_ray",2406,0.14723033
"wide_heterogeneous_box","global_ray",2410,-0.19074367
"wide_heterogeneous_box","global_ray",2414,0.003388695
"wide_heterogeneous_box","global_ray",2418,-0.15499383
"wide_heterogeneous_box","global_ray",2422,0.14303305
"wide_heterogeneous_box","global_ray",2426,0.260912
"wide_heterogeneous_box","global_ray",2430,-0.20977126
"wide_heterogeneous_box","global_ray",2434,0.38058568
"wide_heterogeneous_box","global_ray",2438,-0.069917753
"wide_heterogeneous_box","global_ray",2442,-0.21510922
"wide_heterogeneous_box","global_ray",2446,-0.00084574623
"wide_heterogeneous_box","global_ray",2450,-0.16119705
"wide_heterogeneous_box","global_ray",2454,-0.18933262
"wide_heterogeneous_box","global_ray",2458,-0.36735227
"wide_heterogeneous_box","global_ray",2462,0.29855824
"wide_heterogeneous_box","global_ray",2466,-0.14563301
"wide_heterogeneous_box","global_ray",2470,0.0532365
"wide_heterogeneous_box","global_ray",2474,0.0080655998
"wide_heterogeneous_box","global_ray",2478,-0.21038468
"wide_heterogeneous_box","global_ray",2482,-0.39657924
"wide_heterogeneous_box","global_ray",2486,0.29507305
"wide_heterogeneous_box","global_ray",2490,-0.040609943
"wide_heterogeneous_box","global_ray",2494,0.022071746
"wide_heterogeneous_box","global_ray",2498,0.21020094
"wide_heterogeneous_box","global_ray",2502,0.25488902
"wide_heterogeneous_box","global_ray",2506,0.1995718
"wide_heterogeneous_box","global_ray",2510,-0.20021615
"wide_heterogeneous_box","global_ray",2514,0.35673857
"wide_heterogeneous_box","global_ray",2518,-0.31234226
"wide_heterogeneous_box","global_ray",2522,0.25750867
"wide_heterogeneous_box","global_ray",2526,-0.20651209
"wide_heterogeneous_box","global_ray",2530,0.29574485
"wide_heterogeneous_box","global_ray",2534,0.054681667
"wide_heterogeneous_box","global_ray",2538,0.024702536
"wide_heterogeneous_box","global_ray",2542,0.058590759
"wide_heterogeneous_box","global_ray",2546,0.14828489
"wide_heterogeneous_box","global_ray",2550,-0.42984604
"wide_heterogeneous_box","global_ray",2554,0.39028058
"wide_heterogeneous_box","global_ray",2558,-0.35346449
"wide_heterogeneous_box","global_ray",2562,-0.04663987
"wide_heterogeneous_box","global_ray",2566,0.0076194992
"wide_heterogeneous_box","global_ray",2570,-0.25979837
"wide_heterogeneous_box","global_ray",2574,-0.36234144
"wide_heterogeneous_box","global_ray",2578,-0.015730013
"wide_heterogeneous_box","global_ray",2582,-0.2794875
"wide_heterogeneous_box","global_ray",2586,-0.34188726
"wide_heterogeneous_box","global_ray",2590,0.26478484
"wide_heterogeneous_box","global_ray",2594,0.2642234
"wide_heterogeneous_box","global_ray",2598,0.27466997
"wide_heterogeneous_box","global_ray",2602,0.15518051
"wide_heterogeneous_box","global_ray",2606,0.28216525
"wide_heterogeneous_box","global_ray",2610,-0.053774314
"wide_heterogeneous_box","global_ray",2614,0.10577566
"wide_heterogeneous_box","global_ray",2618,0.02533483
"wide_heterogeneous_box","global_ray",2622,0.26295509
"wide_heterogeneous_box","global_ray",2626,-0.077586423
"wide_heterogeneous_box","global_ray",2630,0.23801518
"wide_heterogeneous_box","global_ray",2634,0.29974423
"wide_heterogeneous_box","global_ray",2638,-0.031035564
"wide_heterogeneous_box","global_ray",2642,0.05765487
"wide_heterogeneous_box","global_ray",2646,0.35689834
"wide_heterogeneous_box","global_ray",2650,-0.089383502
"wide_heterogeneous_box","global_ray",2654,-0.42827033
"wide_heterogeneous_box","global_ray",2658,0.0080910976
"wide_heterogeneous_box","global_ray",2662,0.16470426
"wide_heterogeneous_box","global_ray",2666,-0.17074443
"wide_heterogeneous_box","global_ray",2670,-0.40884638
"wide_heterogeneous_box","global_ray",2674,0.30574785
"wide_heterogeneous_box","global_ray",2678,0.11521849
"wide_heterogeneous_box","global_ray",2682,0.075460614
"wide_heterogeneous_box","global_ray",2686,0.067991966
"wide_heterogeneous_box","global_ray",2690,0.025023605
"wide_heterogeneous_box","global_ray",2694,0.055232788
"wide_heterogeneous_box","global_ray",2698,-0.32175628
"wide_heterogeneous_box","global_ray",2702,-0.0800958
"wide_heterogeneous_box","global_ray",2706,-0.033920069
"wide_heterogeneous_box","global_ray",2710,-0.12121837
"wide_heterogeneous_box","global_ray",2714,-0.34460217
"wide_heterogeneous_box","global_ray",2718,-0.30115167
"wide_heterogeneous_box","global_ray",2722,-0.32060795
"wide_heterogeneous_box","global_ray",2726,-0.33315855
"wide_heterogeneous_box","global_ray",2730,0.03231506
"wide_heterogeneous_box","global_ray",2734,-0.01295488
"wide_heterogeneous_box","global_ray",2738,0.001219934
"wide_heterogeneous_box","global_ray",2742,-0.29819098
"wide_heterogeneous_box","global_ray",2746,-0.17181639
"wide_heterogeneous_box","global_ray",2750,-0.27092524
"wide_heterogeneous_box","global_ray",2754,0.23658154
"wide_heterogeneous_box","global_ray",2758,0.33665929
"wide_heterogeneous_box","global_ray",2762,0.049487203
"wide_heterogeneous_box","global_ray",2766,0.24587471
"wide_heterogeneous_box","global_ray",2770,-0.064487597
"wide_heterogeneous_box","global_ray",2774,-0.37596783
"wide_heterogeneous_box","global_ray",2778,0.12302186
"wide_heterogeneous_box","global_ray",2782,-0.2193654
"wide_heterogeneous_box","global_ray",2786,-0.079767224
"wide_heterogeneous_box","global_ray",2790,0.18691696
"wide_heterogeneous_box","global_ray",2794,0.21488102
"wide_heterogeneous_box","global_ray",2798,-0.33188045
"wide_heterogeneous_box","global_ray",2802,-0.1861396
"wide_heterogeneous_box","global_ray",2806,-0.27197601
"wide_heterogeneous_box","global_ray",2810,0.2713894
"wide_heterogeneous_box","global_ray",2814,-0.02358592
"wide_heterogeneous_box","global_ray",2818,0.17571063
"wide_heterogeneous_box","global_ray",2822,-0.22864769
"wide_heterogeneous_box","global_ray",2826,0.12258074
"wide_heterogeneous_box","global_ray",2830,0.24715909
"wide_heterogeneous_box","global_ray",2834,0.36099476
"wide_heterogeneous_box","global_ray",2838,0.024020784
"wide_heterogeneous_box","global_ray",2842,0.22747015
"wide_heterogeneous_box","global_ray",2846,-0.25066719
"wide_heterogeneous_box","global_ray",2850,0.17457974
"wide_heterogeneous_box","global_ray",2854,0.16922719
"wide_heterogeneous_box","global_ray",2858,0.063598739
"wide_heterogeneous_box","global_ray",2862,-0.20536604
"wide_heterogeneous_box","global_ray",2866,0.23601874
"wide_heterogeneous_box","global_ray",2870,0.31069784
"wide_heterogeneous_box","global_ray",2874,-0.20519945
"wide_heterogeneous_box","global_ray",2878,0.37789638
"wide_heterogeneous_box","global_ray",2882,-0.18935963
"wide_heterogeneous_box","global_ray",2886,-0.12072715
"wide_heterogeneous_box","global_ray",2890,-0.1275099
"wide_heterogeneous_box","global_ray",2894,-0.342281
"wide_heterogeneous_box","global_ray",2898,0.34420711
"wide_heterogeneous_box","global_ray",2902,-0.11811625
"wide_heterogeneous_box","global_ray",2906,-0.094692428
"wide_heterogeneous_box","global_ray",2910,0.36654817
"wide_heterogeneous_box","global_ray",2914,0.29168302
"wide_heterogeneous_box","global_ray",2918,0.2901142
"wide_heterogeneous_box","global_ray",2922,0.042678556
"wide_heterogeneous_box","global_ray",2926,-0.092186433
"wide_heterogeneous_box","global_ray",2930,0.21813825
"wide_heterogeneous_box","global_ray",2934,-0.19994881
"wide_heterogeneous_box","global_ray",2938,0.33037857
"wide_heterogeneous_box","global_ray",2942,0.2738243
"wide_heterogeneous_box","global_ray",2946,0.010235559
"wide_heterogeneous_box","global_ray",2950,0.045862759
"wide_heterogeneous_box","global_ray",2954,0.28389352
"wide_heterogeneous_box","global_ray",2958,-0.11947992
"wide_heterogeneous_box","global_ray",2962,0.28241024
"wide_heterogeneous_box","global_ray",2966,0.19341155
"wide_heterogeneous_box","global_ray",2970,0.21261571
"wide_heterogeneous_box","global_ray",2974,0.26141604
"wide_heterogeneous_box","global_ray",2978,-0.09266239
"wide_heterogeneous_box","global_ray",2982,0.36020752
"wide_heterogeneous_box","global_ray",2986,-0.25173123
"wide_heterogeneous_box","global_ray",2990,0.0044995391
"wide_heterogeneous_box","global_ray",2994,-0.2566904
"wide_heterogeneous_box","global_ray",2998,-0.43472158
"wide_heterogeneous_box","global_ray",3003,-0.35763454
"wide_heterogeneous_box","global_ray",3007,0.32652242
"wide_heterogeneous_box","global_ray",3011,-0.17398496
"wide_heterogeneous_box","global_ray",3015,-0.33507827
"wide_heterogeneous_box","global_ray",3019,-0.34915311
"wide_heterogeneous_box","global_ray",3023,-0.17349434
"wide_heterogeneous_box","global_ray",3027,-0.17438226
"wide_heterogeneous_box","global_ray",3031,-0.14190913
"wide_heterogeneous_box","global_ray",3035,-0.091215756
"wide_heterogeneous_box","global_ray",3039,-0.20649346
"wide_heterogeneous_box","global_ray",3043,0.26610016
"wide_heterogeneous_box","global_ray",3047,-0.09581917
"wide_heterogeneous_box","global_ray",3051,0.084322872
"wide_heterogeneous_box","global_ray",3055,0.3819752
"wide_heterogeneous_box","global_ray",3059,-0.26150543
"wide_heterogeneous_box","global_ray",3063,0.1054774
"wide_heterogeneous_box","global_ray",3067,-0.40746324
"wide_heterogeneous_box","global_ray",3071,-0.12286431
"wide_heterogeneous_box","global_ray",3075,-0.41507402
"wide_heterogeneous_box","global_ray",3079,0.13330447
"wide_heterogeneous_box","global_ray",3083,-0.041280853
"wide_heterogeneous_box","global_ray",3087,-0.35333496
"wide_heterogeneous_box","global_ray",3091,-0.40883045
"wide_heterogeneous_box","global_ray",3095,-0.29226896
"wide_heterogeneous_box","global_ray",3099,0.060183331
"wide_heterogeneous_box","global_ray",3103,0.39334932
"wide_heterogeneous_box","global_ray",3107,-0.25515004
"wide_heterogeneous_box","global_ray",3111,0.0070098299
"wide_heterogeneous_box","global_ray",3115,-0.32967779
"wide_heterogeneous_box","global_ray",3119,0.14002786
"wide_heterogeneous_box","global_ray",3123,0.079939027
"wide_heterogeneous_box","global_ray",3127,0.38819739
"wide_heterogeneous_box","global_ray",3131,-0.036229924
"wide_heterogeneous_box","global_ray",3135,0.046015826
"wide_heterogeneous_box","global_ray",3139,-0.13153269
"wide_heterogeneous_box","global_ray",3143,-0.1694305
"wide_heterogeneous_box","global_ray",3147,0.31026492
"wide_heterogeneous_box","global_ray",3151,-0.014954146
"wide_heterogeneous_box","global_ray",3155,-0.25962446
"wide_heterogeneous_box","global_ray",3159,0.26419593
"wide_heterogeneous_box","global_ray",3163,0.37545576
"wide_heterogeneous_box","global_ray",3167,-0.10499954
"wide_heterogeneous_box","global_ray",3171,0.053038485
"wide_heterogeneous_box","global_ray",3175,0.11425836
"wide_heterogeneous_box","global_ray",3179,-0.13417089
"wide_heterogeneous_box","global_ray",3183,0.069340166
"wide_heterogeneous_box","global_ray",3187,0.17497327
"wide_heterogeneous_box","global_ray",3191,-0.43438144
"wide_heterogeneous_box","global_ray",3195,-0.074741393
"wide_heterogeneous_box","global_ray",3199,0.082190758
"wide_heterogeneous_box","global_ray",3203,0.15067666
"wide_heterogeneous_box","global_ray",3207,-0.27270113
"wide_heterogeneous_box","global_ray",3211,0.18970362
"wide_heterogeneous_box","global_ray",3215,0.054119541
"wide_heterogeneous_box","global_ray",3219,0.26186551
"wide_heterogeneous_box","global_ray",3223,0.13625166
"wide_heterogeneous_box","global_ray",3227,-0.14899335
"wide_heterogeneous_box","global_ray",3231,0.21540509
"wide_heterogeneous_box","global_ray",3235,-0.23276437
"wide_heterogeneous_box","global_ray",3239,0.18467798
"wide_heterogeneous_box","global_ray",3243,0.15284912
"wide_heterogeneous_box","global_ray",3247,-0.083959328
"wide_heterogeneous_box","global_ray",3251,-0.08925719
"wide_heterogeneous_box","global_ray",3255,0.12649596
"wide_heterogeneous_box","global_ray",3259,0.35527659
"wide_heterogeneous_box","global_ray",3263,0.14390662
"wide_heterogeneous_box","global_ray",3267,0.064049416
"wide_heterogeneous_box","global_ray",3271,0.10706211
"wide_heterogeneous_box","global_ray",3275,0.32746309
"wide_heterogeneous_box","global_ray",3279,0.36051006
"wide_heterogeneous_box","global_ray",3283,0.11707126
"wide_heterogeneous_box","global_ray",3287,-0.24349026
"wide_heterogeneous_box","global_ray",3291,-0.14284321
"wide_heterogeneous_box","global_ray",3295,-0.18076792
"wide_heterogeneous_box","global_ray",3299,-0.28184788
"wide_heterogeneous_box","global_ray",3303,0.15808839
"wide_heterogeneous_box","global_ray",3307,-0.090856782
"wide_heterogeneous_box","global_ray",3311,0.35259525
"wide_heterogeneous_box","global_ray",3315,-0.26979744
"wide_heterogeneous_box","global_ray",3319,0.098790387
"wide_heterogeneous_box","global_ray",3323,-0.26336623
"wide_heterogeneous_box","global_ray",3327,-0.34051244
"wide_heterogeneous_box","global_ray",3331,0.30888718
"wide_heterogeneous_box","global_ray",3335,0.082473712
"wide_heterogeneous_box","global_ray",3339,0.23469701
"wide_heterogeneous_box","global_ray",3343,0.17724547
"wide_heterogeneous_box","global_ray",3347,-0.061514578
"wide_heterogeneous_box","global_ray",3351,-0.20813891
"wide_heterogeneous_box","global_ray",3355,0.20010708
"wide_heterogeneous_box","global_ray",3359,-0.13248335
"wide_heterogeneous_box","global_ray",3363,-0.083111536
"wide_heterogeneous_box","global_ray",3367,-0.024043923
"wide_heterogeneous_box","global_ray",3371,0.19274283
"wide_heterogeneous_box","global_ray",3375,0.046890975
"wide_heterogeneous_box","global_ray",3379,-0.021046439
"wide_heterogeneous_box","global_ray",3383,-0.31427236
"wide_heterogeneous_box","global_ray",3387,-0.090623979
"wide_heterogeneous_box","global_ray",3391,0.026077947
"wide_heterogeneous_box","global_ray",3395,0.15689078
"wide_heterogeneous_box","global_ray",3399,0.28468062
"wide_heterogeneous_box","global_ray",3403,0.16535605
"wide_heterogeneous_box","global_ray",3407,0.27959561
"wide_heterogeneous_box","global_ray",3411,-0.070902624
"wide_heterogeneous_box","global_ray",3415,-0.22058363
"wide_heterogeneous_box","global_ray",3419,-0.41460119
"wide_heterogeneous_box","global_ray",3423,0.22846564
"wide_heterogeneous_box","global_ray",3427,-0.42477169
"wide_heterogeneous_box","global_ray",3431,-0.098181915
"wide_heterogeneous_box","global_ray",3435,0.2143273
"wide_heterogeneous_box","global_ray",3439,-0.30086528
"wide_heterogeneous_box","global_ray",3443,-0.26129783
"wide_heterogeneous_box","global_ray",3447,-0.29017213
"wide_heterogeneous_box","global_ray",3451,-0.13605579
"wide_heterogeneous_box","global_ray",3455,-0.33219275
"wide_heterogeneous_box","global_ray",3459,0.074291675
"wide_heterogeneous_box","global_ray",3463,-0.25772907
"wide_heterogeneous_box","global_ray",3467,0.00083684054
"wide_heterogeneous_box","global_ray",3471,0.35282589
"wide_heterogeneous_box","global_ray",3475,-0.38103746
"wide_heterogeneous_box","global_ray",3479,-0.28715451
"wide_heterogeneous_box","global_ray",3483,-0.11916805
"wide_heterogeneous_box","global_ray",3487,-0.1729469
"wide_heterogeneous_box","global_ray",3491,-0.1232919
"wide_heterogeneous_box","global_ray",3495,0.16469896
"wide_heterogeneous_box","global_ray",3499,0.035803537
"wide_heterogeneous_box","global_ray",3503,-0.04223743
"wide_heterogeneous_box","global_ray",3507,0.015368019
"wide_heterogeneous_box","global_ray",3511,0.24108143
"wide_heterogeneous_box","global_ray",3515,0.3543129
"wide_heterogeneous_box","global_ray",3519,-0.1201644
"wide_heterogeneous_box","global_ray",3523,-0.25981936
"wide_heterogeneous_box","global_ray",3527,-0.32027096
"wide_heterogeneous_box","global_ray",3531,-0.33147445
"wide_heterogeneous_box","global_ray",3535,-0.27092806
"wide_heterogeneous_box","global_ray",3539,-0.16916179
"wide_heterogeneous_box","global_ray",3543,0.39174065
"wide_heterogeneous_box","global_ray",3547,-0.20317776
"wide_heterogeneous_box","global_ray",3551,-0.24679123
"wide_heterogeneous_box","global_ray",3555,0.27497444
"wide_heterogeneous_box","global_ray",3559,-0.11411156
"wide_heterogeneous_box","global_ray",3563,-0.20457931
"wide_heterogeneous_box","global_ray",3567,-0.25953191
"wide_heterogeneous_box","global_ray",3571,0.29664585
"wide_heterogeneous_box","global_ray",3575,-0.065182809
"wide_heterogeneous_box","global_ray",3579,-0.060188374
"wide_heterogeneous_box","global_ray",3583,0.33822791
"wide_heterogeneous_box","global_ray",3587,-0.3778089
"wide_heterogeneous_box","global_ray",3591,0.32225303
"wide_heterogeneous_box","global_ray",3595,0.38255922
"wide_heterogeneous_box","global_ray",3599,-0.040117585
"wide_heterogeneous_box","global_ray",3603,-0.060743731
"wide_heterogeneous_box","global_ray",3607,-0.38191282
"wide_heterogeneous_box","global_ray",3611,-0.0089037568
"wide_heterogeneous_box","global_ray",3615,0.031773528
"wide_heterogeneous_box","global_ray",3619,-0.058258852
"wide_heterogeneous_box","global_ray",3623,-0.1728286
"wide_heterogeneous_box","global_ray",3627,0.36492041
"wide_heterogeneous_box","global_ray",3631,-0.015269328
"wide_heterogeneous_box","global_ray",3635,0.22351309
"wide_heterogeneous_box","global_ray",3639,0.3511955
"wide_heterogeneous_box","global_ray",3643,0.0014588519
"wide_heterogeneous_box","global_ray",3647,-0.13792824
"wide_heterogeneous_box","global_ray",3651,0.25986151
"wide_heterogeneous_box","global_ray",3655,0.35769553
"wide_heterogeneous_box","global_ray",3659,-0.31447038
"wide_heterogeneous_box","global_ray",3663,0.18166853
"wide_heterogeneous_box","global_ray",3667,-0.24859206
"wide_heterogeneous_box","global_ray",3671,-0.31391219
"wide_heterogeneous_box","global_ray",3675,0.36855851
"wide_heterogeneous_box","global_ray",3679,-0.16670736
"wide_heterogeneous_box","global_ray",3683,-0.27869979
"wide_heterogeneous_box","global_ray",3687,-0.0294958
"wide_heterogeneous_box","global_ray",3691,-0.40675001
"wide_heterogeneous_box","global_ray",3695,-0.030271525
"wide_heterogeneous_box","global_ray",3699,-0.1034685
"wide_heterogeneous_box","global_ray",3703,-0.38183335
"wide_heterogeneous_box","global_ray",3707,0.039624183
"wide_heterogeneous_box","global_ray",3711,-0.33546787
"wide_heterogeneous_box","global_ray",3715,0.30812534
"wide_heterogeneous_box","global_ray",3719,0.25074812
"wide_heterogeneous_box","global_ray",3723,-0.33314902
"wide_heterogeneous_box","global_ray",3727,-0.3456915
"wide_heterogeneous_box","global_ray",3731,-0.26749294
"wide_heterogeneous_box","global_ray",3735,0.048916542
"wide_heterogeneous_box","global_ray",3739,-0.28332435
"wide_heterogeneous_box","global_ray",3743,0.29004675
"wide_heterogeneous_box","global_ray",3747,-0.010667546
"wide_heterogeneous_box","global_ray",3751,-0.27518251
"wide_heterogeneous_box","global_ray",3755,0.10926143
"wide_heterogeneous_box","global_ray",3759,-0.01792884
"wide_heterogeneous_box","global_ray",3763,0.19424132
"wide_heterogeneous_box","global_ray",3767,-0.34234427
"wide_heterogeneous_box","global_ray",3771,0.084771364
"wide_heterogeneous_box","global_ray",3775,0.13550517
"wide_heterogeneous_box","global_ray",3779,-0.23514588
"wide_heterogeneous_box","global_ray",3783,0.38564557
"wide_heterogeneous_box","global_ray",3787,-0.12495123
"wide_heterogeneous_box","global_ray",3791,-0.2812346
"wide_heterogeneous_box","global_ray",3795,-0.033849749
"wide_heterogeneous_box","global_ray",3799,-0.061591418
"wide_heterogeneous_box","global_ray",3803,0.17400269
"wide_heterogeneous_box","global_ray",3807,0.099304078
"wide_heterogeneous_box","global_ray",3811,0.095435536
"wide_heterogeneous_box","global_ray",3815,0.12155696
"wide_heterogeneous_box","global_ray",3819,0.10157911
"wide_heterogeneous_box","global_ray",3823,-0.077013413
"wide_heterogeneous_box","global_ray",3827,-0.085780153
"wide_heterogeneous_box","global_ray",3831,-0.063765888
"wide_heterogeneous_box","global_ray",3835,0.055418097
"wide_heterogeneous_box","global_ray",3839,0.30465353
"wide_heterogeneous_box","global_ray",3843,0.20295594
"wide_heterogeneous_box","global_ray",3847,0.12381507
"wide_heterogeneous_box","global_ray",3851,-0.12352863
"wide_heterogeneous_box","global_ray",3855,0.16242275
"wide_heterogeneous_box","global_ray",3859,-0.11636611
"wide_heterogeneous_box","global_ray",3863,-0.14997877
"wide_heterogeneous_box","global_ray",3867,0.30108764
"wide_heterogeneous_box","global_ray",3871,-0.13633016
"wide_heterogeneous_box","global_ray",3875,0.3363179
"wide_heterogeneous_box","global_ray",3879,-0.05083645
"wide_heterogeneous_box","global_ray",3883,-0.060429744
"wide_heterogeneous_box","global_ray",3887,-0.18284792
"wide_heterogeneous_box","global_ray",3891,-0.051839371
"wide_heterogeneous_box","global_ray",3895,-0.26265394
"wide_heterogeneous_box","global_ray",3899,0.26839791
"wide_heterogeneous_box","global_ray",3903,-0.20520679
"wide_heterogeneous_box","global_ray",3907,0.012971732
"wide_heterogeneous_box","global_ray",3911,-0.059599378
"wide_heterogeneous_box","global_ray",3915,-0.37868432
"wide_heterogeneous_box","global_ray",3919,0.024161553
"wide_heterogeneous_box","global_ray",3923,0.28815189
"wide_heterogeneous_box","global_ray",3927,-0.28700801
"wide_heterogeneous_box","global_ray",3931,-0.267448
"wide_heterogeneous_box","global_ray",3935,0.30162557
"wide_heterogeneous_box","global_ray",3939,0.22986733
"wide_heterogeneous_box","global_ray",3943,-0.00579928
"wide_heterogeneous_box","global_ray",3947,0.30409643
"wide_heterogeneous_box","global_ray",3951,-0.087987145
"wide_heterogeneous_box","global_ray",3955,0.29173209
"wide_heterogeneous_box","global_ray",3959,0.19020907
"wide_heterogeneous_box","global_ray",3963,-0.084572262
"wide_heterogeneous_box","global_ray",3967,0.12014167
"wide_heterogeneous_box","global_ray",3971,-0.10170657
"wide_heterogeneous_box","global_ray",3975,0.34741903
"wide_heterogeneous_box","global_ray",3979,-0.41732655
"wide_heterogeneous_box","global_ray",3983,0.19101225
"wide_heterogeneous_box","global_ray",3987,-0.06132054
"wide_heterogeneous_box","global_ray",3991,-0.23070116
"wide_heterogeneous_box","global_ray",3995,-0.078256331
"wide_heterogeneous_box","global_ray",3999,0.12302676
"wide_heterogeneous_box","global_ray",4003,0.012264962
"wide_heterogeneous_box","global_ray",4007,0.08264343
"wide_heterogeneous_box","global_ray",4011,-0.063884461
"wide_heterogeneous_box","global_ray",4015,0.13681333
"wide_heterogeneous_box","global_ray",4019,0.013817114
"wide_heterogeneous_box","global_ray",4023,0.11478095
"wide_heterogeneous_box","global_ray",4027,0.31042572
"wide_heterogeneous_box","global_ray",4031,0.1067187
"wide_heterogeneous_box","global_ray",4035,-0.29359012
"wide_heterogeneous_box","global_ray",4039,-0.27393182
"wide_heterogeneous_box","global_ray",4043,0.0050802399
"wide_heterogeneous_box","global_ray",4047,0.18729676
"wide_heterogeneous_box","global_ray",4051,-0.1203218
"wide_heterogeneous_box","global_ray",4055,-0.23665431
"wide_heterogeneous_box","global_ray",4059,0.27286414
"wide_heterogeneous_box","global_ray",4063,0.16545663
"wide_heterogeneous_box","global_ray",4067,-0.040373753
"wide_heterogeneous_box","global_ray",4071,-0.082733562
"wide_heterogeneous_box","global_ray",4075,0.19503009
"wide_heterogeneous_box","global_ray",4079,0.3789164
"wide_heterogeneous_box","global_ray",4083,-0.23396633
"wide_heterogeneous_box","global_ray",4087,0.047725006
"wide_heterogeneous_box","global_ray",4091,0.086783812
"wide_heterogeneous_box","global_ray",4095,0.15207984
"wide_heterogeneous_box","global_ray",4099,-0.26488497
"wide_heterogeneous_box","global_ray",4103,0.018610417
"wide_heterogeneous_box","global_ray",4107,-0.032423135
"wide_heterogeneous_box","global_ray",4111,-0.31210641
"wide_heterogeneous_box","global_ray",4115,0.34123998
"wide_heterogeneous_box","global_ray",4119,0.3787237
"wide_heterogeneous_box","global_ray",4123,-0.038532917
"wide_heterogeneous_box","global_ray",4127,-0.046761689
"wide_heterogeneous_box","global_ray",4131,0.28460234
"wide_heterogeneous_box","global_ray",4135,0.17488614
"wide_heterogeneous_box","global_ray",4139,-0.20150212
"wide_heterogeneous_box","global_ray",4143,0.12793322
"wide_heterogeneous_box","global_ray",4147,-0.26780542
"wide_heterogeneous_box","global_ray",4151,-0.041936077
"wide_heterogeneous_box","global_ray",4155,-0.12131216
"wide_heterogeneous_box","global_ray",4159,-0.1644304
"wide_heterogeneous_box","global_ray",4163,0.3818533
"wide_heterogeneous_box","global_ray",4167,-0.37434671
"wide_heterogeneous_box","global_ray",4171,0.040172885
"wide_heterogeneous_box","global_ray",4175,-0.099260548
"wide_heterogeneous_box","global_ray",4179,0.047272187
"wide_heterogeneous_box","global_ray",4183,-0.058196787
"wide_heterogeneous_box","global_ray",4187,-0.030846256
"wide_heterogeneous_box","global_ray",4191,0.29814136
"wide_heterogeneous_box","global_ray",4195,0.10694526
"wide_heterogeneous_box","global_ray",4199,-0.037007008
"wide_heterogeneous_box","global_ray",4203,0.22190567
"wide_heterogeneous_box","global_ray",4207,-0.29754501
"wide_heterogeneous_box","global_ray",4211,-0.3410118
"wide_heterogeneous_box","global_ray",4215,-0.35557322
"wide_heterogeneous_box","global_ray",4219,0.25273564
"wide_heterogeneous_box","global_ray",4223,0.20445414
"wide_heterogeneous_box","global_ray",4227,-0.24832574
"wide_heterogeneous_box","global_ray",4231,-0.040282881
"wide_heterogeneous_box","global_ray",4235,0.053477145
"wide_heterogeneous_box","global_ray",4239,-0.26685141
"wide_heterogeneous_box","global_ray",4243,-0.14898509
"wide_heterogeneous_box","global_ray",4247,-0.050897354
"wide_heterogeneous_box","global_ray",4251,0.23488335
"wide_heterogeneous_box","global_ray",4255,-0.11688681
"wide_heterogeneous_box","global_ray",4259,0.21033866
"wide_heterogeneous_box","global_ray",4263,0.081983483
"wide_heterogeneous_box","global_ray",4267,-0.29054931
"wide_heterogeneous_box","global_ray",4271,-0.14739425
"wide_heterogeneous_box","global_ray",4275,-0.23480576
"wide_heterogeneous_box","global_ray",4279,-0.24646645
"wide_heterogeneous_box","global_ray",4283,0.050058575
"wide_heterogeneous_box","global_ray",4287,-0.28229792
"wide_heterogeneous_box","global_ray",4291,0.079295685
"wide_heterogeneous_box","global_ray",4295,0.043716447
"wide_heterogeneous_box","global_ray",4299,0.21024773
"wide_heterogeneous_box","global_ray",4303,-0.15556171
"wide_heterogeneous_box","global_ray",4307,-0.25803153
"wide_heterogeneous_box","global_ray",4311,0.36785972
"wide_heterogeneous_box","global_ray",4315,0.014830313
"wide_heterogeneous_box","global_ray",4319,-0.16760888
"wide_heterogeneous_box","global_ray",4323,0.14331009
"wide_heterogeneous_box","global_ray",4327,0.33769412
"wide_heterogeneous_box","global_ray",4331,0.33371542
"wide_heterogeneous_box","global_ray",4335,-0.32904514
"wide_heterogeneous_box","global_ray",4339,0.14871814
"wide_heterogeneous_box","global_ray",4343,0.043740966
"wide_heterogeneous_box","global_ray",4347,-0.38367658
"wide_heterogeneous_box","global_ray",4351,0.31837963
"wide_heterogeneous_box","global_ray",4355,-0.13164419
"wide_heterogeneous_box","global_ray",4359,-0.30920035
"wide_heterogeneous_box","global_ray",4363,0.027841828
"wide_heterogeneous_box","global_ray",4367,-0.13856606
"wide_heterogeneous_box","global_ray",4371,-0.2180473
"wide_heterogeneous_box","global_ray",4375,0.31681717
"wide_heterogeneous_box","global_ray",4379,-0.13326805
"wide_heterogeneous_box","global_ray",4383,0.17836563
"wide_heterogeneous_box","global_ray",4387,0.26275479
"wide_heterogeneous_box","global_ray",4391,-0.38097804
"wide_heterogeneous_box","global_ray",4395,0.30084361
"wide_heterogeneous_box","global_ray",4399,0.34106039
"wide_heterogeneous_box","global_ray",4403,0.016465057
"wide_heterogeneous_box","global_ray",4407,0.1483038
"wide_heterogeneous_box","global_ray",4411,-0.025398405
"wide_heterogeneous_box","global_ray",4415,-0.34457649
"wide_heterogeneous_box","global_ray",4419,0.19998695
"wide_heterogeneous_box","global_ray",4423,-0.36513532
"wide_heterogeneous_box","global_ray",4427,-0.34333805
"wide_heterogeneous_box","global_ray",4431,0.071636987
"wide_heterogeneous_box","global_ray",4435,0.030360471
"wide_heterogeneous_box","global_ray",4439,-0.085206857
"wide_heterogeneous_box","global_ray",4443,0.21108175
"wide_heterogeneous_box","global_ray",4447,0.082516026
"wide_heterogeneous_box","global_ray",4451,0.1759377
"wide_heterogeneous_box","global_ray",4455,-0.39147323
"wide_heterogeneous_box","global_ray",4459,-0.016880205
"wide_heterogeneous_box","global_ray",4463,0.3614518
"wide_heterogeneous_box","global_ray",4467,-0.14920966
"wide_heterogeneous_box","global_ray",4471,0.11414243
"wide_heterogeneous_box","global_ray",4475,0.063582746
"wide_heterogeneous_box","global_ray",4479,-0.075056762
"wide_heterogeneous_box","global_ray",4483,-0.28008121
"wide_heterogeneous_box","global_ray",4487,-0.19878127
"wide_heterogeneous_box","global_ray",4491,0.3407436
"wide_heterogeneous_box","global_ray",4495,0.10049851
"wide_heterogeneous_box","global_ray",4499,0.033442768
"wide_heterogeneous_box","global_ray",4503,-0.40286037
"wide_heterogeneous_box","global_ray",4507,-0.19958155
"wide_heterogeneous_box","global_ray",4511,-0.2548918
"wide_heterogeneous_box","global_ray",4515,0.31414405
"wide_heterogeneous_box","global_ray",4519,-0.24090194
"wide_heterogeneous_box","global_ray",4523,-0.32362881
"wide_heterogeneous_box","global_ray",4527,0.16660106
"wide_heterogeneous_box","global_ray",4531,0.14425948
"wide_heterogeneous_box","global_ray",4535,0.0089954
"wide_heterogeneous_box","global_ray",4539,0.35062615
"wide_heterogeneous_box","global_ray",4543,0.13556808
"wide_heterogeneous_box","global_ray",4547,-0.196762
"wide_heterogeneous_box","global_ray",4551,0.19426948
"wide_heterogeneous_box","global_ray",4555,-0.064848037
"wide_heterogeneous_box","global_ray",4559,0.33500304
"wide_heterogeneous_box","global_ray",4563,0.33965494
"wide_heterogeneous_box","global_ray",4567,-0.22926374
"wide_heterogeneous_box","global_ray",4571,0.22007678
"wide_heterogeneous_box","global_ray",4575,-0.35765703
"wide_heterogeneous_box","global_ray",4579,-0.35460549
"wide_heterogeneous_box","global_ray",4583,0.12075533
"wide_heterogeneous_box","global_ray",4587,0.37449046
"wide_heterogeneous_box","global_ray",4591,0.22387079
"wide_heterogeneous_box","global_ray",4595,-0.003931921
"wide_heterogeneous_box","global_ray",4599,0.17439668
"wide_heterogeneous_box","global_ray",4603,-0.25809051
"wide_heterogeneous_box","global_ray",4607,-0.3477613
"wide_heterogeneous_box","global_ray",4611,0.32707836
"wide_heterogeneous_box","global_ray",4615,0.1556103
"wide_heterogeneous_box","global_ray",4619,-0.065018247
"wide_heterogeneous_box","global_ray",4623,0.12516942
"wide_heterogeneous_box","global_ray",4627,0.11919852
"wide_heterogeneous_box","global_ray",4631,-0.034730995
"wide_heterogeneous_box","global_ray",4635,-0.26047427
"wide_heterogeneous_box","global_ray",4639,-0.063588521
"wide_heterogeneous_box","global_ray",4643,0.21306238
"wide_heterogeneous_box","global_ray",4647,-0.10859958
"wide_heterogeneous_box","global_ray",4651,-0.082957364
"wide_heterogeneous_box","global_ray",4655,-0.23193775
"wide_heterogeneous_box","global_ray",4659,-0.069239542
"wide_heterogeneous_box","global_ray",4663,0.32464665
"wide_heterogeneous_box","global_ray",4667,-0.34513918
"wide_heterogeneous_box","global_ray",4671,0.15814579
"wide_heterogeneous_box","global_ray",4675,0.33239874
"wide_heterogeneous_box","global_ray",4679,0.047292248
"wide_heterogeneous_box","global_ray",4683,0.11442199
"wide_heterogeneous_box","global_ray",4687,0.30162676
"wide_heterogeneous_box","global_ray",4691,-0.4371587
"wide_heterogeneous_box","global_ray",4695,0.1706266
"wide_heterogeneous_box","global_ray",4699,0.066366946
"wide_heterogeneous_box","global_ray",4703,0.13372317
"wide_heterogeneous_box","global_ray",4707,-0.37379436
"wide_heterogeneous_box","global_ray",4711,-0.323185
"wide_heterogeneous_box","global_ray",4715,0.33185923
"wide_heterogeneous_box","global_ray",4719,-0.20231609
"wide_heterogeneous_box","global_ray",4723,0.21703289
"wide_heterogeneous_box","global_ray",4727,-0.011314375
"wide_heterogeneous_box","global_ray",4731,0.29156843
"wide_heterogeneous_box","global_ray",4735,0.17366575
"wide_heterogeneous_box","global_ray",4739,-0.23283126
"wide_heterogeneous_box","global_ray",4743,-0.34893929
"wide_heterogeneous_box","global_ray",4747,0.29795714
"wide_heterogeneous_box","global_ray",4751,0.36930815
"wide_heterogeneous_box","global_ray",4755,0.072871953
"wide_heterogeneous_box","global_ray",4759,0.38193256
"wide_heterogeneous_box","global_ray",4763,0.073333919
"wide_heterogeneous_box","global_ray",4767,-0.37436806
"wide_heterogeneous_box","global_ray",4771,0.17415888
"wide_heterogeneous_box","global_ray",4775,0.22022132
"wide_heterogeneous_box","global_ray",4779,0.26630445
"wide_heterogeneous_box","global_ray",4783,-0.03146941
"wide_heterogeneous_box","global_ray",4787,-0.35625225
"wide_heterogeneous_box","global_ray",4791,0.066293883
"wide_heterogeneous_box","global_ray",4795,-0.13908724
"wide_heterogeneous_box","global_ray",4799,-0.37428538
"wide_heterogeneous_box","global_ray",4803,0.26544415
"wide_heterogeneous_box","global_ray",4807,0.25349688
"wide_heterogeneous_box","global_ray",4811,-0.0077823416
"wide_heterogeneous_box","global_ray",4815,0.38990455
"wide_heterogeneous_box","global_ray",4819,0.3629052
"wide_heterogeneous_box","global_ray",4823,-0.12401291
"wide_heterogeneous_box","global_ray",4827,-0.14033267
"wide_heterogeneous_box","global_ray",4831,-0.34685791
"wide_heterogeneous_box","global_ray",4835,-0.12501619
"wide_heterogeneous_box","global_ray",4839,0.31877209
"wide_heterogeneous_box","global_ray",4843,0.23455356
"wide_heterogeneous_box","global_ray",4847,-0.38450523
"wide_heterogeneous_box","global_ray",4851,-0.14961093
"wide_heterogeneous_box","global_ray",4855,0.044785494
"wide_heterogeneous_box","global_ray",4859,0.38520141
"wide_heterogeneous_box","global_ray",4863,-0.16714383
"wide_heterogeneous_box","global_ray",4867,0.21479732
"wide_heterogeneous_box","global_ray",4871,0.18947765
"wide_heterogeneous_box","global_ray",4875,-0.21576525
"wide_heterogeneous_box","global_ray",4879,-0.05779527
"wide_heterogeneous_box","global_ray",4883,0.21144571
"wide_heterogeneous_box","global_ray",4887,0.38655641
"wide_heterogeneous_box","global_ray",4891,-0.16397769
"wide_heterogeneous_box","global_ray",4895,0.25829845
"wide_heterogeneous_box","global_ray",4899,-0.12353771
"wide_heterogeneous_box","global_ray",4903,-0.029185981
"wide_heterogeneous_box","global_ray",4907,-0.060857885
"wide_heterogeneous_box","global_ray",4911,0.090422919
"wide_heterogeneous_box","global_ray",4915,-0.22224146
"wide_heterogeneous_box","global_ray",4919,0.086125144
"wide_heterogeneous_box","global_ray",4923,0.05932364
"wide_heterogeneous_box","global_ray",4927,0.044590624
"wide_heterogeneous_box","global_ray",4931,0.39047865
"wide_heterogeneous_box","global_ray",4935,-0.026429729
"wide_heterogeneous_box","global_ray",4939,-0.06023101
"wide_heterogeneous_box","global_ray",4943,0.24449169
"wide_heterogeneous_box","global_ray",4947,0.063663585
"wide_heterogeneous_box","global_ray",4951,0.24092535
"wide_heterogeneous_box","global_ray",4955,-0.079187444
"wide_heterogeneous_box","global_ray",4959,-0.33800258
"wide_heterogeneous_box","global_ray",4963,-0.29119467
"wide_heterogeneous_box","global_ray",4967,-0.13960854
"wide_heterogeneous_box","global_ray",4971,0.38019584
"wide_heterogeneous_box","global_ray",4975,0.10531732
"wide_heterogeneous_box","global_ray",4979,-0.41666126
"wide_heterogeneous_box","global_ray",4983,-0.31630381
"wide_heterogeneous_box","global_ray",4987,-0.17150742
"wide_heterogeneous_box","global_ray",4991,-0.088295716
"wide_heterogeneous_box","global_ray",4995,-0.28646959
"wide_heterogeneous_box","global_ray",4999,-0.1362106
"wide_heterogeneous_box","global_ray",5004,0.31744369
"wide_heterogeneous_box","global_ray",5008,0.29323973
"wide_heterogeneous_box","global_ray",5012,-0.33323678
"wide_heterogeneous_box","global_ray",5016,-0.03426235
"wide_heterogeneous_box","global_ray",5020,-0.096290518
"wide_heterogeneous_box","global_ray",5024,-0.084773085
"wide_heterogeneous_box","global_ray",5028,0.27573225
"wide_heterogeneous_box","global_ray",5032,0.17722647
"wide_heterogeneous_box","global_ray",5036,-0.26931701
"wide_heterogeneous_box","global_ray",5040,-0.17231505
"wide_heterogeneous_box","global_ray",5044,-0.059350536
"wide_heterogeneous_box","global_ray",5048,-0.19937035
"wide_heterogeneous_box","global_ray",5052,-0.37362674
"wide_heterogeneous_box","global_ray",5056,-0.14750707
"wide_heterogeneous_box","global_ray",5060,-0.28977062
"wide_heterogeneous_box","global_ray",5064,-0.15627354
"wide_heterogeneous_box","global_ray",5068,0.1715045
"wide_heterogeneous_box","global_ray",5072,0.3333157
"wide_heterogeneous_box","global_ray",5076,0.035164885
"wide_heterogeneous_box","global_ray",5080,-0.41275794
"wide_heterogeneous_box","global_ray",5084,-0.34807369
"wide_heterogeneous_box","global_ray",5088,-0.11775776
"wide_heterogeneous_box","global_ray",5092,-0.22594032
"wide_heterogeneous_box","global_ray",5096,0.048659107
"wide_heterogeneous_box","global_ray",5100,0.24319023
"wide_heterogeneous_box","global_ray",5104,-0.083153909
"wide_heterogeneous_box","global_ray",5108,-0.2894595
"wide_heterogeneous_box","global_ray",5112,0.28989849
"wide_heterogeneous_box","global_ray",5116,-0.11572001
"wide_heterogeneous_box","global_ray",5120,0.041265978
"wide_heterogeneous_box","global_ray",5124,-0.049569862
"wide_heterogeneous_box","global_ray",5128,0.16659385
"wide_heterogeneous_box","global_ray",5132,-0.29702388
"wide_heterogeneous_box","global_ray",5136,-0.26426025
"wide_heterogeneous_box","global_ray",5140,-0.16625645
"wide_heterogeneous_box","global_ray",5144,0.053319142
"wide_heterogeneous_box","global_ray",5148,0.063938242
"wide_heterogeneous_box","global_ray",5152,0.24163273
"wide_heterogeneous_box","global_ray",5156,-0.43386628
"wide_heterogeneous_box","global_ray",5160,-0.085694
"wide_heterogeneous_box","global_ray",5164,0.052865152
"wide_heterogeneous_box","global_ray",5168,-0.33635776
"wide_heterogeneous_box","global_ray",5172,0.2584158
"wide_heterogeneous_box","global_ray",5176,-0.42020623
"wide_heterogeneous_box","global_ray",5180,-0.12835356
"wide_heterogeneous_box","global_ray",5184,-0.25666344
"wide_heterogeneous_box","global_ray",5188,0.29934822
"wide_heterogeneous_box","global_ray",5192,0.030509937
"wide_heterogeneous_box","global_ray",5196,0.20302859
"wide_heterogeneous_box","global_ray",5200,-0.26312161
"wide_heterogeneous_box","global_ray",5204,0.33709688
"wide_heterogeneous_box","global_ray",5208,-0.055939404
"wide_heterogeneous_box","global_ray",5212,0.099878259
"wide_heterogeneous_box","global_ray",5216,-0.24122971
"wide_heterogeneous_box","global_ray",5220,-0.19890359
"wide_heterogeneous_box","global_ray",5224,-0.040164713
"wide_heterogeneous_box","global_ray",5228,-0.029939193
"wide_heterogeneous_box","global_ray",5232,0.37328675
"wide_heterogeneous_box","global_ray",5236,0.33096217
"wide_heterogeneous_box","global_ray",5240,0.17160118
"wide_heterogeneous_box","global_ray",5244,0.090769176
"wide_heterogeneous_box","global_ray",5248,0.049846413
"wide_heterogeneous_box","global_ray",5252,-0.068890314
"wide_heterogeneous_box","global_ray",5256,-0.42031795
"wide_heterogeneous_box","global_ray",5260,0.16689102
"wide_heterogeneous_box","global_ray",5264,-0.30059287
"wide_heterogeneous_box","global_ray",5268,0.33058089
"wide_heterogeneous_box","global_ray",5272,0.22892648
"wide_heterogeneous_box","global_ray",5276,-0.38261739
"wide_heterogeneous_box","global_ray",5280,-0.22437128
"wide_heterogeneous_box","global_ray",5284,-0.30103315
"wide_heterogeneous_box","global_ray",5288,0.23424636
"wide_heterogeneous_box","global_ray",5292,-0.088020858
"wide_heterogeneous_box","global_ray",5296,-0.20913954
"wide_heterogeneous_box","global_ray",5300,0.3174009
"wide_heterogeneous_box","global_ray",5304,-0.014829207
"wide_heterogeneous_box","global_ray",5308,0.33155178
"wide_heterogeneous_box","global_ray",5312,0.27842142
"wide_heterogeneous_box","global_ray",5316,-0.32701028
"wide_heterogeneous_box","global_ray",5320,0.29815555
"wide_heterogeneous_box","global_ray",5324,0.21776329
"wide_heterogeneous_box","global_ray",5328,0.36756763
"wide_heterogeneous_box","global_ray",5332,0.028762209
"wide_heterogeneous_box","global_ray",5336,0.17107316
"wide_heterogeneous_box","global_ray",5340,0.089863341
"wide_heterogeneous_box","global_ray",5344,-0.22009884
"wide_heterogeneous_box","global_ray",5348,0.22812178
"wide_heterogeneous_box","global_ray",5352,-0.034486904
"wide_heterogeneous_box","global_ray",5356,0.3879888
"wide_heterogeneous_box","global_ray",5360,-0.17652023
"wide_heterogeneous_box","global_ray",5364,0.10335078
"wide_heterogeneous_box","global_ray",5368,0.054318694
"wide_heterogeneous_box","global_ray",5372,0.093059332
"wide_heterogeneous_box","global_ray",5376,-0.13941936
"wide_heterogeneous_box","global_ray",5380,-0.025861614
"wide_heterogeneous_box","global_ray",5384,-0.25480351
"wide_heterogeneous_box","global_ray",5388,-0.26527659
"wide_heterogeneous_box","global_ray",5392,0.28306326
"wide_heterogeneous_box","global_ray",5396,-0.15440348
"wide_heterogeneous_box","global_ray",5400,0.16027018
"wide_heterogeneous_box","global_ray",5404,-0.38396757
"wide_heterogeneous_box","global_ray",5408,-0.34792448
"wide_heterogeneous_box","global_ray",5412,-0.37945668
"wide_heterogeneous_box","global_ray",5416,-0.14794443
"wide_heterogeneous_box","global_ray",5420,0.24784739
"wide_heterogeneous_box","global_ray",5424,0.32120579
"wide_heterogeneous_box","global_ray",5428,0.2876647
"wide_heterogeneous_box","global_ray",5432,-0.20020179
"wide_heterogeneous_box","global_ray",5436,0.37896128
"wide_heterogeneous_box","global_ray",5440,-0.23392868
"wide_heterogeneous_box","global_ray",5444,0.2734939
"wide_heterogeneous_box","global_ray",5448,0.30200487
"wide_heterogeneous_box","global_ray",5452,0.068669953
"wide_heterogeneous_box","global_ray",5456,-0.070885959
"wide_heterogeneous_box","global_ray",5460,0.13930522
"wide_heterogeneous_box","global_ray",5464,0.051087539
"wide_heterogeneous_box","global_ray",5468,-0.27747689
"wide_heterogeneous_box","global_ray",5472,0.033901112
"wide_heterogeneous_box","global_ray",5476,-0.044680184
"wide_heterogeneous_box","global_ray",5480,0.18646284
"wide_heterogeneous_box","global_ray",5484,-0.24246875
"wide_heterogeneous_box","global_ray",5488,0.14866682
"wide_heterogeneous_box","global_ray",5492,0.1040046
"wide_heterogeneous_box","global_ray",5496,-0.22835148
"wide_heterogeneous_box","global_ray",5500,-0.18223969
"wide_heterogeneous_box","global_ray",5504,0.2265137
"wide_heterogeneous_box","global_ray",5508,0.18107339
"wide_heterogeneous_box","global_ray",5512,0.15656503
"wide_heterogeneous_box","global_ray",5516,-0.057058623
"wide_heterogeneous_box","global_ray",5520,0.011925419
"wide_heterogeneous_box","global_ray",5524,-0.19255579
"wide_heterogeneous_box","global_ray",5528,-0.34842195
"wide_heterogeneous_box","global_ray",5532,-0.38459471
"wide_heterogeneous_box","global_ray",5536,0.2355797
"wide_heterogeneous_box","global_ray",5540,-0.11195985
"wide_heterogeneous_box","global_ray",5544,0.2671179
"wide_heterogeneous_box","global_ray",5548,0.21122746
"wide_heterogeneous_box","global_ray",5552,-0.073661247
"wide_heterogeneous_box","global_ray",5556,0.17065829
"wide_heterogeneous_box","global_ray",5560,0.34259033
"wide_heterogeneous_box","global_ray",5564,-0.17207266
"wide_heterogeneous_box","global_ray",5568,0.25479058
"wide_heterogeneous_box","global_ray",5572,0.0060445152
"wide_heterogeneous_box","global_ray",5576,0.025421617
"wide_heterogeneous_box","global_ray",5580,-0.26752429
"wide_heterogeneous_box","global_ray",5584,-0.18680429
"wide_heterogeneous_box","global_ray",5588,-0.31890264
"wide_heterogeneous_box","global_ray",5592,0.36611051
"wide_heterogeneous_box","global_ray",5596,-0.014401937
"wide_heterogeneous_box","global_ray",5600,0.050820757
"wide_heterogeneous_box","global_ray",5604,-0.17127665
"wide_heterogeneous_box","global_ray",5608,-0.093762641
"wide_heterogeneous_box","global_ray",5612,-0.096124798
"wide_heterogeneous_box","global_ray",5616,0.099110521
"wide_heterogeneous_box","global_ray",5620,-0.060780526
"wide_heterogeneous_box","global_ray",5624,-0.29907648
"wide_heterogeneous_box","global_ray",5628,-0.39848836
"wide_heterogeneous_box","global_ray",5632,-0.11589151
"wide_heterogeneous_box","global_ray",5636,0.34468886
"wide_heterogeneous_box","global_ray",5640,-0.30600374
"wide_heterogeneous_box","global_ray",5644,0.33666365
"wide_heterogeneous_box","global_ray",5648,0.12318849
"wide_heterogeneous_box","global_ray",5652,0.061362608
"wide_heterogeneous_box","global_ray",5656,0.11608005
"wide_heterogeneous_box","global_ray",5660,0.096673263
"wide_heterogeneous_box","global_ray",5664,0.28744719
"wide_heterogeneous_box","global_ray",5668,0.20372127
"wide_heterogeneous_box","global_ray",5672,0.34985359
"wide_heterogeneous_box","global_ray",5676,-0.017257076
"wide_heterogeneous_box","global_ray",5680,0.33445848
"wide_heterogeneous_box","global_ray",5684,-0.097183911
"wide_heterogeneous_box","global_ray",5688,-0.067212125
"wide_heterogeneous_box","global_ray",5692,0.30863661
"wide_heterogeneous_box","global_ray",5696,-0.17782983
"wide_heterogeneous_box","global_ray",5700,-0.19803767
"wide_heterogeneous_box","global_ray",5704,-0.13299021
"wide_heterogeneous_box","global_ray",5708,0.10890783
"wide_heterogeneous_box","global_ray",5712,-0.13950165
"wide_heterogeneous_box","global_ray",5716,-0.32523948
"wide_heterogeneous_box","global_ray",5720,0.062948742
"wide_heterogeneous_box","global_ray",5724,0.21280333
"wide_heterogeneous_box","global_ray",5728,0.23795104
"wide_heterogeneous_box","global_ray",5732,-0.20456103
"wide_heterogeneous_box","global_ray",5736,0.15645809
"wide_heterogeneous_box","global_ray",5740,0.30046319
"wide_heterogeneous_box","global_ray",5744,0.16966138
"wide_heterogeneous_box","global_ray",5748,0.12192571
"wide_heterogeneous_box","global_ray",5752,-0.14114244
"wide_heterogeneous_box","global_ray",5756,0.13470609
"wide_heterogeneous_box","global_ray",5760,0.22211287
"wide_heterogeneous_box","global_ray",5764,0.24438147
"wide_heterogeneous_box","global_ray",5768,0.34810961
"wide_heterogeneous_box","global_ray",5772,0.065633683
"wide_heterogeneous_box","global_ray",5776,0.16768368
"wide_heterogeneous_box","global_ray",5780,0.12351034
"wide_heterogeneous_box","global_ray",5784,0.20261111
"wide_heterogeneous_box","global_ray",5788,0.27534308
"wide_heterogeneous_box","global_ray",5792,0.06294046
"wide_heterogeneous_box","global_ray",5796,0.02911913
"wide_heterogeneous_box","global_ray",5800,-0.039012792
"wide_heterogeneous_box","global_ray",5804,-0.38937171
"wide_heterogeneous_box","global_ray",5808,-0.10193209
"wide_heterogeneous_box","global_ray",5812,0.13610885
"wide_heterogeneous_box","global_ray",5816,-0.39333224
"wide_heterogeneous_box","global_ray",5820,0.27682943
"wide_heterogeneous_box","global_ray",5824,-0.18393567
"wide_heterogeneous_box","global_ray",5828,-0.29608408
"wide_heterogeneous_box","global_ray",5832,-0.21128355
"wide_heterogeneous_box","global_ray",5836,-0.35204627
"wide_heterogeneous_box","global_ray",5840,-0.062707713
"wide_heterogeneous_box","global_ray",5844,-0.17199998
"wide_heterogeneous_box","global_ray",5848,-0.16710416
"wide_heterogeneous_box","global_ray",5852,0.11518716
"wide_heterogeneous_box","global_ray",5856,0.03498743
"wide_heterogeneous_box","global_ray",5860,0.23002528
"wide_heterogeneous_box","global_ray",5864,0.34057653
"wide_heterogeneous_box","global_ray",5868,0.12919223
"wide_heterogeneous_box","global_ray",5872,0.34516924
"wide_heterogeneous_box","global_ray",5876,-0.046873901
"wide_heterogeneous_box","global_ray",5880,-0.096250185
"wide_heterogeneous_box","global_ray",5884,-0.00082808268
"wide_heterogeneous_box","global_ray",5888,0.042207873
"wide_heterogeneous_box","global_ray",5892,0.2857993
"wide_heterogeneous_box","global_ray",5896,-0.38304729
"wide_heterogeneous_box","global_ray",5900,-0.326282
"wide_heterogeneous_box","global_ray",5904,0.33493523
"wide_heterogeneous_box","global_ray",5908,0.19948242
"wide_heterogeneous_box","global_ray",5912,-0.085246916
"wide_heterogeneous_box","global_ray",5916,-0.32023111
"wide_heterogeneous_box","global_ray",5920,-0.13371778
"wide_heterogeneous_box","global_ray",5924,0.35975
"wide_heterogeneous_box","global_ray",5928,0.31470369
"wide_heterogeneous_box","global_ray",5932,-0.060964261
"wide_heterogeneous_box","global_ray",5936,0.20566545
"wide_heterogeneous_box","global_ray",5940,-0.027089817
"wide_heterogeneous_box","global_ray",5944,-0.035517913
"wide_heterogeneous_box","global_ray",5948,-0.088865867
"wide_heterogeneous_box","global_ray",5952,0.12627539
"wide_heterogeneous_box","global_ray",5956,-0.0071092908
"wide_heterogeneous_box","global_ray",5960,0.28856756
"wide_heterogeneous_box","global_ray",5964,-0.41707235
"wide_heterogeneous_box","global_ray",5968,-0.088865525
"wide_heterogeneous_box","global_ray",5972,0.32830105
"wide_heterogeneous_box","global_ray",5976,0.15561479
"wide_heterogeneous_box","global_ray",5980,0.29608784
"wide_heterogeneous_box","global_ray",5984,-0.18059454
"wide_heterogeneous_box","global_ray",5988,-0.09789274
"wide_heterogeneous_box","global_ray",5992,-0.067085975
"wide_heterogeneous_box","global_ray",5996,-0.071759465
"wide_heterogeneous_box","global_ray",6000,-0.32315045
